date_key,date,year,quarter,month,month_name,day,day_of_week,day_name,week_of_year,day_of_year,is_weekend,season,is_holiday_season,fiscal_year
20210101,2021-01-01,2021,1,1,January,1,4,Friday,53,1,False,Winter,False,2021
20210102,2021-01-02,2021,1,1,January,2,5,Saturday,53,2,True,Winter,False,2021
20210103,2021-01-03,2021,1,1,January,3,6,Sunday,53,3,True,Winter,False,2021
20210104,2021-01-04,2021,1,1,January,4,0,Monday,1,4,False,Winter,False,2021
20210105,2021-01-05,2021,1,1,January,5,1,Tuesday,1,5,False,Winter,False,2021
20210106,2021-01-06,2021,1,1,January,6,2,Wednesday,1,6,False,Winter,False,2021
20210107,2021-01-07,2021,1,1,January,7,3,Thursday,1,7,False,Winter,False,2021
20210108,2021-01-08,2021,1,1,January,8,4,Friday,1,8,False,Winter,False,2021
20210109,2021-01-09,2021,1,1,January,9,5,Saturday,1,9,True,Winter,False,2021
20210110,2021-01-10,2021,1,1,January,10,6,Sunday,1,10,True,Winter,False,2021
20210111,2021-01-11,2021,1,1,January,11,0,Monday,2,11,False,Winter,False,2021
20210112,2021-01-12,2021,1,1,January,12,1,Tuesday,2,12,False,Winter,False,2021
20210113,2021-01-13,2021,1,1,January,13,2,Wednesday,2,13,False,Winter,False,2021
20210114,2021-01-14,2021,1,1,January,14,3,Thursday,2,14,False,Winter,False,2021
20210115,2021-01-15,2021,1,1,January,15,4,Friday,2,15,False,Winter,False,2021
20210116,2021-01-16,2021,1,1,January,16,5,Saturday,2,16,True,Winter,False,2021
20210117,2021-01-17,2021,1,1,January,17,6,Sunday,2,17,True,Winter,False,2021
20210118,2021-01-18,2021,1,1,January,18,0,Monday,3,18,False,Winter,False,2021
20210119,2021-01-19,2021,1,1,January,19,1,Tuesday,3,19,False,Winter,False,2021
20210120,2021-01-20,2021,1,1,January,20,2,Wednesday,3,20,False,Winter,False,2021
20210121,2021-01-21,2021,1,1,January,21,3,Thursday,3,21,False,Winter,False,2021
20210122,2021-01-22,2021,1,1,January,22,4,Friday,3,22,False,Winter,False,2021
20210123,2021-01-23,2021,1,1,January,23,5,Saturday,3,23,True,Winter,False,2021
20210124,2021-01-24,2021,1,1,January,24,6,Sunday,3,24,True,Winter,False,2021
20210125,2021-01-25,2021,1,1,January,25,0,Monday,4,25,False,Winter,False,2021
20210126,2021-01-26,2021,1,1,January,26,1,Tuesday,4,26,False,Winter,False,2021
20210127,2021-01-27,2021,1,1,January,27,2,Wednesday,4,27,False,Winter,False,2021
20210128,2021-01-28,2021,1,1,January,28,3,Thursday,4,28,False,Winter,False,2021
20210129,2021-01-29,2021,1,1,January,29,4,Friday,4,29,False,Winter,False,2021
20210130,2021-01-30,2021,1,1,January,30,5,Saturday,4,30,True,Winter,False,2021
20210131,2021-01-31,2021,1,1,January,31,6,Sunday,4,31,True,Winter,False,2021
20210201,2021-02-01,2021,1,2,February,1,0,Monday,5,32,False,Winter,False,2021
20210202,2021-02-02,2021,1,2,February,2,1,Tuesday,5,33,False,Winter,False,2021
20210203,2021-02-03,2021,1,2,February,3,2,Wednesday,5,34,False,Winter,False,2021
20210204,2021-02-04,2021,1,2,February,4,3,Thursday,5,35,False,Winter,False,2021
20210205,2021-02-05,2021,1,2,February,5,4,Friday,5,36,False,Winter,False,2021
20210206,2021-02-06,2021,1,2,February,6,5,Saturday,5,37,True,Winter,False,2021
20210207,2021-02-07,2021,1,2,February,7,6,Sunday,5,38,True,Winter,False,2021
20210208,2021-02-08,2021,1,2,February,8,0,Monday,6,39,False,Winter,False,2021
20210209,2021-02-09,2021,1,2,February,9,1,Tuesday,6,40,False,Winter,False,2021
20210210,2021-02-10,2021,1,2,February,10,2,Wednesday,6,41,False,Winter,False,2021
20210211,2021-02-11,2021,1,2,February,11,3,Thursday,6,42,False,Winter,False,2021
20210212,2021-02-12,2021,1,2,February,12,4,Friday,6,43,False,Winter,False,2021
20210213,2021-02-13,2021,1,2,February,13,5,Saturday,6,44,True,Winter,False,2021
20210214,2021-02-14,2021,1,2,February,14,6,Sunday,6,45,True,Winter,False,2021
20210215,2021-02-15,2021,1,2,February,15,0,Monday,7,46,False,Winter,False,2021
20210216,2021-02-16,2021,1,2,February,16,1,Tuesday,7,47,False,Winter,False,2021
20210217,2021-02-17,2021,1,2,February,17,2,Wednesday,7,48,False,Winter,False,2021
20210218,2021-02-18,2021,1,2,February,18,3,Thursday,7,49,False,Winter,False,2021
20210219,2021-02-19,2021,1,2,February,19,4,Friday,7,50,False,Winter,False,2021
20210220,2021-02-20,2021,1,2,February,20,5,Saturday,7,51,True,Winter,False,2021
20210221,2021-02-21,2021,1,2,February,21,6,Sunday,7,52,True,Winter,False,2021
20210222,2021-02-22,2021,1,2,February,22,0,Monday,8,53,False,Winter,False,2021
20210223,2021-02-23,2021,1,2,February,23,1,Tuesday,8,54,False,Winter,False,2021
20210224,2021-02-24,2021,1,2,February,24,2,Wednesday,8,55,False,Winter,False,2021
20210225,2021-02-25,2021,1,2,February,25,3,Thursday,8,56,False,Winter,False,2021
20210226,2021-02-26,2021,1,2,February,26,4,Friday,8,57,False,Winter,False,2021
20210227,2021-02-27,2021,1,2,February,27,5,Saturday,8,58,True,Winter,False,2021
20210228,2021-02-28,2021,1,2,February,28,6,Sunday,8,59,True,Winter,False,2021
20210301,2021-03-01,2021,1,3,March,1,0,Monday,9,60,False,Spring,False,2021
20210302,2021-03-02,2021,1,3,March,2,1,Tuesday,9,61,False,Spring,False,2021
20210303,2021-03-03,2021,1,3,March,3,2,Wednesday,9,62,False,Spring,False,2021
20210304,2021-03-04,2021,1,3,March,4,3,Thursday,9,63,False,Spring,False,2021
20210305,2021-03-05,2021,1,3,March,5,4,Friday,9,64,False,Spring,False,2021
20210306,2021-03-06,2021,1,3,March,6,5,Saturday,9,65,True,Spring,False,2021
20210307,2021-03-07,2021,1,3,March,7,6,Sunday,9,66,True,Spring,False,2021
20210308,2021-03-08,2021,1,3,March,8,0,Monday,10,67,False,Spring,False,2021
20210309,2021-03-09,2021,1,3,March,9,1,Tuesday,10,68,False,Spring,False,2021
20210310,2021-03-10,2021,1,3,March,10,2,Wednesday,10,69,False,Spring,False,2021
20210311,2021-03-11,2021,1,3,March,11,3,Thursday,10,70,False,Spring,False,2021
20210312,2021-03-12,2021,1,3,March,12,4,Friday,10,71,False,Spring,False,2021
20210313,2021-03-13,2021,1,3,March,13,5,Saturday,10,72,True,Spring,False,2021
20210314,2021-03-14,2021,1,3,March,14,6,Sunday,10,73,True,Spring,False,2021
20210315,2021-03-15,2021,1,3,March,15,0,Monday,11,74,False,Spring,False,2021
20210316,2021-03-16,2021,1,3,March,16,1,Tuesday,11,75,False,Spring,False,2021
20210317,2021-03-17,2021,1,3,March,17,2,Wednesday,11,76,False,Spring,False,2021
20210318,2021-03-18,2021,1,3,March,18,3,Thursday,11,77,False,Spring,False,2021
20210319,2021-03-19,2021,1,3,March,19,4,Friday,11,78,False,Spring,False,2021
20210320,2021-03-20,2021,1,3,March,20,5,Saturday,11,79,True,Spring,False,2021
20210321,2021-03-21,2021,1,3,March,21,6,Sunday,11,80,True,Spring,False,2021
20210322,2021-03-22,2021,1,3,March,22,0,Monday,12,81,False,Spring,False,2021
20210323,2021-03-23,2021,1,3,March,23,1,Tuesday,12,82,False,Spring,False,2021
20210324,2021-03-24,2021,1,3,March,24,2,Wednesday,12,83,False,Spring,False,2021
20210325,2021-03-25,2021,1,3,March,25,3,Thursday,12,84,False,Spring,False,2021
20210326,2021-03-26,2021,1,3,March,26,4,Friday,12,85,False,Spring,False,2021
20210327,2021-03-27,2021,1,3,March,27,5,Saturday,12,86,True,Spring,False,2021
20210328,2021-03-28,2021,1,3,March,28,6,Sunday,12,87,True,Spring,False,2021
20210329,2021-03-29,2021,1,3,March,29,0,Monday,13,88,False,Spring,False,2021
20210330,2021-03-30,2021,1,3,March,30,1,Tuesday,13,89,False,Spring,False,2021
20210331,2021-03-31,2021,1,3,March,31,2,Wednesday,13,90,False,Spring,False,2021
20210401,2021-04-01,2021,2,4,April,1,3,Thursday,13,91,False,Spring,False,2021
20210402,2021-04-02,2021,2,4,April,2,4,Friday,13,92,False,Spring,False,2021
20210403,2021-04-03,2021,2,4,April,3,5,Saturday,13,93,True,Spring,False,2021
20210404,2021-04-04,2021,2,4,April,4,6,Sunday,13,94,True,Spring,False,2021
20210405,2021-04-05,2021,2,4,April,5,0,Monday,14,95,False,Spring,False,2021
20210406,2021-04-06,2021,2,4,April,6,1,Tuesday,14,96,False,Spring,False,2021
20210407,2021-04-07,2021,2,4,April,7,2,Wednesday,14,97,False,Spring,False,2021
20210408,2021-04-08,2021,2,4,April,8,3,Thursday,14,98,False,Spring,False,2021
20210409,2021-04-09,2021,2,4,April,9,4,Friday,14,99,False,Spring,False,2021
20210410,2021-04-10,2021,2,4,April,10,5,Saturday,14,100,True,Spring,False,2021
20210411,2021-04-11,2021,2,4,April,11,6,Sunday,14,101,True,Spring,False,2021
20210412,2021-04-12,2021,2,4,April,12,0,Monday,15,102,False,Spring,False,2021
20210413,2021-04-13,2021,2,4,April,13,1,Tuesday,15,103,False,Spring,False,2021
20210414,2021-04-14,2021,2,4,April,14,2,Wednesday,15,104,False,Spring,False,2021
20210415,2021-04-15,2021,2,4,April,15,3,Thursday,15,105,False,Spring,False,2021
20210416,2021-04-16,2021,2,4,April,16,4,Friday,15,106,False,Spring,False,2021
20210417,2021-04-17,2021,2,4,April,17,5,Saturday,15,107,True,Spring,False,2021
20210418,2021-04-18,2021,2,4,April,18,6,Sunday,15,108,True,Spring,False,2021
20210419,2021-04-19,2021,2,4,April,19,0,Monday,16,109,False,Spring,False,2021
20210420,2021-04-20,2021,2,4,April,20,1,Tuesday,16,110,False,Spring,False,2021
20210421,2021-04-21,2021,2,4,April,21,2,Wednesday,16,111,False,Spring,False,2021
20210422,2021-04-22,2021,2,4,April,22,3,Thursday,16,112,False,Spring,False,2021
20210423,2021-04-23,2021,2,4,April,23,4,Friday,16,113,False,Spring,False,2021
20210424,2021-04-24,2021,2,4,April,24,5,Saturday,16,114,True,Spring,False,2021
20210425,2021-04-25,2021,2,4,April,25,6,Sunday,16,115,True,Spring,False,2021
20210426,2021-04-26,2021,2,4,April,26,0,Monday,17,116,False,Spring,False,2021
20210427,2021-04-27,2021,2,4,April,27,1,Tuesday,17,117,False,Spring,False,2021
20210428,2021-04-28,2021,2,4,April,28,2,Wednesday,17,118,False,Spring,False,2021
20210429,2021-04-29,2021,2,4,April,29,3,Thursday,17,119,False,Spring,False,2021
20210430,2021-04-30,2021,2,4,April,30,4,Friday,17,120,False,Spring,False,2021
20210501,2021-05-01,2021,2,5,May,1,5,Saturday,17,121,True,Spring,False,2021
20210502,2021-05-02,2021,2,5,May,2,6,Sunday,17,122,True,Spring,False,2021
20210503,2021-05-03,2021,2,5,May,3,0,Monday,18,123,False,Spring,False,2021
20210504,2021-05-04,2021,2,5,May,4,1,Tuesday,18,124,False,Spring,False,2021
20210505,2021-05-05,2021,2,5,May,5,2,Wednesday,18,125,False,Spring,False,2021
20210506,2021-05-06,2021,2,5,May,6,3,Thursday,18,126,False,Spring,False,2021
20210507,2021-05-07,2021,2,5,May,7,4,Friday,18,127,False,Spring,False,2021
20210508,2021-05-08,2021,2,5,May,8,5,Saturday,18,128,True,Spring,False,2021
20210509,2021-05-09,2021,2,5,May,9,6,Sunday,18,129,True,Spring,False,2021
20210510,2021-05-10,2021,2,5,May,10,0,Monday,19,130,False,Spring,False,2021
20210511,2021-05-11,2021,2,5,May,11,1,Tuesday,19,131,False,Spring,False,2021
20210512,2021-05-12,2021,2,5,May,12,2,Wednesday,19,132,False,Spring,False,2021
20210513,2021-05-13,2021,2,5,May,13,3,Thursday,19,133,False,Spring,False,2021
20210514,2021-05-14,2021,2,5,May,14,4,Friday,19,134,False,Spring,False,2021
20210515,2021-05-15,2021,2,5,May,15,5,Saturday,19,135,True,Spring,False,2021
20210516,2021-05-16,2021,2,5,May,16,6,Sunday,19,136,True,Spring,False,2021
20210517,2021-05-17,2021,2,5,May,17,0,Monday,20,137,False,Spring,False,2021
20210518,2021-05-18,2021,2,5,May,18,1,Tuesday,20,138,False,Spring,False,2021
20210519,2021-05-19,2021,2,5,May,19,2,Wednesday,20,139,False,Spring,False,2021
20210520,2021-05-20,2021,2,5,May,20,3,Thursday,20,140,False,Spring,False,2021
20210521,2021-05-21,2021,2,5,May,21,4,Friday,20,141,False,Spring,False,2021
20210522,2021-05-22,2021,2,5,May,22,5,Saturday,20,142,True,Spring,False,2021
20210523,2021-05-23,2021,2,5,May,23,6,Sunday,20,143,True,Spring,False,2021
20210524,2021-05-24,2021,2,5,May,24,0,Monday,21,144,False,Spring,False,2021
20210525,2021-05-25,2021,2,5,May,25,1,Tuesday,21,145,False,Spring,False,2021
20210526,2021-05-26,2021,2,5,May,26,2,Wednesday,21,146,False,Spring,False,2021
20210527,2021-05-27,2021,2,5,May,27,3,Thursday,21,147,False,Spring,False,2021
20210528,2021-05-28,2021,2,5,May,28,4,Friday,21,148,False,Spring,False,2021
20210529,2021-05-29,2021,2,5,May,29,5,Saturday,21,149,True,Spring,False,2021
20210530,2021-05-30,2021,2,5,May,30,6,Sunday,21,150,True,Spring,False,2021
20210531,2021-05-31,2021,2,5,May,31,0,Monday,22,151,False,Spring,False,2021
20210601,2021-06-01,2021,2,6,June,1,1,Tuesday,22,152,False,Summer,False,2021
20210602,2021-06-02,2021,2,6,June,2,2,Wednesday,22,153,False,Summer,False,2021
20210603,2021-06-03,2021,2,6,June,3,3,Thursday,22,154,False,Summer,False,2021
20210604,2021-06-04,2021,2,6,June,4,4,Friday,22,155,False,Summer,False,2021
20210605,2021-06-05,2021,2,6,June,5,5,Saturday,22,156,True,Summer,False,2021
20210606,2021-06-06,2021,2,6,June,6,6,Sunday,22,157,True,Summer,False,2021
20210607,2021-06-07,2021,2,6,June,7,0,Monday,23,158,False,Summer,False,2021
20210608,2021-06-08,2021,2,6,June,8,1,Tuesday,23,159,False,Summer,False,2021
20210609,2021-06-09,2021,2,6,June,9,2,Wednesday,23,160,False,Summer,False,2021
20210610,2021-06-10,2021,2,6,June,10,3,Thursday,23,161,False,Summer,False,2021
20210611,2021-06-11,2021,2,6,June,11,4,Friday,23,162,False,Summer,False,2021
20210612,2021-06-12,2021,2,6,June,12,5,Saturday,23,163,True,Summer,False,2021
20210613,2021-06-13,2021,2,6,June,13,6,Sunday,23,164,True,Summer,False,2021
20210614,2021-06-14,2021,2,6,June,14,0,Monday,24,165,False,Summer,False,2021
20210615,2021-06-15,2021,2,6,June,15,1,Tuesday,24,166,False,Summer,False,2021
20210616,2021-06-16,2021,2,6,June,16,2,Wednesday,24,167,False,Summer,False,2021
20210617,2021-06-17,2021,2,6,June,17,3,Thursday,24,168,False,Summer,False,2021
20210618,2021-06-18,2021,2,6,June,18,4,Friday,24,169,False,Summer,False,2021
20210619,2021-06-19,2021,2,6,June,19,5,Saturday,24,170,True,Summer,False,2021
20210620,2021-06-20,2021,2,6,June,20,6,Sunday,24,171,True,Summer,False,2021
20210621,2021-06-21,2021,2,6,June,21,0,Monday,25,172,False,Summer,False,2021
20210622,2021-06-22,2021,2,6,June,22,1,Tuesday,25,173,False,Summer,False,2021
20210623,2021-06-23,2021,2,6,June,23,2,Wednesday,25,174,False,Summer,False,2021
20210624,2021-06-24,2021,2,6,June,24,3,Thursday,25,175,False,Summer,False,2021
20210625,2021-06-25,2021,2,6,June,25,4,Friday,25,176,False,Summer,False,2021
20210626,2021-06-26,2021,2,6,June,26,5,Saturday,25,177,True,Summer,False,2021
20210627,2021-06-27,2021,2,6,June,27,6,Sunday,25,178,True,Summer,False,2021
20210628,2021-06-28,2021,2,6,June,28,0,Monday,26,179,False,Summer,False,2021
20210629,2021-06-29,2021,2,6,June,29,1,Tuesday,26,180,False,Summer,False,2021
20210630,2021-06-30,2021,2,6,June,30,2,Wednesday,26,181,False,Summer,False,2021
20210701,2021-07-01,2021,3,7,July,1,3,Thursday,26,182,False,Summer,False,2021
20210702,2021-07-02,2021,3,7,July,2,4,Friday,26,183,False,Summer,False,2021
20210703,2021-07-03,2021,3,7,July,3,5,Saturday,26,184,True,Summer,False,2021
20210704,2021-07-04,2021,3,7,July,4,6,Sunday,26,185,True,Summer,False,2021
20210705,2021-07-05,2021,3,7,July,5,0,Monday,27,186,False,Summer,False,2021
20210706,2021-07-06,2021,3,7,July,6,1,Tuesday,27,187,False,Summer,False,2021
20210707,2021-07-07,2021,3,7,July,7,2,Wednesday,27,188,False,Summer,False,2021
20210708,2021-07-08,2021,3,7,July,8,3,Thursday,27,189,False,Summer,False,2021
20210709,2021-07-09,2021,3,7,July,9,4,Friday,27,190,False,Summer,False,2021
20210710,2021-07-10,2021,3,7,July,10,5,Saturday,27,191,True,Summer,False,2021
20210711,2021-07-11,2021,3,7,July,11,6,Sunday,27,192,True,Summer,False,2021
20210712,2021-07-12,2021,3,7,July,12,0,Monday,28,193,False,Summer,False,2021
20210713,2021-07-13,2021,3,7,July,13,1,Tuesday,28,194,False,Summer,False,2021
20210714,2021-07-14,2021,3,7,July,14,2,Wednesday,28,195,False,Summer,False,2021
20210715,2021-07-15,2021,3,7,July,15,3,Thursday,28,196,False,Summer,False,2021
20210716,2021-07-16,2021,3,7,July,16,4,Friday,28,197,False,Summer,False,2021
20210717,2021-07-17,2021,3,7,July,17,5,Saturday,28,198,True,Summer,False,2021
20210718,2021-07-18,2021,3,7,July,18,6,Sunday,28,199,True,Summer,False,2021
20210719,2021-07-19,2021,3,7,July,19,0,Monday,29,200,False,Summer,False,2021
20210720,2021-07-20,2021,3,7,July,20,1,Tuesday,29,201,False,Summer,False,2021
20210721,2021-07-21,2021,3,7,July,21,2,Wednesday,29,202,False,Summer,False,2021
20210722,2021-07-22,2021,3,7,July,22,3,Thursday,29,203,False,Summer,False,2021
20210723,2021-07-23,2021,3,7,July,23,4,Friday,29,204,False,Summer,False,2021
20210724,2021-07-24,2021,3,7,July,24,5,Saturday,29,205,True,Summer,False,2021
20210725,2021-07-25,2021,3,7,July,25,6,Sunday,29,206,True,Summer,False,2021
20210726,2021-07-26,2021,3,7,July,26,0,Monday,30,207,False,Summer,False,2021
20210727,2021-07-27,2021,3,7,July,27,1,Tuesday,30,208,False,Summer,False,2021
20210728,2021-07-28,2021,3,7,July,28,2,Wednesday,30,209,False,Summer,False,2021
20210729,2021-07-29,2021,3,7,July,29,3,Thursday,30,210,False,Summer,False,2021
20210730,2021-07-30,2021,3,7,July,30,4,Friday,30,211,False,Summer,False,2021
20210731,2021-07-31,2021,3,7,July,31,5,Saturday,30,212,True,Summer,False,2021
20210801,2021-08-01,2021,3,8,August,1,6,Sunday,30,213,True,Summer,False,2021
20210802,2021-08-02,2021,3,8,August,2,0,Monday,31,214,False,Summer,False,2021
20210803,2021-08-03,2021,3,8,August,3,1,Tuesday,31,215,False,Summer,False,2021
20210804,2021-08-04,2021,3,8,August,4,2,Wednesday,31,216,False,Summer,False,2021
20210805,2021-08-05,2021,3,8,August,5,3,Thursday,31,217,False,Summer,False,2021
20210806,2021-08-06,2021,3,8,August,6,4,Friday,31,218,False,Summer,False,2021
20210807,2021-08-07,2021,3,8,August,7,5,Saturday,31,219,True,Summer,False,2021
20210808,2021-08-08,2021,3,8,August,8,6,Sunday,31,220,True,Summer,False,2021
20210809,2021-08-09,2021,3,8,August,9,0,Monday,32,221,False,Summer,False,2021
20210810,2021-08-10,2021,3,8,August,10,1,Tuesday,32,222,False,Summer,False,2021
20210811,2021-08-11,2021,3,8,August,11,2,Wednesday,32,223,False,Summer,False,2021
20210812,2021-08-12,2021,3,8,August,12,3,Thursday,32,224,False,Summer,False,2021
20210813,2021-08-13,2021,3,8,August,13,4,Friday,32,225,False,Summer,False,2021
20210814,2021-08-14,2021,3,8,August,14,5,Saturday,32,226,True,Summer,False,2021
20210815,2021-08-15,2021,3,8,August,15,6,Sunday,32,227,True,Summer,False,2021
20210816,2021-08-16,2021,3,8,August,16,0,Monday,33,228,False,Summer,False,2021
20210817,2021-08-17,2021,3,8,August,17,1,Tuesday,33,229,False,Summer,False,2021
20210818,2021-08-18,2021,3,8,August,18,2,Wednesday,33,230,False,Summer,False,2021
20210819,2021-08-19,2021,3,8,August,19,3,Thursday,33,231,False,Summer,False,2021
20210820,2021-08-20,2021,3,8,August,20,4,Friday,33,232,False,Summer,False,2021
20210821,2021-08-21,2021,3,8,August,21,5,Saturday,33,233,True,Summer,False,2021
20210822,2021-08-22,2021,3,8,August,22,6,Sunday,33,234,True,Summer,False,2021
20210823,2021-08-23,2021,3,8,August,23,0,Monday,34,235,False,Summer,False,2021
20210824,2021-08-24,2021,3,8,August,24,1,Tuesday,34,236,False,Summer,False,2021
20210825,2021-08-25,2021,3,8,August,25,2,Wednesday,34,237,False,Summer,False,2021
20210826,2021-08-26,2021,3,8,August,26,3,Thursday,34,238,False,Summer,False,2021
20210827,2021-08-27,2021,3,8,August,27,4,Friday,34,239,False,Summer,False,2021
20210828,2021-08-28,2021,3,8,August,28,5,Saturday,34,240,True,Summer,False,2021
20210829,2021-08-29,2021,3,8,August,29,6,Sunday,34,241,True,Summer,False,2021
20210830,2021-08-30,2021,3,8,August,30,0,Monday,35,242,False,Summer,False,2021
20210831,2021-08-31,2021,3,8,August,31,1,Tuesday,35,243,False,Summer,False,2021
20210901,2021-09-01,2021,3,9,September,1,2,Wednesday,35,244,False,Fall,False,2021
20210902,2021-09-02,2021,3,9,September,2,3,Thursday,35,245,False,Fall,False,2021
20210903,2021-09-03,2021,3,9,September,3,4,Friday,35,246,False,Fall,False,2021
20210904,2021-09-04,2021,3,9,September,4,5,Saturday,35,247,True,Fall,False,2021
20210905,2021-09-05,2021,3,9,September,5,6,Sunday,35,248,True,Fall,False,2021
20210906,2021-09-06,2021,3,9,September,6,0,Monday,36,249,False,Fall,False,2021
20210907,2021-09-07,2021,3,9,September,7,1,Tuesday,36,250,False,Fall,False,2021
20210908,2021-09-08,2021,3,9,September,8,2,Wednesday,36,251,False,Fall,False,2021
20210909,2021-09-09,2021,3,9,September,9,3,Thursday,36,252,False,Fall,False,2021
20210910,2021-09-10,2021,3,9,September,10,4,Friday,36,253,False,Fall,False,2021
20210911,2021-09-11,2021,3,9,September,11,5,Saturday,36,254,True,Fall,False,2021
20210912,2021-09-12,2021,3,9,September,12,6,Sunday,36,255,True,Fall,False,2021
20210913,2021-09-13,2021,3,9,September,13,0,Monday,37,256,False,Fall,False,2021
20210914,2021-09-14,2021,3,9,September,14,1,Tuesday,37,257,False,Fall,False,2021
20210915,2021-09-15,2021,3,9,September,15,2,Wednesday,37,258,False,Fall,False,2021
20210916,2021-09-16,2021,3,9,September,16,3,Thursday,37,259,False,Fall,False,2021
20210917,2021-09-17,2021,3,9,September,17,4,Friday,37,260,False,Fall,False,2021
20210918,2021-09-18,2021,3,9,September,18,5,Saturday,37,261,True,Fall,False,2021
20210919,2021-09-19,2021,3,9,September,19,6,Sunday,37,262,True,Fall,False,2021
20210920,2021-09-20,2021,3,9,September,20,0,Monday,38,263,False,Fall,False,2021
20210921,2021-09-21,2021,3,9,September,21,1,Tuesday,38,264,False,Fall,False,2021
20210922,2021-09-22,2021,3,9,September,22,2,Wednesday,38,265,False,Fall,False,2021
20210923,2021-09-23,2021,3,9,September,23,3,Thursday,38,266,False,Fall,False,2021
20210924,2021-09-24,2021,3,9,September,24,4,Friday,38,267,False,Fall,False,2021
20210925,2021-09-25,2021,3,9,September,25,5,Saturday,38,268,True,Fall,False,2021
20210926,2021-09-26,2021,3,9,September,26,6,Sunday,38,269,True,Fall,False,2021
20210927,2021-09-27,2021,3,9,September,27,0,Monday,39,270,False,Fall,False,2021
20210928,2021-09-28,2021,3,9,September,28,1,Tuesday,39,271,False,Fall,False,2021
20210929,2021-09-29,2021,3,9,September,29,2,Wednesday,39,272,False,Fall,False,2021
20210930,2021-09-30,2021,3,9,September,30,3,Thursday,39,273,False,Fall,False,2021
20211001,2021-10-01,2021,4,10,October,1,4,Friday,39,274,False,Fall,False,2021
20211002,2021-10-02,2021,4,10,October,2,5,Saturday,39,275,True,Fall,False,2021
20211003,2021-10-03,2021,4,10,October,3,6,Sunday,39,276,True,Fall,False,2021
20211004,2021-10-04,2021,4,10,October,4,0,Monday,40,277,False,Fall,False,2021
20211005,2021-10-05,2021,4,10,October,5,1,Tuesday,40,278,False,Fall,False,2021
20211006,2021-10-06,2021,4,10,October,6,2,Wednesday,40,279,False,Fall,False,2021
20211007,2021-10-07,2021,4,10,October,7,3,Thursday,40,280,False,Fall,False,2021
20211008,2021-10-08,2021,4,10,October,8,4,Friday,40,281,False,Fall,False,2021
20211009,2021-10-09,2021,4,10,October,9,5,Saturday,40,282,True,Fall,False,2021
20211010,2021-10-10,2021,4,10,October,10,6,Sunday,40,283,True,Fall,False,2021
20211011,2021-10-11,2021,4,10,October,11,0,Monday,41,284,False,Fall,False,2021
20211012,2021-10-12,2021,4,10,October,12,1,Tuesday,41,285,False,Fall,False,2021
20211013,2021-10-13,2021,4,10,October,13,2,Wednesday,41,286,False,Fall,False,2021
20211014,2021-10-14,2021,4,10,October,14,3,Thursday,41,287,False,Fall,False,2021
20211015,2021-10-15,2021,4,10,October,15,4,Friday,41,288,False,Fall,False,2021
20211016,2021-10-16,2021,4,10,October,16,5,Saturday,41,289,True,Fall,False,2021
20211017,2021-10-17,2021,4,10,October,17,6,Sunday,41,290,True,Fall,False,2021
20211018,2021-10-18,2021,4,10,October,18,0,Monday,42,291,False,Fall,False,2021
20211019,2021-10-19,2021,4,10,October,19,1,Tuesday,42,292,False,Fall,False,2021
20211020,2021-10-20,2021,4,10,October,20,2,Wednesday,42,293,False,Fall,False,2021
20211021,2021-10-21,2021,4,10,October,21,3,Thursday,42,294,False,Fall,False,2021
20211022,2021-10-22,2021,4,10,October,22,4,Friday,42,295,False,Fall,False,2021
20211023,2021-10-23,2021,4,10,October,23,5,Saturday,42,296,True,Fall,False,2021
20211024,2021-10-24,2021,4,10,October,24,6,Sunday,42,297,True,Fall,False,2021
20211025,2021-10-25,2021,4,10,October,25,0,Monday,43,298,False,Fall,False,2021
20211026,2021-10-26,2021,4,10,October,26,1,Tuesday,43,299,False,Fall,False,2021
20211027,2021-10-27,2021,4,10,October,27,2,Wednesday,43,300,False,Fall,False,2021
20211028,2021-10-28,2021,4,10,October,28,3,Thursday,43,301,False,Fall,False,2021
20211029,2021-10-29,2021,4,10,October,29,4,Friday,43,302,False,Fall,False,2021
20211030,2021-10-30,2021,4,10,October,30,5,Saturday,43,303,True,Fall,False,2021
20211031,2021-10-31,2021,4,10,October,31,6,Sunday,43,304,True,Fall,False,2021
20211101,2021-11-01,2021,4,11,November,1,0,Monday,44,305,False,Fall,True,2021
20211102,2021-11-02,2021,4,11,November,2,1,Tuesday,44,306,False,Fall,True,2021
20211103,2021-11-03,2021,4,11,November,3,2,Wednesday,44,307,False,Fall,True,2021
20211104,2021-11-04,2021,4,11,November,4,3,Thursday,44,308,False,Fall,True,2021
20211105,2021-11-05,2021,4,11,November,5,4,Friday,44,309,False,Fall,True,2021
20211106,2021-11-06,2021,4,11,November,6,5,Saturday,44,310,True,Fall,True,2021
20211107,2021-11-07,2021,4,11,November,7,6,Sunday,44,311,True,Fall,True,2021
20211108,2021-11-08,2021,4,11,November,8,0,Monday,45,312,False,Fall,True,2021
20211109,2021-11-09,2021,4,11,November,9,1,Tuesday,45,313,False,Fall,True,2021
20211110,2021-11-10,2021,4,11,November,10,2,Wednesday,45,314,False,Fall,True,2021
20211111,2021-11-11,2021,4,11,November,11,3,Thursday,45,315,False,Fall,True,2021
20211112,2021-11-12,2021,4,11,November,12,4,Friday,45,316,False,Fall,True,2021
20211113,2021-11-13,2021,4,11,November,13,5,Saturday,45,317,True,Fall,True,2021
20211114,2021-11-14,2021,4,11,November,14,6,Sunday,45,318,True,Fall,True,2021
20211115,2021-11-15,2021,4,11,November,15,0,Monday,46,319,False,Fall,True,2021
20211116,2021-11-16,2021,4,11,November,16,1,Tuesday,46,320,False,Fall,True,2021
20211117,2021-11-17,2021,4,11,November,17,2,Wednesday,46,321,False,Fall,True,2021
20211118,2021-11-18,2021,4,11,November,18,3,Thursday,46,322,False,Fall,True,2021
20211119,2021-11-19,2021,4,11,November,19,4,Friday,46,323,False,Fall,True,2021
20211120,2021-11-20,2021,4,11,November,20,5,Saturday,46,324,True,Fall,True,2021
20211121,2021-11-21,2021,4,11,November,21,6,Sunday,46,325,True,Fall,True,2021
20211122,2021-11-22,2021,4,11,November,22,0,Monday,47,326,False,Fall,True,2021
20211123,2021-11-23,2021,4,11,November,23,1,Tuesday,47,327,False,Fall,True,2021
20211124,2021-11-24,2021,4,11,November,24,2,Wednesday,47,328,False,Fall,True,2021
20211125,2021-11-25,2021,4,11,November,25,3,Thursday,47,329,False,Fall,True,2021
20211126,2021-11-26,2021,4,11,November,26,4,Friday,47,330,False,Fall,True,2021
20211127,2021-11-27,2021,4,11,November,27,5,Saturday,47,331,True,Fall,True,2021
20211128,2021-11-28,2021,4,11,November,28,6,Sunday,47,332,True,Fall,True,2021
20211129,2021-11-29,2021,4,11,November,29,0,Monday,48,333,False,Fall,True,2021
20211130,2021-11-30,2021,4,11,November,30,1,Tuesday,48,334,False,Fall,True,2021
20211201,2021-12-01,2021,4,12,December,1,2,Wednesday,48,335,False,Winter,True,2021
20211202,2021-12-02,2021,4,12,December,2,3,Thursday,48,336,False,Winter,True,2021
20211203,2021-12-03,2021,4,12,December,3,4,Friday,48,337,False,Winter,True,2021
20211204,2021-12-04,2021,4,12,December,4,5,Saturday,48,338,True,Winter,True,2021
20211205,2021-12-05,2021,4,12,December,5,6,Sunday,48,339,True,Winter,True,2021
20211206,2021-12-06,2021,4,12,December,6,0,Monday,49,340,False,Winter,True,2021
20211207,2021-12-07,2021,4,12,December,7,1,Tuesday,49,341,False,Winter,True,2021
20211208,2021-12-08,2021,4,12,December,8,2,Wednesday,49,342,False,Winter,True,2021
20211209,2021-12-09,2021,4,12,December,9,3,Thursday,49,343,False,Winter,True,2021
20211210,2021-12-10,2021,4,12,December,10,4,Friday,49,344,False,Winter,True,2021
20211211,2021-12-11,2021,4,12,December,11,5,Saturday,49,345,True,Winter,True,2021
20211212,2021-12-12,2021,4,12,December,12,6,Sunday,49,346,True,Winter,True,2021
20211213,2021-12-13,2021,4,12,December,13,0,Monday,50,347,False,Winter,True,2021
20211214,2021-12-14,2021,4,12,December,14,1,Tuesday,50,348,False,Winter,True,2021
20211215,2021-12-15,2021,4,12,December,15,2,Wednesday,50,349,False,Winter,True,2021
20211216,2021-12-16,2021,4,12,December,16,3,Thursday,50,350,False,Winter,True,2021
20211217,2021-12-17,2021,4,12,December,17,4,Friday,50,351,False,Winter,True,2021
20211218,2021-12-18,2021,4,12,December,18,5,Saturday,50,352,True,Winter,True,2021
20211219,2021-12-19,2021,4,12,December,19,6,Sunday,50,353,True,Winter,True,2021
20211220,2021-12-20,2021,4,12,December,20,0,Monday,51,354,False,Winter,True,2021
20211221,2021-12-21,2021,4,12,December,21,1,Tuesday,51,355,False,Winter,True,2021
20211222,2021-12-22,2021,4,12,December,22,2,Wednesday,51,356,False,Winter,True,2021
20211223,2021-12-23,2021,4,12,December,23,3,Thursday,51,357,False,Winter,True,2021
20211224,2021-12-24,2021,4,12,December,24,4,Friday,51,358,False,Winter,True,2021
20211225,2021-12-25,2021,4,12,December,25,5,Saturday,51,359,True,Winter,True,2021
20211226,2021-12-26,2021,4,12,December,26,6,Sunday,51,360,True,Winter,True,2021
20211227,2021-12-27,2021,4,12,December,27,0,Monday,52,361,False,Winter,True,2021
20211228,2021-12-28,2021,4,12,December,28,1,Tuesday,52,362,False,Winter,True,2021
20211229,2021-12-29,2021,4,12,December,29,2,Wednesday,52,363,False,Winter,True,2021
20211230,2021-12-30,2021,4,12,December,30,3,Thursday,52,364,False,Winter,True,2021
20211231,2021-12-31,2021,4,12,December,31,4,Friday,52,365,False,Winter,True,2021
20220101,2022-01-01,2022,1,1,January,1,5,Saturday,52,1,True,Winter,False,2022
20220102,2022-01-02,2022,1,1,January,2,6,Sunday,52,2,True,Winter,False,2022
20220103,2022-01-03,2022,1,1,January,3,0,Monday,1,3,False,Winter,False,2022
20220104,2022-01-04,2022,1,1,January,4,1,Tuesday,1,4,False,Winter,False,2022
20220105,2022-01-05,2022,1,1,January,5,2,Wednesday,1,5,False,Winter,False,2022
20220106,2022-01-06,2022,1,1,January,6,3,Thursday,1,6,False,Winter,False,2022
20220107,2022-01-07,2022,1,1,January,7,4,Friday,1,7,False,Winter,False,2022
20220108,2022-01-08,2022,1,1,January,8,5,Saturday,1,8,True,Winter,False,2022
20220109,2022-01-09,2022,1,1,January,9,6,Sunday,1,9,True,Winter,False,2022
20220110,2022-01-10,2022,1,1,January,10,0,Monday,2,10,False,Winter,False,2022
20220111,2022-01-11,2022,1,1,January,11,1,Tuesday,2,11,False,Winter,False,2022
20220112,2022-01-12,2022,1,1,January,12,2,Wednesday,2,12,False,Winter,False,2022
20220113,2022-01-13,2022,1,1,January,13,3,Thursday,2,13,False,Winter,False,2022
20220114,2022-01-14,2022,1,1,January,14,4,Friday,2,14,False,Winter,False,2022
20220115,2022-01-15,2022,1,1,January,15,5,Saturday,2,15,True,Winter,False,2022
20220116,2022-01-16,2022,1,1,January,16,6,Sunday,2,16,True,Winter,False,2022
20220117,2022-01-17,2022,1,1,January,17,0,Monday,3,17,False,Winter,False,2022
20220118,2022-01-18,2022,1,1,January,18,1,Tuesday,3,18,False,Winter,False,2022
20220119,2022-01-19,2022,1,1,January,19,2,Wednesday,3,19,False,Winter,False,2022
20220120,2022-01-20,2022,1,1,January,20,3,Thursday,3,20,False,Winter,False,2022
20220121,2022-01-21,2022,1,1,January,21,4,Friday,3,21,False,Winter,False,2022
20220122,2022-01-22,2022,1,1,January,22,5,Saturday,3,22,True,Winter,False,2022
20220123,2022-01-23,2022,1,1,January,23,6,Sunday,3,23,True,Winter,False,2022
20220124,2022-01-24,2022,1,1,January,24,0,Monday,4,24,False,Winter,False,2022
20220125,2022-01-25,2022,1,1,January,25,1,Tuesday,4,25,False,Winter,False,2022
20220126,2022-01-26,2022,1,1,January,26,2,Wednesday,4,26,False,Winter,False,2022
20220127,2022-01-27,2022,1,1,January,27,3,Thursday,4,27,False,Winter,False,2022
20220128,2022-01-28,2022,1,1,January,28,4,Friday,4,28,False,Winter,False,2022
20220129,2022-01-29,2022,1,1,January,29,5,Saturday,4,29,True,Winter,False,2022
20220130,2022-01-30,2022,1,1,January,30,6,Sunday,4,30,True,Winter,False,2022
20220131,2022-01-31,2022,1,1,January,31,0,Monday,5,31,False,Winter,False,2022
20220201,2022-02-01,2022,1,2,February,1,1,Tuesday,5,32,False,Winter,False,2022
20220202,2022-02-02,2022,1,2,February,2,2,Wednesday,5,33,False,Winter,False,2022
20220203,2022-02-03,2022,1,2,February,3,3,Thursday,5,34,False,Winter,False,2022
20220204,2022-02-04,2022,1,2,February,4,4,Friday,5,35,False,Winter,False,2022
20220205,2022-02-05,2022,1,2,February,5,5,Saturday,5,36,True,Winter,False,2022
20220206,2022-02-06,2022,1,2,February,6,6,Sunday,5,37,True,Winter,False,2022
20220207,2022-02-07,2022,1,2,February,7,0,Monday,6,38,False,Winter,False,2022
20220208,2022-02-08,2022,1,2,February,8,1,Tuesday,6,39,False,Winter,False,2022
20220209,2022-02-09,2022,1,2,February,9,2,Wednesday,6,40,False,Winter,False,2022
20220210,2022-02-10,2022,1,2,February,10,3,Thursday,6,41,False,Winter,False,2022
20220211,2022-02-11,2022,1,2,February,11,4,Friday,6,42,False,Winter,False,2022
20220212,2022-02-12,2022,1,2,February,12,5,Saturday,6,43,True,Winter,False,2022
20220213,2022-02-13,2022,1,2,February,13,6,Sunday,6,44,True,Winter,False,2022
20220214,2022-02-14,2022,1,2,February,14,0,Monday,7,45,False,Winter,False,2022
20220215,2022-02-15,2022,1,2,February,15,1,Tuesday,7,46,False,Winter,False,2022
20220216,2022-02-16,2022,1,2,February,16,2,Wednesday,7,47,False,Winter,False,2022
20220217,2022-02-17,2022,1,2,February,17,3,Thursday,7,48,False,Winter,False,2022
20220218,2022-02-18,2022,1,2,February,18,4,Friday,7,49,False,Winter,False,2022
20220219,2022-02-19,2022,1,2,February,19,5,Saturday,7,50,True,Winter,False,2022
20220220,2022-02-20,2022,1,2,February,20,6,Sunday,7,51,True,Winter,False,2022
20220221,2022-02-21,2022,1,2,February,21,0,Monday,8,52,False,Winter,False,2022
20220222,2022-02-22,2022,1,2,February,22,1,Tuesday,8,53,False,Winter,False,2022
20220223,2022-02-23,2022,1,2,February,23,2,Wednesday,8,54,False,Winter,False,2022
20220224,2022-02-24,2022,1,2,February,24,3,Thursday,8,55,False,Winter,False,2022
20220225,2022-02-25,2022,1,2,February,25,4,Friday,8,56,False,Winter,False,2022
20220226,2022-02-26,2022,1,2,February,26,5,Saturday,8,57,True,Winter,False,2022
20220227,2022-02-27,2022,1,2,February,27,6,Sunday,8,58,True,Winter,False,2022
20220228,2022-02-28,2022,1,2,February,28,0,Monday,9,59,False,Winter,False,2022
20220301,2022-03-01,2022,1,3,March,1,1,Tuesday,9,60,False,Spring,False,2022
20220302,2022-03-02,2022,1,3,March,2,2,Wednesday,9,61,False,Spring,False,2022
20220303,2022-03-03,2022,1,3,March,3,3,Thursday,9,62,False,Spring,False,2022
20220304,2022-03-04,2022,1,3,March,4,4,Friday,9,63,False,Spring,False,2022
20220305,2022-03-05,2022,1,3,March,5,5,Saturday,9,64,True,Spring,False,2022
20220306,2022-03-06,2022,1,3,March,6,6,Sunday,9,65,True,Spring,False,2022
20220307,2022-03-07,2022,1,3,March,7,0,Monday,10,66,False,Spring,False,2022
20220308,2022-03-08,2022,1,3,March,8,1,Tuesday,10,67,False,Spring,False,2022
20220309,2022-03-09,2022,1,3,March,9,2,Wednesday,10,68,False,Spring,False,2022
20220310,2022-03-10,2022,1,3,March,10,3,Thursday,10,69,False,Spring,False,2022
20220311,2022-03-11,2022,1,3,March,11,4,Friday,10,70,False,Spring,False,2022
20220312,2022-03-12,2022,1,3,March,12,5,Saturday,10,71,True,Spring,False,2022
20220313,2022-03-13,2022,1,3,March,13,6,Sunday,10,72,True,Spring,False,2022
20220314,2022-03-14,2022,1,3,March,14,0,Monday,11,73,False,Spring,False,2022
20220315,2022-03-15,2022,1,3,March,15,1,Tuesday,11,74,False,Spring,False,2022
20220316,2022-03-16,2022,1,3,March,16,2,Wednesday,11,75,False,Spring,False,2022
20220317,2022-03-17,2022,1,3,March,17,3,Thursday,11,76,False,Spring,False,2022
20220318,2022-03-18,2022,1,3,March,18,4,Friday,11,77,False,Spring,False,2022
20220319,2022-03-19,2022,1,3,March,19,5,Saturday,11,78,True,Spring,False,2022
20220320,2022-03-20,2022,1,3,March,20,6,Sunday,11,79,True,Spring,False,2022
20220321,2022-03-21,2022,1,3,March,21,0,Monday,12,80,False,Spring,False,2022
20220322,2022-03-22,2022,1,3,March,22,1,Tuesday,12,81,False,Spring,False,2022
20220323,2022-03-23,2022,1,3,March,23,2,Wednesday,12,82,False,Spring,False,2022
20220324,2022-03-24,2022,1,3,March,24,3,Thursday,12,83,False,Spring,False,2022
20220325,2022-03-25,2022,1,3,March,25,4,Friday,12,84,False,Spring,False,2022
20220326,2022-03-26,2022,1,3,March,26,5,Saturday,12,85,True,Spring,False,2022
20220327,2022-03-27,2022,1,3,March,27,6,Sunday,12,86,True,Spring,False,2022
20220328,2022-03-28,2022,1,3,March,28,0,Monday,13,87,False,Spring,False,2022
20220329,2022-03-29,2022,1,3,March,29,1,Tuesday,13,88,False,Spring,False,2022
20220330,2022-03-30,2022,1,3,March,30,2,Wednesday,13,89,False,Spring,False,2022
20220331,2022-03-31,2022,1,3,March,31,3,Thursday,13,90,False,Spring,False,2022
20220401,2022-04-01,2022,2,4,April,1,4,Friday,13,91,False,Spring,False,2022
20220402,2022-04-02,2022,2,4,April,2,5,Saturday,13,92,True,Spring,False,2022
20220403,2022-04-03,2022,2,4,April,3,6,Sunday,13,93,True,Spring,False,2022
20220404,2022-04-04,2022,2,4,April,4,0,Monday,14,94,False,Spring,False,2022
20220405,2022-04-05,2022,2,4,April,5,1,Tuesday,14,95,False,Spring,False,2022
20220406,2022-04-06,2022,2,4,April,6,2,Wednesday,14,96,False,Spring,False,2022
20220407,2022-04-07,2022,2,4,April,7,3,Thursday,14,97,False,Spring,False,2022
20220408,2022-04-08,2022,2,4,April,8,4,Friday,14,98,False,Spring,False,2022
20220409,2022-04-09,2022,2,4,April,9,5,Saturday,14,99,True,Spring,False,2022
20220410,2022-04-10,2022,2,4,April,10,6,Sunday,14,100,True,Spring,False,2022
20220411,2022-04-11,2022,2,4,April,11,0,Monday,15,101,False,Spring,False,2022
20220412,2022-04-12,2022,2,4,April,12,1,Tuesday,15,102,False,Spring,False,2022
20220413,2022-04-13,2022,2,4,April,13,2,Wednesday,15,103,False,Spring,False,2022
20220414,2022-04-14,2022,2,4,April,14,3,Thursday,15,104,False,Spring,False,2022
20220415,2022-04-15,2022,2,4,April,15,4,Friday,15,105,False,Spring,False,2022
20220416,2022-04-16,2022,2,4,April,16,5,Saturday,15,106,True,Spring,False,2022
20220417,2022-04-17,2022,2,4,April,17,6,Sunday,15,107,True,Spring,False,2022
20220418,2022-04-18,2022,2,4,April,18,0,Monday,16,108,False,Spring,False,2022
20220419,2022-04-19,2022,2,4,April,19,1,Tuesday,16,109,False,Spring,False,2022
20220420,2022-04-20,2022,2,4,April,20,2,Wednesday,16,110,False,Spring,False,2022
20220421,2022-04-21,2022,2,4,April,21,3,Thursday,16,111,False,Spring,False,2022
20220422,2022-04-22,2022,2,4,April,22,4,Friday,16,112,False,Spring,False,2022
20220423,2022-04-23,2022,2,4,April,23,5,Saturday,16,113,True,Spring,False,2022
20220424,2022-04-24,2022,2,4,April,24,6,Sunday,16,114,True,Spring,False,2022
20220425,2022-04-25,2022,2,4,April,25,0,Monday,17,115,False,Spring,False,2022
20220426,2022-04-26,2022,2,4,April,26,1,Tuesday,17,116,False,Spring,False,2022
20220427,2022-04-27,2022,2,4,April,27,2,Wednesday,17,117,False,Spring,False,2022
20220428,2022-04-28,2022,2,4,April,28,3,Thursday,17,118,False,Spring,False,2022
20220429,2022-04-29,2022,2,4,April,29,4,Friday,17,119,False,Spring,False,2022
20220430,2022-04-30,2022,2,4,April,30,5,Saturday,17,120,True,Spring,False,2022
20220501,2022-05-01,2022,2,5,May,1,6,Sunday,17,121,True,Spring,False,2022
20220502,2022-05-02,2022,2,5,May,2,0,Monday,18,122,False,Spring,False,2022
20220503,2022-05-03,2022,2,5,May,3,1,Tuesday,18,123,False,Spring,False,2022
20220504,2022-05-04,2022,2,5,May,4,2,Wednesday,18,124,False,Spring,False,2022
20220505,2022-05-05,2022,2,5,May,5,3,Thursday,18,125,False,Spring,False,2022
20220506,2022-05-06,2022,2,5,May,6,4,Friday,18,126,False,Spring,False,2022
20220507,2022-05-07,2022,2,5,May,7,5,Saturday,18,127,True,Spring,False,2022
20220508,2022-05-08,2022,2,5,May,8,6,Sunday,18,128,True,Spring,False,2022
20220509,2022-05-09,2022,2,5,May,9,0,Monday,19,129,False,Spring,False,2022
20220510,2022-05-10,2022,2,5,May,10,1,Tuesday,19,130,False,Spring,False,2022
20220511,2022-05-11,2022,2,5,May,11,2,Wednesday,19,131,False,Spring,False,2022
20220512,2022-05-12,2022,2,5,May,12,3,Thursday,19,132,False,Spring,False,2022
20220513,2022-05-13,2022,2,5,May,13,4,Friday,19,133,False,Spring,False,2022
20220514,2022-05-14,2022,2,5,May,14,5,Saturday,19,134,True,Spring,False,2022
20220515,2022-05-15,2022,2,5,May,15,6,Sunday,19,135,True,Spring,False,2022
20220516,2022-05-16,2022,2,5,May,16,0,Monday,20,136,False,Spring,False,2022
20220517,2022-05-17,2022,2,5,May,17,1,Tuesday,20,137,False,Spring,False,2022
20220518,2022-05-18,2022,2,5,May,18,2,Wednesday,20,138,False,Spring,False,2022
20220519,2022-05-19,2022,2,5,May,19,3,Thursday,20,139,False,Spring,False,2022
20220520,2022-05-20,2022,2,5,May,20,4,Friday,20,140,False,Spring,False,2022
20220521,2022-05-21,2022,2,5,May,21,5,Saturday,20,141,True,Spring,False,2022
20220522,2022-05-22,2022,2,5,May,22,6,Sunday,20,142,True,Spring,False,2022
20220523,2022-05-23,2022,2,5,May,23,0,Monday,21,143,False,Spring,False,2022
20220524,2022-05-24,2022,2,5,May,24,1,Tuesday,21,144,False,Spring,False,2022
20220525,2022-05-25,2022,2,5,May,25,2,Wednesday,21,145,False,Spring,False,2022
20220526,2022-05-26,2022,2,5,May,26,3,Thursday,21,146,False,Spring,False,2022
20220527,2022-05-27,2022,2,5,May,27,4,Friday,21,147,False,Spring,False,2022
20220528,2022-05-28,2022,2,5,May,28,5,Saturday,21,148,True,Spring,False,2022
20220529,2022-05-29,2022,2,5,May,29,6,Sunday,21,149,True,Spring,False,2022
20220530,2022-05-30,2022,2,5,May,30,0,Monday,22,150,False,Spring,False,2022
20220531,2022-05-31,2022,2,5,May,31,1,Tuesday,22,151,False,Spring,False,2022
20220601,2022-06-01,2022,2,6,June,1,2,Wednesday,22,152,False,Summer,False,2022
20220602,2022-06-02,2022,2,6,June,2,3,Thursday,22,153,False,Summer,False,2022
20220603,2022-06-03,2022,2,6,June,3,4,Friday,22,154,False,Summer,False,2022
20220604,2022-06-04,2022,2,6,June,4,5,Saturday,22,155,True,Summer,False,2022
20220605,2022-06-05,2022,2,6,June,5,6,Sunday,22,156,True,Summer,False,2022
20220606,2022-06-06,2022,2,6,June,6,0,Monday,23,157,False,Summer,False,2022
20220607,2022-06-07,2022,2,6,June,7,1,Tuesday,23,158,False,Summer,False,2022
20220608,2022-06-08,2022,2,6,June,8,2,Wednesday,23,159,False,Summer,False,2022
20220609,2022-06-09,2022,2,6,June,9,3,Thursday,23,160,False,Summer,False,2022
20220610,2022-06-10,2022,2,6,June,10,4,Friday,23,161,False,Summer,False,2022
20220611,2022-06-11,2022,2,6,June,11,5,Saturday,23,162,True,Summer,False,2022
20220612,2022-06-12,2022,2,6,June,12,6,Sunday,23,163,True,Summer,False,2022
20220613,2022-06-13,2022,2,6,June,13,0,Monday,24,164,False,Summer,False,2022
20220614,2022-06-14,2022,2,6,June,14,1,Tuesday,24,165,False,Summer,False,2022
20220615,2022-06-15,2022,2,6,June,15,2,Wednesday,24,166,False,Summer,False,2022
20220616,2022-06-16,2022,2,6,June,16,3,Thursday,24,167,False,Summer,False,2022
20220617,2022-06-17,2022,2,6,June,17,4,Friday,24,168,False,Summer,False,2022
20220618,2022-06-18,2022,2,6,June,18,5,Saturday,24,169,True,Summer,False,2022
20220619,2022-06-19,2022,2,6,June,19,6,Sunday,24,170,True,Summer,False,2022
20220620,2022-06-20,2022,2,6,June,20,0,Monday,25,171,False,Summer,False,2022
20220621,2022-06-21,2022,2,6,June,21,1,Tuesday,25,172,False,Summer,False,2022
20220622,2022-06-22,2022,2,6,June,22,2,Wednesday,25,173,False,Summer,False,2022
20220623,2022-06-23,2022,2,6,June,23,3,Thursday,25,174,False,Summer,False,2022
20220624,2022-06-24,2022,2,6,June,24,4,Friday,25,175,False,Summer,False,2022
20220625,2022-06-25,2022,2,6,June,25,5,Saturday,25,176,True,Summer,False,2022
20220626,2022-06-26,2022,2,6,June,26,6,Sunday,25,177,True,Summer,False,2022
20220627,2022-06-27,2022,2,6,June,27,0,Monday,26,178,False,Summer,False,2022
20220628,2022-06-28,2022,2,6,June,28,1,Tuesday,26,179,False,Summer,False,2022
20220629,2022-06-29,2022,2,6,June,29,2,Wednesday,26,180,False,Summer,False,2022
20220630,2022-06-30,2022,2,6,June,30,3,Thursday,26,181,False,Summer,False,2022
20220701,2022-07-01,2022,3,7,July,1,4,Friday,26,182,False,Summer,False,2022
20220702,2022-07-02,2022,3,7,July,2,5,Saturday,26,183,True,Summer,False,2022
20220703,2022-07-03,2022,3,7,July,3,6,Sunday,26,184,True,Summer,False,2022
20220704,2022-07-04,2022,3,7,July,4,0,Monday,27,185,False,Summer,False,2022
20220705,2022-07-05,2022,3,7,July,5,1,Tuesday,27,186,False,Summer,False,2022
20220706,2022-07-06,2022,3,7,July,6,2,Wednesday,27,187,False,Summer,False,2022
20220707,2022-07-07,2022,3,7,July,7,3,Thursday,27,188,False,Summer,False,2022
20220708,2022-07-08,2022,3,7,July,8,4,Friday,27,189,False,Summer,False,2022
20220709,2022-07-09,2022,3,7,July,9,5,Saturday,27,190,True,Summer,False,2022
20220710,2022-07-10,2022,3,7,July,10,6,Sunday,27,191,True,Summer,False,2022
20220711,2022-07-11,2022,3,7,July,11,0,Monday,28,192,False,Summer,False,2022
20220712,2022-07-12,2022,3,7,July,12,1,Tuesday,28,193,False,Summer,False,2022
20220713,2022-07-13,2022,3,7,July,13,2,Wednesday,28,194,False,Summer,False,2022
20220714,2022-07-14,2022,3,7,July,14,3,Thursday,28,195,False,Summer,False,2022
20220715,2022-07-15,2022,3,7,July,15,4,Friday,28,196,False,Summer,False,2022
20220716,2022-07-16,2022,3,7,July,16,5,Saturday,28,197,True,Summer,False,2022
20220717,2022-07-17,2022,3,7,July,17,6,Sunday,28,198,True,Summer,False,2022
20220718,2022-07-18,2022,3,7,July,18,0,Monday,29,199,False,Summer,False,2022
20220719,2022-07-19,2022,3,7,July,19,1,Tuesday,29,200,False,Summer,False,2022
20220720,2022-07-20,2022,3,7,July,20,2,Wednesday,29,201,False,Summer,False,2022
20220721,2022-07-21,2022,3,7,July,21,3,Thursday,29,202,False,Summer,False,2022
20220722,2022-07-22,2022,3,7,July,22,4,Friday,29,203,False,Summer,False,2022
20220723,2022-07-23,2022,3,7,July,23,5,Saturday,29,204,True,Summer,False,2022
20220724,2022-07-24,2022,3,7,July,24,6,Sunday,29,205,True,Summer,False,2022
20220725,2022-07-25,2022,3,7,July,25,0,Monday,30,206,False,Summer,False,2022
20220726,2022-07-26,2022,3,7,July,26,1,Tuesday,30,207,False,Summer,False,2022
20220727,2022-07-27,2022,3,7,July,27,2,Wednesday,30,208,False,Summer,False,2022
20220728,2022-07-28,2022,3,7,July,28,3,Thursday,30,209,False,Summer,False,2022
20220729,2022-07-29,2022,3,7,July,29,4,Friday,30,210,False,Summer,False,2022
20220730,2022-07-30,2022,3,7,July,30,5,Saturday,30,211,True,Summer,False,2022
20220731,2022-07-31,2022,3,7,July,31,6,Sunday,30,212,True,Summer,False,2022
20220801,2022-08-01,2022,3,8,August,1,0,Monday,31,213,False,Summer,False,2022
20220802,2022-08-02,2022,3,8,August,2,1,Tuesday,31,214,False,Summer,False,2022
20220803,2022-08-03,2022,3,8,August,3,2,Wednesday,31,215,False,Summer,False,2022
20220804,2022-08-04,2022,3,8,August,4,3,Thursday,31,216,False,Summer,False,2022
20220805,2022-08-05,2022,3,8,August,5,4,Friday,31,217,False,Summer,False,2022
20220806,2022-08-06,2022,3,8,August,6,5,Saturday,31,218,True,Summer,False,2022
20220807,2022-08-07,2022,3,8,August,7,6,Sunday,31,219,True,Summer,False,2022
20220808,2022-08-08,2022,3,8,August,8,0,Monday,32,220,False,Summer,False,2022
20220809,2022-08-09,2022,3,8,August,9,1,Tuesday,32,221,False,Summer,False,2022
20220810,2022-08-10,2022,3,8,August,10,2,Wednesday,32,222,False,Summer,False,2022
20220811,2022-08-11,2022,3,8,August,11,3,Thursday,32,223,False,Summer,False,2022
20220812,2022-08-12,2022,3,8,August,12,4,Friday,32,224,False,Summer,False,2022
20220813,2022-08-13,2022,3,8,August,13,5,Saturday,32,225,True,Summer,False,2022
20220814,2022-08-14,2022,3,8,August,14,6,Sunday,32,226,True,Summer,False,2022
20220815,2022-08-15,2022,3,8,August,15,0,Monday,33,227,False,Summer,False,2022
20220816,2022-08-16,2022,3,8,August,16,1,Tuesday,33,228,False,Summer,False,2022
20220817,2022-08-17,2022,3,8,August,17,2,Wednesday,33,229,False,Summer,False,2022
20220818,2022-08-18,2022,3,8,August,18,3,Thursday,33,230,False,Summer,False,2022
20220819,2022-08-19,2022,3,8,August,19,4,Friday,33,231,False,Summer,False,2022
20220820,2022-08-20,2022,3,8,August,20,5,Saturday,33,232,True,Summer,False,2022
20220821,2022-08-21,2022,3,8,August,21,6,Sunday,33,233,True,Summer,False,2022
20220822,2022-08-22,2022,3,8,August,22,0,Monday,34,234,False,Summer,False,2022
20220823,2022-08-23,2022,3,8,August,23,1,Tuesday,34,235,False,Summer,False,2022
20220824,2022-08-24,2022,3,8,August,24,2,Wednesday,34,236,False,Summer,False,2022
20220825,2022-08-25,2022,3,8,August,25,3,Thursday,34,237,False,Summer,False,2022
20220826,2022-08-26,2022,3,8,August,26,4,Friday,34,238,False,Summer,False,2022
20220827,2022-08-27,2022,3,8,August,27,5,Saturday,34,239,True,Summer,False,2022
20220828,2022-08-28,2022,3,8,August,28,6,Sunday,34,240,True,Summer,False,2022
20220829,2022-08-29,2022,3,8,August,29,0,Monday,35,241,False,Summer,False,2022
20220830,2022-08-30,2022,3,8,August,30,1,Tuesday,35,242,False,Summer,False,2022
20220831,2022-08-31,2022,3,8,August,31,2,Wednesday,35,243,False,Summer,False,2022
20220901,2022-09-01,2022,3,9,September,1,3,Thursday,35,244,False,Fall,False,2022
20220902,2022-09-02,2022,3,9,September,2,4,Friday,35,245,False,Fall,False,2022
20220903,2022-09-03,2022,3,9,September,3,5,Saturday,35,246,True,Fall,False,2022
20220904,2022-09-04,2022,3,9,September,4,6,Sunday,35,247,True,Fall,False,2022
20220905,2022-09-05,2022,3,9,September,5,0,Monday,36,248,False,Fall,False,2022
20220906,2022-09-06,2022,3,9,September,6,1,Tuesday,36,249,False,Fall,False,2022
20220907,2022-09-07,2022,3,9,September,7,2,Wednesday,36,250,False,Fall,False,2022
20220908,2022-09-08,2022,3,9,September,8,3,Thursday,36,251,False,Fall,False,2022
20220909,2022-09-09,2022,3,9,September,9,4,Friday,36,252,False,Fall,False,2022
20220910,2022-09-10,2022,3,9,September,10,5,Saturday,36,253,True,Fall,False,2022
20220911,2022-09-11,2022,3,9,September,11,6,Sunday,36,254,True,Fall,False,2022
20220912,2022-09-12,2022,3,9,September,12,0,Monday,37,255,False,Fall,False,2022
20220913,2022-09-13,2022,3,9,September,13,1,Tuesday,37,256,False,Fall,False,2022
20220914,2022-09-14,2022,3,9,September,14,2,Wednesday,37,257,False,Fall,False,2022
20220915,2022-09-15,2022,3,9,September,15,3,Thursday,37,258,False,Fall,False,2022
20220916,2022-09-16,2022,3,9,September,16,4,Friday,37,259,False,Fall,False,2022
20220917,2022-09-17,2022,3,9,September,17,5,Saturday,37,260,True,Fall,False,2022
20220918,2022-09-18,2022,3,9,September,18,6,Sunday,37,261,True,Fall,False,2022
20220919,2022-09-19,2022,3,9,September,19,0,Monday,38,262,False,Fall,False,2022
20220920,2022-09-20,2022,3,9,September,20,1,Tuesday,38,263,False,Fall,False,2022
20220921,2022-09-21,2022,3,9,September,21,2,Wednesday,38,264,False,Fall,False,2022
20220922,2022-09-22,2022,3,9,September,22,3,Thursday,38,265,False,Fall,False,2022
20220923,2022-09-23,2022,3,9,September,23,4,Friday,38,266,False,Fall,False,2022
20220924,2022-09-24,2022,3,9,September,24,5,Saturday,38,267,True,Fall,False,2022
20220925,2022-09-25,2022,3,9,September,25,6,Sunday,38,268,True,Fall,False,2022
20220926,2022-09-26,2022,3,9,September,26,0,Monday,39,269,False,Fall,False,2022
20220927,2022-09-27,2022,3,9,September,27,1,Tuesday,39,270,False,Fall,False,2022
20220928,2022-09-28,2022,3,9,September,28,2,Wednesday,39,271,False,Fall,False,2022
20220929,2022-09-29,2022,3,9,September,29,3,Thursday,39,272,False,Fall,False,2022
20220930,2022-09-30,2022,3,9,September,30,4,Friday,39,273,False,Fall,False,2022
20221001,2022-10-01,2022,4,10,October,1,5,Saturday,39,274,True,Fall,False,2022
20221002,2022-10-02,2022,4,10,October,2,6,Sunday,39,275,True,Fall,False,2022
20221003,2022-10-03,2022,4,10,October,3,0,Monday,40,276,False,Fall,False,2022
20221004,2022-10-04,2022,4,10,October,4,1,Tuesday,40,277,False,Fall,False,2022
20221005,2022-10-05,2022,4,10,October,5,2,Wednesday,40,278,False,Fall,False,2022
20221006,2022-10-06,2022,4,10,October,6,3,Thursday,40,279,False,Fall,False,2022
20221007,2022-10-07,2022,4,10,October,7,4,Friday,40,280,False,Fall,False,2022
20221008,2022-10-08,2022,4,10,October,8,5,Saturday,40,281,True,Fall,False,2022
20221009,2022-10-09,2022,4,10,October,9,6,Sunday,40,282,True,Fall,False,2022
20221010,2022-10-10,2022,4,10,October,10,0,Monday,41,283,False,Fall,False,2022
20221011,2022-10-11,2022,4,10,October,11,1,Tuesday,41,284,False,Fall,False,2022
20221012,2022-10-12,2022,4,10,October,12,2,Wednesday,41,285,False,Fall,False,2022
20221013,2022-10-13,2022,4,10,October,13,3,Thursday,41,286,False,Fall,False,2022
20221014,2022-10-14,2022,4,10,October,14,4,Friday,41,287,False,Fall,False,2022
20221015,2022-10-15,2022,4,10,October,15,5,Saturday,41,288,True,Fall,False,2022
20221016,2022-10-16,2022,4,10,October,16,6,Sunday,41,289,True,Fall,False,2022
20221017,2022-10-17,2022,4,10,October,17,0,Monday,42,290,False,Fall,False,2022
20221018,2022-10-18,2022,4,10,October,18,1,Tuesday,42,291,False,Fall,False,2022
20221019,2022-10-19,2022,4,10,October,19,2,Wednesday,42,292,False,Fall,False,2022
20221020,2022-10-20,2022,4,10,October,20,3,Thursday,42,293,False,Fall,False,2022
20221021,2022-10-21,2022,4,10,October,21,4,Friday,42,294,False,Fall,False,2022
20221022,2022-10-22,2022,4,10,October,22,5,Saturday,42,295,True,Fall,False,2022
20221023,2022-10-23,2022,4,10,October,23,6,Sunday,42,296,True,Fall,False,2022
20221024,2022-10-24,2022,4,10,October,24,0,Monday,43,297,False,Fall,False,2022
20221025,2022-10-25,2022,4,10,October,25,1,Tuesday,43,298,False,Fall,False,2022
20221026,2022-10-26,2022,4,10,October,26,2,Wednesday,43,299,False,Fall,False,2022
20221027,2022-10-27,2022,4,10,October,27,3,Thursday,43,300,False,Fall,False,2022
20221028,2022-10-28,2022,4,10,October,28,4,Friday,43,301,False,Fall,False,2022
20221029,2022-10-29,2022,4,10,October,29,5,Saturday,43,302,True,Fall,False,2022
20221030,2022-10-30,2022,4,10,October,30,6,Sunday,43,303,True,Fall,False,2022
20221031,2022-10-31,2022,4,10,October,31,0,Monday,44,304,False,Fall,False,2022
20221101,2022-11-01,2022,4,11,November,1,1,Tuesday,44,305,False,Fall,True,2022
20221102,2022-11-02,2022,4,11,November,2,2,Wednesday,44,306,False,Fall,True,2022
20221103,2022-11-03,2022,4,11,November,3,3,Thursday,44,307,False,Fall,True,2022
20221104,2022-11-04,2022,4,11,November,4,4,Friday,44,308,False,Fall,True,2022
20221105,2022-11-05,2022,4,11,November,5,5,Saturday,44,309,True,Fall,True,2022
20221106,2022-11-06,2022,4,11,November,6,6,Sunday,44,310,True,Fall,True,2022
20221107,2022-11-07,2022,4,11,November,7,0,Monday,45,311,False,Fall,True,2022
20221108,2022-11-08,2022,4,11,November,8,1,Tuesday,45,312,False,Fall,True,2022
20221109,2022-11-09,2022,4,11,November,9,2,Wednesday,45,313,False,Fall,True,2022
20221110,2022-11-10,2022,4,11,November,10,3,Thursday,45,314,False,Fall,True,2022
20221111,2022-11-11,2022,4,11,November,11,4,Friday,45,315,False,Fall,True,2022
20221112,2022-11-12,2022,4,11,November,12,5,Saturday,45,316,True,Fall,True,2022
20221113,2022-11-13,2022,4,11,November,13,6,Sunday,45,317,True,Fall,True,2022
20221114,2022-11-14,2022,4,11,November,14,0,Monday,46,318,False,Fall,True,2022
20221115,2022-11-15,2022,4,11,November,15,1,Tuesday,46,319,False,Fall,True,2022
20221116,2022-11-16,2022,4,11,November,16,2,Wednesday,46,320,False,Fall,True,2022
20221117,2022-11-17,2022,4,11,November,17,3,Thursday,46,321,False,Fall,True,2022
20221118,2022-11-18,2022,4,11,November,18,4,Friday,46,322,False,Fall,True,2022
20221119,2022-11-19,2022,4,11,November,19,5,Saturday,46,323,True,Fall,True,2022
20221120,2022-11-20,2022,4,11,November,20,6,Sunday,46,324,True,Fall,True,2022
20221121,2022-11-21,2022,4,11,November,21,0,Monday,47,325,False,Fall,True,2022
20221122,2022-11-22,2022,4,11,November,22,1,Tuesday,47,326,False,Fall,True,2022
20221123,2022-11-23,2022,4,11,November,23,2,Wednesday,47,327,False,Fall,True,2022
20221124,2022-11-24,2022,4,11,November,24,3,Thursday,47,328,False,Fall,True,2022
20221125,2022-11-25,2022,4,11,November,25,4,Friday,47,329,False,Fall,True,2022
20221126,2022-11-26,2022,4,11,November,26,5,Saturday,47,330,True,Fall,True,2022
20221127,2022-11-27,2022,4,11,November,27,6,Sunday,47,331,True,Fall,True,2022
20221128,2022-11-28,2022,4,11,November,28,0,Monday,48,332,False,Fall,True,2022
20221129,2022-11-29,2022,4,11,November,29,1,Tuesday,48,333,False,Fall,True,2022
20221130,2022-11-30,2022,4,11,November,30,2,Wednesday,48,334,False,Fall,True,2022
20221201,2022-12-01,2022,4,12,December,1,3,Thursday,48,335,False,Winter,True,2022
20221202,2022-12-02,2022,4,12,December,2,4,Friday,48,336,False,Winter,True,2022
20221203,2022-12-03,2022,4,12,December,3,5,Saturday,48,337,True,Winter,True,2022
20221204,2022-12-04,2022,4,12,December,4,6,Sunday,48,338,True,Winter,True,2022
20221205,2022-12-05,2022,4,12,December,5,0,Monday,49,339,False,Winter,True,2022
20221206,2022-12-06,2022,4,12,December,6,1,Tuesday,49,340,False,Winter,True,2022
20221207,2022-12-07,2022,4,12,December,7,2,Wednesday,49,341,False,Winter,True,2022
20221208,2022-12-08,2022,4,12,December,8,3,Thursday,49,342,False,Winter,True,2022
20221209,2022-12-09,2022,4,12,December,9,4,Friday,49,343,False,Winter,True,2022
20221210,2022-12-10,2022,4,12,December,10,5,Saturday,49,344,True,Winter,True,2022
20221211,2022-12-11,2022,4,12,December,11,6,Sunday,49,345,True,Winter,True,2022
20221212,2022-12-12,2022,4,12,December,12,0,Monday,50,346,False,Winter,True,2022
20221213,2022-12-13,2022,4,12,December,13,1,Tuesday,50,347,False,Winter,True,2022
20221214,2022-12-14,2022,4,12,December,14,2,Wednesday,50,348,False,Winter,True,2022
20221215,2022-12-15,2022,4,12,December,15,3,Thursday,50,349,False,Winter,True,2022
20221216,2022-12-16,2022,4,12,December,16,4,Friday,50,350,False,Winter,True,2022
20221217,2022-12-17,2022,4,12,December,17,5,Saturday,50,351,True,Winter,True,2022
20221218,2022-12-18,2022,4,12,December,18,6,Sunday,50,352,True,Winter,True,2022
20221219,2022-12-19,2022,4,12,December,19,0,Monday,51,353,False,Winter,True,2022
20221220,2022-12-20,2022,4,12,December,20,1,Tuesday,51,354,False,Winter,True,2022
20221221,2022-12-21,2022,4,12,December,21,2,Wednesday,51,355,False,Winter,True,2022
20221222,2022-12-22,2022,4,12,December,22,3,Thursday,51,356,False,Winter,True,2022
20221223,2022-12-23,2022,4,12,December,23,4,Friday,51,357,False,Winter,True,2022
20221224,2022-12-24,2022,4,12,December,24,5,Saturday,51,358,True,Winter,True,2022
20221225,2022-12-25,2022,4,12,December,25,6,Sunday,51,359,True,Winter,True,2022
20221226,2022-12-26,2022,4,12,December,26,0,Monday,52,360,False,Winter,True,2022
20221227,2022-12-27,2022,4,12,December,27,1,Tuesday,52,361,False,Winter,True,2022
20221228,2022-12-28,2022,4,12,December,28,2,Wednesday,52,362,False,Winter,True,2022
20221229,2022-12-29,2022,4,12,December,29,3,Thursday,52,363,False,Winter,True,2022
20221230,2022-12-30,2022,4,12,December,30,4,Friday,52,364,False,Winter,True,2022
20221231,2022-12-31,2022,4,12,December,31,5,Saturday,52,365,True,Winter,True,2022
20230101,2023-01-01,2023,1,1,January,1,6,Sunday,52,1,True,Winter,False,2023
20230102,2023-01-02,2023,1,1,January,2,0,Monday,1,2,False,Winter,False,2023
20230103,2023-01-03,2023,1,1,January,3,1,Tuesday,1,3,False,Winter,False,2023
20230104,2023-01-04,2023,1,1,January,4,2,Wednesday,1,4,False,Winter,False,2023
20230105,2023-01-05,2023,1,1,January,5,3,Thursday,1,5,False,Winter,False,2023
20230106,2023-01-06,2023,1,1,January,6,4,Friday,1,6,False,Winter,False,2023
20230107,2023-01-07,2023,1,1,January,7,5,Saturday,1,7,True,Winter,False,2023
20230108,2023-01-08,2023,1,1,January,8,6,Sunday,1,8,True,Winter,False,2023
20230109,2023-01-09,2023,1,1,January,9,0,Monday,2,9,False,Winter,False,2023
20230110,2023-01-10,2023,1,1,January,10,1,Tuesday,2,10,False,Winter,False,2023
20230111,2023-01-11,2023,1,1,January,11,2,Wednesday,2,11,False,Winter,False,2023
20230112,2023-01-12,2023,1,1,January,12,3,Thursday,2,12,False,Winter,False,2023
20230113,2023-01-13,2023,1,1,January,13,4,Friday,2,13,False,Winter,False,2023
20230114,2023-01-14,2023,1,1,January,14,5,Saturday,2,14,True,Winter,False,2023
20230115,2023-01-15,2023,1,1,January,15,6,Sunday,2,15,True,Winter,False,2023
20230116,2023-01-16,2023,1,1,January,16,0,Monday,3,16,False,Winter,False,2023
20230117,2023-01-17,2023,1,1,January,17,1,Tuesday,3,17,False,Winter,False,2023
20230118,2023-01-18,2023,1,1,January,18,2,Wednesday,3,18,False,Winter,False,2023
20230119,2023-01-19,2023,1,1,January,19,3,Thursday,3,19,False,Winter,False,2023
20230120,2023-01-20,2023,1,1,January,20,4,Friday,3,20,False,Winter,False,2023
20230121,2023-01-21,2023,1,1,January,21,5,Saturday,3,21,True,Winter,False,2023
20230122,2023-01-22,2023,1,1,January,22,6,Sunday,3,22,True,Winter,False,2023
20230123,2023-01-23,2023,1,1,January,23,0,Monday,4,23,False,Winter,False,2023
20230124,2023-01-24,2023,1,1,January,24,1,Tuesday,4,24,False,Winter,False,2023
20230125,2023-01-25,2023,1,1,January,25,2,Wednesday,4,25,False,Winter,False,2023
20230126,2023-01-26,2023,1,1,January,26,3,Thursday,4,26,False,Winter,False,2023
20230127,2023-01-27,2023,1,1,January,27,4,Friday,4,27,False,Winter,False,2023
20230128,2023-01-28,2023,1,1,January,28,5,Saturday,4,28,True,Winter,False,2023
20230129,2023-01-29,2023,1,1,January,29,6,Sunday,4,29,True,Winter,False,2023
20230130,2023-01-30,2023,1,1,January,30,0,Monday,5,30,False,Winter,False,2023
20230131,2023-01-31,2023,1,1,January,31,1,Tuesday,5,31,False,Winter,False,2023
20230201,2023-02-01,2023,1,2,February,1,2,Wednesday,5,32,False,Winter,False,2023
20230202,2023-02-02,2023,1,2,February,2,3,Thursday,5,33,False,Winter,False,2023
20230203,2023-02-03,2023,1,2,February,3,4,Friday,5,34,False,Winter,False,2023
20230204,2023-02-04,2023,1,2,February,4,5,Saturday,5,35,True,Winter,False,2023
20230205,2023-02-05,2023,1,2,February,5,6,Sunday,5,36,True,Winter,False,2023
20230206,2023-02-06,2023,1,2,February,6,0,Monday,6,37,False,Winter,False,2023
20230207,2023-02-07,2023,1,2,February,7,1,Tuesday,6,38,False,Winter,False,2023
20230208,2023-02-08,2023,1,2,February,8,2,Wednesday,6,39,False,Winter,False,2023
20230209,2023-02-09,2023,1,2,February,9,3,Thursday,6,40,False,Winter,False,2023
20230210,2023-02-10,2023,1,2,February,10,4,Friday,6,41,False,Winter,False,2023
20230211,2023-02-11,2023,1,2,February,11,5,Saturday,6,42,True,Winter,False,2023
20230212,2023-02-12,2023,1,2,February,12,6,Sunday,6,43,True,Winter,False,2023
20230213,2023-02-13,2023,1,2,February,13,0,Monday,7,44,False,Winter,False,2023
20230214,2023-02-14,2023,1,2,February,14,1,Tuesday,7,45,False,Winter,False,2023
20230215,2023-02-15,2023,1,2,February,15,2,Wednesday,7,46,False,Winter,False,2023
20230216,2023-02-16,2023,1,2,February,16,3,Thursday,7,47,False,Winter,False,2023
20230217,2023-02-17,2023,1,2,February,17,4,Friday,7,48,False,Winter,False,2023
20230218,2023-02-18,2023,1,2,February,18,5,Saturday,7,49,True,Winter,False,2023
20230219,2023-02-19,2023,1,2,February,19,6,Sunday,7,50,True,Winter,False,2023
20230220,2023-02-20,2023,1,2,February,20,0,Monday,8,51,False,Winter,False,2023
20230221,2023-02-21,2023,1,2,February,21,1,Tuesday,8,52,False,Winter,False,2023
20230222,2023-02-22,2023,1,2,February,22,2,Wednesday,8,53,False,Winter,False,2023
20230223,2023-02-23,2023,1,2,February,23,3,Thursday,8,54,False,Winter,False,2023
20230224,2023-02-24,2023,1,2,February,24,4,Friday,8,55,False,Winter,False,2023
20230225,2023-02-25,2023,1,2,February,25,5,Saturday,8,56,True,Winter,False,2023
20230226,2023-02-26,2023,1,2,February,26,6,Sunday,8,57,True,Winter,False,2023
20230227,2023-02-27,2023,1,2,February,27,0,Monday,9,58,False,Winter,False,2023
20230228,2023-02-28,2023,1,2,February,28,1,Tuesday,9,59,False,Winter,False,2023
20230301,2023-03-01,2023,1,3,March,1,2,Wednesday,9,60,False,Spring,False,2023
20230302,2023-03-02,2023,1,3,March,2,3,Thursday,9,61,False,Spring,False,2023
20230303,2023-03-03,2023,1,3,March,3,4,Friday,9,62,False,Spring,False,2023
20230304,2023-03-04,2023,1,3,March,4,5,Saturday,9,63,True,Spring,False,2023
20230305,2023-03-05,2023,1,3,March,5,6,Sunday,9,64,True,Spring,False,2023
20230306,2023-03-06,2023,1,3,March,6,0,Monday,10,65,False,Spring,False,2023
20230307,2023-03-07,2023,1,3,March,7,1,Tuesday,10,66,False,Spring,False,2023
20230308,2023-03-08,2023,1,3,March,8,2,Wednesday,10,67,False,Spring,False,2023
20230309,2023-03-09,2023,1,3,March,9,3,Thursday,10,68,False,Spring,False,2023
20230310,2023-03-10,2023,1,3,March,10,4,Friday,10,69,False,Spring,False,2023
20230311,2023-03-11,2023,1,3,March,11,5,Saturday,10,70,True,Spring,False,2023
20230312,2023-03-12,2023,1,3,March,12,6,Sunday,10,71,True,Spring,False,2023
20230313,2023-03-13,2023,1,3,March,13,0,Monday,11,72,False,Spring,False,2023
20230314,2023-03-14,2023,1,3,March,14,1,Tuesday,11,73,False,Spring,False,2023
20230315,2023-03-15,2023,1,3,March,15,2,Wednesday,11,74,False,Spring,False,2023
20230316,2023-03-16,2023,1,3,March,16,3,Thursday,11,75,False,Spring,False,2023
20230317,2023-03-17,2023,1,3,March,17,4,Friday,11,76,False,Spring,False,2023
20230318,2023-03-18,2023,1,3,March,18,5,Saturday,11,77,True,Spring,False,2023
20230319,2023-03-19,2023,1,3,March,19,6,Sunday,11,78,True,Spring,False,2023
20230320,2023-03-20,2023,1,3,March,20,0,Monday,12,79,False,Spring,False,2023
20230321,2023-03-21,2023,1,3,March,21,1,Tuesday,12,80,False,Spring,False,2023
20230322,2023-03-22,2023,1,3,March,22,2,Wednesday,12,81,False,Spring,False,2023
20230323,2023-03-23,2023,1,3,March,23,3,Thursday,12,82,False,Spring,False,2023
20230324,2023-03-24,2023,1,3,March,24,4,Friday,12,83,False,Spring,False,2023
20230325,2023-03-25,2023,1,3,March,25,5,Saturday,12,84,True,Spring,False,2023
20230326,2023-03-26,2023,1,3,March,26,6,Sunday,12,85,True,Spring,False,2023
20230327,2023-03-27,2023,1,3,March,27,0,Monday,13,86,False,Spring,False,2023
20230328,2023-03-28,2023,1,3,March,28,1,Tuesday,13,87,False,Spring,False,2023
20230329,2023-03-29,2023,1,3,March,29,2,Wednesday,13,88,False,Spring,False,2023
20230330,2023-03-30,2023,1,3,March,30,3,Thursday,13,89,False,Spring,False,2023
20230331,2023-03-31,2023,1,3,March,31,4,Friday,13,90,False,Spring,False,2023
20230401,2023-04-01,2023,2,4,April,1,5,Saturday,13,91,True,Spring,False,2023
20230402,2023-04-02,2023,2,4,April,2,6,Sunday,13,92,True,Spring,False,2023
20230403,2023-04-03,2023,2,4,April,3,0,Monday,14,93,False,Spring,False,2023
20230404,2023-04-04,2023,2,4,April,4,1,Tuesday,14,94,False,Spring,False,2023
20230405,2023-04-05,2023,2,4,April,5,2,Wednesday,14,95,False,Spring,False,2023
20230406,2023-04-06,2023,2,4,April,6,3,Thursday,14,96,False,Spring,False,2023
20230407,2023-04-07,2023,2,4,April,7,4,Friday,14,97,False,Spring,False,2023
20230408,2023-04-08,2023,2,4,April,8,5,Saturday,14,98,True,Spring,False,2023
20230409,2023-04-09,2023,2,4,April,9,6,Sunday,14,99,True,Spring,False,2023
20230410,2023-04-10,2023,2,4,April,10,0,Monday,15,100,False,Spring,False,2023
20230411,2023-04-11,2023,2,4,April,11,1,Tuesday,15,101,False,Spring,False,2023
20230412,2023-04-12,2023,2,4,April,12,2,Wednesday,15,102,False,Spring,False,2023
20230413,2023-04-13,2023,2,4,April,13,3,Thursday,15,103,False,Spring,False,2023
20230414,2023-04-14,2023,2,4,April,14,4,Friday,15,104,False,Spring,False,2023
20230415,2023-04-15,2023,2,4,April,15,5,Saturday,15,105,True,Spring,False,2023
20230416,2023-04-16,2023,2,4,April,16,6,Sunday,15,106,True,Spring,False,2023
20230417,2023-04-17,2023,2,4,April,17,0,Monday,16,107,False,Spring,False,2023
20230418,2023-04-18,2023,2,4,April,18,1,Tuesday,16,108,False,Spring,False,2023
20230419,2023-04-19,2023,2,4,April,19,2,Wednesday,16,109,False,Spring,False,2023
20230420,2023-04-20,2023,2,4,April,20,3,Thursday,16,110,False,Spring,False,2023
20230421,2023-04-21,2023,2,4,April,21,4,Friday,16,111,False,Spring,False,2023
20230422,2023-04-22,2023,2,4,April,22,5,Saturday,16,112,True,Spring,False,2023
20230423,2023-04-23,2023,2,4,April,23,6,Sunday,16,113,True,Spring,False,2023
20230424,2023-04-24,2023,2,4,April,24,0,Monday,17,114,False,Spring,False,2023
20230425,2023-04-25,2023,2,4,April,25,1,Tuesday,17,115,False,Spring,False,2023
20230426,2023-04-26,2023,2,4,April,26,2,Wednesday,17,116,False,Spring,False,2023
20230427,2023-04-27,2023,2,4,April,27,3,Thursday,17,117,False,Spring,False,2023
20230428,2023-04-28,2023,2,4,April,28,4,Friday,17,118,False,Spring,False,2023
20230429,2023-04-29,2023,2,4,April,29,5,Saturday,17,119,True,Spring,False,2023
20230430,2023-04-30,2023,2,4,April,30,6,Sunday,17,120,True,Spring,False,2023
20230501,2023-05-01,2023,2,5,May,1,0,Monday,18,121,False,Spring,False,2023
20230502,2023-05-02,2023,2,5,May,2,1,Tuesday,18,122,False,Spring,False,2023
20230503,2023-05-03,2023,2,5,May,3,2,Wednesday,18,123,False,Spring,False,2023
20230504,2023-05-04,2023,2,5,May,4,3,Thursday,18,124,False,Spring,False,2023
20230505,2023-05-05,2023,2,5,May,5,4,Friday,18,125,False,Spring,False,2023
20230506,2023-05-06,2023,2,5,May,6,5,Saturday,18,126,True,Spring,False,2023
20230507,2023-05-07,2023,2,5,May,7,6,Sunday,18,127,True,Spring,False,2023
20230508,2023-05-08,2023,2,5,May,8,0,Monday,19,128,False,Spring,False,2023
20230509,2023-05-09,2023,2,5,May,9,1,Tuesday,19,129,False,Spring,False,2023
20230510,2023-05-10,2023,2,5,May,10,2,Wednesday,19,130,False,Spring,False,2023
20230511,2023-05-11,2023,2,5,May,11,3,Thursday,19,131,False,Spring,False,2023
20230512,2023-05-12,2023,2,5,May,12,4,Friday,19,132,False,Spring,False,2023
20230513,2023-05-13,2023,2,5,May,13,5,Saturday,19,133,True,Spring,False,2023
20230514,2023-05-14,2023,2,5,May,14,6,Sunday,19,134,True,Spring,False,2023
20230515,2023-05-15,2023,2,5,May,15,0,Monday,20,135,False,Spring,False,2023
20230516,2023-05-16,2023,2,5,May,16,1,Tuesday,20,136,False,Spring,False,2023
20230517,2023-05-17,2023,2,5,May,17,2,Wednesday,20,137,False,Spring,False,2023
20230518,2023-05-18,2023,2,5,May,18,3,Thursday,20,138,False,Spring,False,2023
20230519,2023-05-19,2023,2,5,May,19,4,Friday,20,139,False,Spring,False,2023
20230520,2023-05-20,2023,2,5,May,20,5,Saturday,20,140,True,Spring,False,2023
20230521,2023-05-21,2023,2,5,May,21,6,Sunday,20,141,True,Spring,False,2023
20230522,2023-05-22,2023,2,5,May,22,0,Monday,21,142,False,Spring,False,2023
20230523,2023-05-23,2023,2,5,May,23,1,Tuesday,21,143,False,Spring,False,2023
20230524,2023-05-24,2023,2,5,May,24,2,Wednesday,21,144,False,Spring,False,2023
20230525,2023-05-25,2023,2,5,May,25,3,Thursday,21,145,False,Spring,False,2023
20230526,2023-05-26,2023,2,5,May,26,4,Friday,21,146,False,Spring,False,2023
20230527,2023-05-27,2023,2,5,May,27,5,Saturday,21,147,True,Spring,False,2023
20230528,2023-05-28,2023,2,5,May,28,6,Sunday,21,148,True,Spring,False,2023
20230529,2023-05-29,2023,2,5,May,29,0,Monday,22,149,False,Spring,False,2023
20230530,2023-05-30,2023,2,5,May,30,1,Tuesday,22,150,False,Spring,False,2023
20230531,2023-05-31,2023,2,5,May,31,2,Wednesday,22,151,False,Spring,False,2023
20230601,2023-06-01,2023,2,6,June,1,3,Thursday,22,152,False,Summer,False,2023
20230602,2023-06-02,2023,2,6,June,2,4,Friday,22,153,False,Summer,False,2023
20230603,2023-06-03,2023,2,6,June,3,5,Saturday,22,154,True,Summer,False,2023
20230604,2023-06-04,2023,2,6,June,4,6,Sunday,22,155,True,Summer,False,2023
20230605,2023-06-05,2023,2,6,June,5,0,Monday,23,156,False,Summer,False,2023
20230606,2023-06-06,2023,2,6,June,6,1,Tuesday,23,157,False,Summer,False,2023
20230607,2023-06-07,2023,2,6,June,7,2,Wednesday,23,158,False,Summer,False,2023
20230608,2023-06-08,2023,2,6,June,8,3,Thursday,23,159,False,Summer,False,2023
20230609,2023-06-09,2023,2,6,June,9,4,Friday,23,160,False,Summer,False,2023
20230610,2023-06-10,2023,2,6,June,10,5,Saturday,23,161,True,Summer,False,2023
20230611,2023-06-11,2023,2,6,June,11,6,Sunday,23,162,True,Summer,False,2023
20230612,2023-06-12,2023,2,6,June,12,0,Monday,24,163,False,Summer,False,2023
20230613,2023-06-13,2023,2,6,June,13,1,Tuesday,24,164,False,Summer,False,2023
20230614,2023-06-14,2023,2,6,June,14,2,Wednesday,24,165,False,Summer,False,2023
20230615,2023-06-15,2023,2,6,June,15,3,Thursday,24,166,False,Summer,False,2023
20230616,2023-06-16,2023,2,6,June,16,4,Friday,24,167,False,Summer,False,2023
20230617,2023-06-17,2023,2,6,June,17,5,Saturday,24,168,True,Summer,False,2023
20230618,2023-06-18,2023,2,6,June,18,6,Sunday,24,169,True,Summer,False,2023
20230619,2023-06-19,2023,2,6,June,19,0,Monday,25,170,False,Summer,False,2023
20230620,2023-06-20,2023,2,6,June,20,1,Tuesday,25,171,False,Summer,False,2023
20230621,2023-06-21,2023,2,6,June,21,2,Wednesday,25,172,False,Summer,False,2023
20230622,2023-06-22,2023,2,6,June,22,3,Thursday,25,173,False,Summer,False,2023
20230623,2023-06-23,2023,2,6,June,23,4,Friday,25,174,False,Summer,False,2023
20230624,2023-06-24,2023,2,6,June,24,5,Saturday,25,175,True,Summer,False,2023
20230625,2023-06-25,2023,2,6,June,25,6,Sunday,25,176,True,Summer,False,2023
20230626,2023-06-26,2023,2,6,June,26,0,Monday,26,177,False,Summer,False,2023
20230627,2023-06-27,2023,2,6,June,27,1,Tuesday,26,178,False,Summer,False,2023
20230628,2023-06-28,2023,2,6,June,28,2,Wednesday,26,179,False,Summer,False,2023
20230629,2023-06-29,2023,2,6,June,29,3,Thursday,26,180,False,Summer,False,2023
20230630,2023-06-30,2023,2,6,June,30,4,Friday,26,181,False,Summer,False,2023
20230701,2023-07-01,2023,3,7,July,1,5,Saturday,26,182,True,Summer,False,2023
20230702,2023-07-02,2023,3,7,July,2,6,Sunday,26,183,True,Summer,False,2023
20230703,2023-07-03,2023,3,7,July,3,0,Monday,27,184,False,Summer,False,2023
20230704,2023-07-04,2023,3,7,July,4,1,Tuesday,27,185,False,Summer,False,2023
20230705,2023-07-05,2023,3,7,July,5,2,Wednesday,27,186,False,Summer,False,2023
20230706,2023-07-06,2023,3,7,July,6,3,Thursday,27,187,False,Summer,False,2023
20230707,2023-07-07,2023,3,7,July,7,4,Friday,27,188,False,Summer,False,2023
20230708,2023-07-08,2023,3,7,July,8,5,Saturday,27,189,True,Summer,False,2023
20230709,2023-07-09,2023,3,7,July,9,6,Sunday,27,190,True,Summer,False,2023
20230710,2023-07-10,2023,3,7,July,10,0,Monday,28,191,False,Summer,False,2023
20230711,2023-07-11,2023,3,7,July,11,1,Tuesday,28,192,False,Summer,False,2023
20230712,2023-07-12,2023,3,7,July,12,2,Wednesday,28,193,False,Summer,False,2023
20230713,2023-07-13,2023,3,7,July,13,3,Thursday,28,194,False,Summer,False,2023
20230714,2023-07-14,2023,3,7,July,14,4,Friday,28,195,False,Summer,False,2023
20230715,2023-07-15,2023,3,7,July,15,5,Saturday,28,196,True,Summer,False,2023
20230716,2023-07-16,2023,3,7,July,16,6,Sunday,28,197,True,Summer,False,2023
20230717,2023-07-17,2023,3,7,July,17,0,Monday,29,198,False,Summer,False,2023
20230718,2023-07-18,2023,3,7,July,18,1,Tuesday,29,199,False,Summer,False,2023
20230719,2023-07-19,2023,3,7,July,19,2,Wednesday,29,200,False,Summer,False,2023
20230720,2023-07-20,2023,3,7,July,20,3,Thursday,29,201,False,Summer,False,2023
20230721,2023-07-21,2023,3,7,July,21,4,Friday,29,202,False,Summer,False,2023
20230722,2023-07-22,2023,3,7,July,22,5,Saturday,29,203,True,Summer,False,2023
20230723,2023-07-23,2023,3,7,July,23,6,Sunday,29,204,True,Summer,False,2023
20230724,2023-07-24,2023,3,7,July,24,0,Monday,30,205,False,Summer,False,2023
20230725,2023-07-25,2023,3,7,July,25,1,Tuesday,30,206,False,Summer,False,2023
20230726,2023-07-26,2023,3,7,July,26,2,Wednesday,30,207,False,Summer,False,2023
20230727,2023-07-27,2023,3,7,July,27,3,Thursday,30,208,False,Summer,False,2023
20230728,2023-07-28,2023,3,7,July,28,4,Friday,30,209,False,Summer,False,2023
20230729,2023-07-29,2023,3,7,July,29,5,Saturday,30,210,True,Summer,False,2023
20230730,2023-07-30,2023,3,7,July,30,6,Sunday,30,211,True,Summer,False,2023
20230731,2023-07-31,2023,3,7,July,31,0,Monday,31,212,False,Summer,False,2023
20230801,2023-08-01,2023,3,8,August,1,1,Tuesday,31,213,False,Summer,False,2023
20230802,2023-08-02,2023,3,8,August,2,2,Wednesday,31,214,False,Summer,False,2023
20230803,2023-08-03,2023,3,8,August,3,3,Thursday,31,215,False,Summer,False,2023
20230804,2023-08-04,2023,3,8,August,4,4,Friday,31,216,False,Summer,False,2023
20230805,2023-08-05,2023,3,8,August,5,5,Saturday,31,217,True,Summer,False,2023
20230806,2023-08-06,2023,3,8,August,6,6,Sunday,31,218,True,Summer,False,2023
20230807,2023-08-07,2023,3,8,August,7,0,Monday,32,219,False,Summer,False,2023
20230808,2023-08-08,2023,3,8,August,8,1,Tuesday,32,220,False,Summer,False,2023
20230809,2023-08-09,2023,3,8,August,9,2,Wednesday,32,221,False,Summer,False,2023
20230810,2023-08-10,2023,3,8,August,10,3,Thursday,32,222,False,Summer,False,2023
20230811,2023-08-11,2023,3,8,August,11,4,Friday,32,223,False,Summer,False,2023
20230812,2023-08-12,2023,3,8,August,12,5,Saturday,32,224,True,Summer,False,2023
20230813,2023-08-13,2023,3,8,August,13,6,Sunday,32,225,True,Summer,False,2023
20230814,2023-08-14,2023,3,8,August,14,0,Monday,33,226,False,Summer,False,2023
20230815,2023-08-15,2023,3,8,August,15,1,Tuesday,33,227,False,Summer,False,2023
20230816,2023-08-16,2023,3,8,August,16,2,Wednesday,33,228,False,Summer,False,2023
20230817,2023-08-17,2023,3,8,August,17,3,Thursday,33,229,False,Summer,False,2023
20230818,2023-08-18,2023,3,8,August,18,4,Friday,33,230,False,Summer,False,2023
20230819,2023-08-19,2023,3,8,August,19,5,Saturday,33,231,True,Summer,False,2023
20230820,2023-08-20,2023,3,8,August,20,6,Sunday,33,232,True,Summer,False,2023
20230821,2023-08-21,2023,3,8,August,21,0,Monday,34,233,False,Summer,False,2023
20230822,2023-08-22,2023,3,8,August,22,1,Tuesday,34,234,False,Summer,False,2023
20230823,2023-08-23,2023,3,8,August,23,2,Wednesday,34,235,False,Summer,False,2023
20230824,2023-08-24,2023,3,8,August,24,3,Thursday,34,236,False,Summer,False,2023
20230825,2023-08-25,2023,3,8,August,25,4,Friday,34,237,False,Summer,False,2023
20230826,2023-08-26,2023,3,8,August,26,5,Saturday,34,238,True,Summer,False,2023
20230827,2023-08-27,2023,3,8,August,27,6,Sunday,34,239,True,Summer,False,2023
20230828,2023-08-28,2023,3,8,August,28,0,Monday,35,240,False,Summer,False,2023
20230829,2023-08-29,2023,3,8,August,29,1,Tuesday,35,241,False,Summer,False,2023
20230830,2023-08-30,2023,3,8,August,30,2,Wednesday,35,242,False,Summer,False,2023
20230831,2023-08-31,2023,3,8,August,31,3,Thursday,35,243,False,Summer,False,2023
20230901,2023-09-01,2023,3,9,September,1,4,Friday,35,244,False,Fall,False,2023
20230902,2023-09-02,2023,3,9,September,2,5,Saturday,35,245,True,Fall,False,2023
20230903,2023-09-03,2023,3,9,September,3,6,Sunday,35,246,True,Fall,False,2023
20230904,2023-09-04,2023,3,9,September,4,0,Monday,36,247,False,Fall,False,2023
20230905,2023-09-05,2023,3,9,September,5,1,Tuesday,36,248,False,Fall,False,2023
20230906,2023-09-06,2023,3,9,September,6,2,Wednesday,36,249,False,Fall,False,2023
20230907,2023-09-07,2023,3,9,September,7,3,Thursday,36,250,False,Fall,False,2023
20230908,2023-09-08,2023,3,9,September,8,4,Friday,36,251,False,Fall,False,2023
20230909,2023-09-09,2023,3,9,September,9,5,Saturday,36,252,True,Fall,False,2023
20230910,2023-09-10,2023,3,9,September,10,6,Sunday,36,253,True,Fall,False,2023
20230911,2023-09-11,2023,3,9,September,11,0,Monday,37,254,False,Fall,False,2023
20230912,2023-09-12,2023,3,9,September,12,1,Tuesday,37,255,False,Fall,False,2023
20230913,2023-09-13,2023,3,9,September,13,2,Wednesday,37,256,False,Fall,False,2023
20230914,2023-09-14,2023,3,9,September,14,3,Thursday,37,257,False,Fall,False,2023
20230915,2023-09-15,2023,3,9,September,15,4,Friday,37,258,False,Fall,False,2023
20230916,2023-09-16,2023,3,9,September,16,5,Saturday,37,259,True,Fall,False,2023
20230917,2023-09-17,2023,3,9,September,17,6,Sunday,37,260,True,Fall,False,2023
20230918,2023-09-18,2023,3,9,September,18,0,Monday,38,261,False,Fall,False,2023
20230919,2023-09-19,2023,3,9,September,19,1,Tuesday,38,262,False,Fall,False,2023
20230920,2023-09-20,2023,3,9,September,20,2,Wednesday,38,263,False,Fall,False,2023
20230921,2023-09-21,2023,3,9,September,21,3,Thursday,38,264,False,Fall,False,2023
20230922,2023-09-22,2023,3,9,September,22,4,Friday,38,265,False,Fall,False,2023
20230923,2023-09-23,2023,3,9,September,23,5,Saturday,38,266,True,Fall,False,2023
20230924,2023-09-24,2023,3,9,September,24,6,Sunday,38,267,True,Fall,False,2023
20230925,2023-09-25,2023,3,9,September,25,0,Monday,39,268,False,Fall,False,2023
20230926,2023-09-26,2023,3,9,September,26,1,Tuesday,39,269,False,Fall,False,2023
20230927,2023-09-27,2023,3,9,September,27,2,Wednesday,39,270,False,Fall,False,2023
20230928,2023-09-28,2023,3,9,September,28,3,Thursday,39,271,False,Fall,False,2023
20230929,2023-09-29,2023,3,9,September,29,4,Friday,39,272,False,Fall,False,2023
20230930,2023-09-30,2023,3,9,September,30,5,Saturday,39,273,True,Fall,False,2023
20231001,2023-10-01,2023,4,10,October,1,6,Sunday,39,274,True,Fall,False,2023
20231002,2023-10-02,2023,4,10,October,2,0,Monday,40,275,False,Fall,False,2023
20231003,2023-10-03,2023,4,10,October,3,1,Tuesday,40,276,False,Fall,False,2023
20231004,2023-10-04,2023,4,10,October,4,2,Wednesday,40,277,False,Fall,False,2023
20231005,2023-10-05,2023,4,10,October,5,3,Thursday,40,278,False,Fall,False,2023
20231006,2023-10-06,2023,4,10,October,6,4,Friday,40,279,False,Fall,False,2023
20231007,2023-10-07,2023,4,10,October,7,5,Saturday,40,280,True,Fall,False,2023
20231008,2023-10-08,2023,4,10,October,8,6,Sunday,40,281,True,Fall,False,2023
20231009,2023-10-09,2023,4,10,October,9,0,Monday,41,282,False,Fall,False,2023
20231010,2023-10-10,2023,4,10,October,10,1,Tuesday,41,283,False,Fall,False,2023
20231011,2023-10-11,2023,4,10,October,11,2,Wednesday,41,284,False,Fall,False,2023
20231012,2023-10-12,2023,4,10,October,12,3,Thursday,41,285,False,Fall,False,2023
20231013,2023-10-13,2023,4,10,October,13,4,Friday,41,286,False,Fall,False,2023
20231014,2023-10-14,2023,4,10,October,14,5,Saturday,41,287,True,Fall,False,2023
20231015,2023-10-15,2023,4,10,October,15,6,Sunday,41,288,True,Fall,False,2023
20231016,2023-10-16,2023,4,10,October,16,0,Monday,42,289,False,Fall,False,2023
20231017,2023-10-17,2023,4,10,October,17,1,Tuesday,42,290,False,Fall,False,2023
20231018,2023-10-18,2023,4,10,October,18,2,Wednesday,42,291,False,Fall,False,2023
20231019,2023-10-19,2023,4,10,October,19,3,Thursday,42,292,False,Fall,False,2023
20231020,2023-10-20,2023,4,10,October,20,4,Friday,42,293,False,Fall,False,2023
20231021,2023-10-21,2023,4,10,October,21,5,Saturday,42,294,True,Fall,False,2023
20231022,2023-10-22,2023,4,10,October,22,6,Sunday,42,295,True,Fall,False,2023
20231023,2023-10-23,2023,4,10,October,23,0,Monday,43,296,False,Fall,False,2023
20231024,2023-10-24,2023,4,10,October,24,1,Tuesday,43,297,False,Fall,False,2023
20231025,2023-10-25,2023,4,10,October,25,2,Wednesday,43,298,False,Fall,False,2023
20231026,2023-10-26,2023,4,10,October,26,3,Thursday,43,299,False,Fall,False,2023
20231027,2023-10-27,2023,4,10,October,27,4,Friday,43,300,False,Fall,False,2023
20231028,2023-10-28,2023,4,10,October,28,5,Saturday,43,301,True,Fall,False,2023
20231029,2023-10-29,2023,4,10,October,29,6,Sunday,43,302,True,Fall,False,2023
20231030,2023-10-30,2023,4,10,October,30,0,Monday,44,303,False,Fall,False,2023
20231031,2023-10-31,2023,4,10,October,31,1,Tuesday,44,304,False,Fall,False,2023
20231101,2023-11-01,2023,4,11,November,1,2,Wednesday,44,305,False,Fall,True,2023
20231102,2023-11-02,2023,4,11,November,2,3,Thursday,44,306,False,Fall,True,2023
20231103,2023-11-03,2023,4,11,November,3,4,Friday,44,307,False,Fall,True,2023
20231104,2023-11-04,2023,4,11,November,4,5,Saturday,44,308,True,Fall,True,2023
20231105,2023-11-05,2023,4,11,November,5,6,Sunday,44,309,True,Fall,True,2023
20231106,2023-11-06,2023,4,11,November,6,0,Monday,45,310,False,Fall,True,2023
20231107,2023-11-07,2023,4,11,November,7,1,Tuesday,45,311,False,Fall,True,2023
20231108,2023-11-08,2023,4,11,November,8,2,Wednesday,45,312,False,Fall,True,2023
20231109,2023-11-09,2023,4,11,November,9,3,Thursday,45,313,False,Fall,True,2023
20231110,2023-11-10,2023,4,11,November,10,4,Friday,45,314,False,Fall,True,2023
20231111,2023-11-11,2023,4,11,November,11,5,Saturday,45,315,True,Fall,True,2023
20231112,2023-11-12,2023,4,11,November,12,6,Sunday,45,316,True,Fall,True,2023
20231113,2023-11-13,2023,4,11,November,13,0,Monday,46,317,False,Fall,True,2023
20231114,2023-11-14,2023,4,11,November,14,1,Tuesday,46,318,False,Fall,True,2023
20231115,2023-11-15,2023,4,11,November,15,2,Wednesday,46,319,False,Fall,True,2023
20231116,2023-11-16,2023,4,11,November,16,3,Thursday,46,320,False,Fall,True,2023
20231117,2023-11-17,2023,4,11,November,17,4,Friday,46,321,False,Fall,True,2023
20231118,2023-11-18,2023,4,11,November,18,5,Saturday,46,322,True,Fall,True,2023
20231119,2023-11-19,2023,4,11,November,19,6,Sunday,46,323,True,Fall,True,2023
20231120,2023-11-20,2023,4,11,November,20,0,Monday,47,324,False,Fall,True,2023
20231121,2023-11-21,2023,4,11,November,21,1,Tuesday,47,325,False,Fall,True,2023
20231122,2023-11-22,2023,4,11,November,22,2,Wednesday,47,326,False,Fall,True,2023
20231123,2023-11-23,2023,4,11,November,23,3,Thursday,47,327,False,Fall,True,2023
20231124,2023-11-24,2023,4,11,November,24,4,Friday,47,328,False,Fall,True,2023
20231125,2023-11-25,2023,4,11,November,25,5,Saturday,47,329,True,Fall,True,2023
20231126,2023-11-26,2023,4,11,November,26,6,Sunday,47,330,True,Fall,True,2023
20231127,2023-11-27,2023,4,11,November,27,0,Monday,48,331,False,Fall,True,2023
20231128,2023-11-28,2023,4,11,November,28,1,Tuesday,48,332,False,Fall,True,2023
20231129,2023-11-29,2023,4,11,November,29,2,Wednesday,48,333,False,Fall,True,2023
20231130,2023-11-30,2023,4,11,November,30,3,Thursday,48,334,False,Fall,True,2023
20231201,2023-12-01,2023,4,12,December,1,4,Friday,48,335,False,Winter,True,2023
20231202,2023-12-02,2023,4,12,December,2,5,Saturday,48,336,True,Winter,True,2023
20231203,2023-12-03,2023,4,12,December,3,6,Sunday,48,337,True,Winter,True,2023
20231204,2023-12-04,2023,4,12,December,4,0,Monday,49,338,False,Winter,True,2023
20231205,2023-12-05,2023,4,12,December,5,1,Tuesday,49,339,False,Winter,True,2023
20231206,2023-12-06,2023,4,12,December,6,2,Wednesday,49,340,False,Winter,True,2023
20231207,2023-12-07,2023,4,12,December,7,3,Thursday,49,341,False,Winter,True,2023
20231208,2023-12-08,2023,4,12,December,8,4,Friday,49,342,False,Winter,True,2023
20231209,2023-12-09,2023,4,12,December,9,5,Saturday,49,343,True,Winter,True,2023
20231210,2023-12-10,2023,4,12,December,10,6,Sunday,49,344,True,Winter,True,2023
20231211,2023-12-11,2023,4,12,December,11,0,Monday,50,345,False,Winter,True,2023
20231212,2023-12-12,2023,4,12,December,12,1,Tuesday,50,346,False,Winter,True,2023
20231213,2023-12-13,2023,4,12,December,13,2,Wednesday,50,347,False,Winter,True,2023
20231214,2023-12-14,2023,4,12,December,14,3,Thursday,50,348,False,Winter,True,2023
20231215,2023-12-15,2023,4,12,December,15,4,Friday,50,349,False,Winter,True,2023
20231216,2023-12-16,2023,4,12,December,16,5,Saturday,50,350,True,Winter,True,2023
20231217,2023-12-17,2023,4,12,December,17,6,Sunday,50,351,True,Winter,True,2023
20231218,2023-12-18,2023,4,12,December,18,0,Monday,51,352,False,Winter,True,2023
20231219,2023-12-19,2023,4,12,December,19,1,Tuesday,51,353,False,Winter,True,2023
20231220,2023-12-20,2023,4,12,December,20,2,Wednesday,51,354,False,Winter,True,2023
20231221,2023-12-21,2023,4,12,December,21,3,Thursday,51,355,False,Winter,True,2023
20231222,2023-12-22,2023,4,12,December,22,4,Friday,51,356,False,Winter,True,2023
20231223,2023-12-23,2023,4,12,December,23,5,Saturday,51,357,True,Winter,True,2023
20231224,2023-12-24,2023,4,12,December,24,6,Sunday,51,358,True,Winter,True,2023
20231225,2023-12-25,2023,4,12,December,25,0,Monday,52,359,False,Winter,True,2023
20231226,2023-12-26,2023,4,12,December,26,1,Tuesday,52,360,False,Winter,True,2023
20231227,2023-12-27,2023,4,12,December,27,2,Wednesday,52,361,False,Winter,True,2023
20231228,2023-12-28,2023,4,12,December,28,3,Thursday,52,362,False,Winter,True,2023
20231229,2023-12-29,2023,4,12,December,29,4,Friday,52,363,False,Winter,True,2023
20231230,2023-12-30,2023,4,12,December,30,5,Saturday,52,364,True,Winter,True,2023
20231231,2023-12-31,2023,4,12,December,31,6,Sunday,52,365,True,Winter,True,2023
20240101,2024-01-01,2024,1,1,January,1,0,Monday,1,1,False,Winter,False,2024
20240102,2024-01-02,2024,1,1,January,2,1,Tuesday,1,2,False,Winter,False,2024
20240103,2024-01-03,2024,1,1,January,3,2,Wednesday,1,3,False,Winter,False,2024
20240104,2024-01-04,2024,1,1,January,4,3,Thursday,1,4,False,Winter,False,2024
20240105,2024-01-05,2024,1,1,January,5,4,Friday,1,5,False,Winter,False,2024
20240106,2024-01-06,2024,1,1,January,6,5,Saturday,1,6,True,Winter,False,2024
20240107,2024-01-07,2024,1,1,January,7,6,Sunday,1,7,True,Winter,False,2024
20240108,2024-01-08,2024,1,1,January,8,0,Monday,2,8,False,Winter,False,2024
20240109,2024-01-09,2024,1,1,January,9,1,Tuesday,2,9,False,Winter,False,2024
20240110,2024-01-10,2024,1,1,January,10,2,Wednesday,2,10,False,Winter,False,2024
20240111,2024-01-11,2024,1,1,January,11,3,Thursday,2,11,False,Winter,False,2024
20240112,2024-01-12,2024,1,1,January,12,4,Friday,2,12,False,Winter,False,2024
20240113,2024-01-13,2024,1,1,January,13,5,Saturday,2,13,True,Winter,False,2024
20240114,2024-01-14,2024,1,1,January,14,6,Sunday,2,14,True,Winter,False,2024
20240115,2024-01-15,2024,1,1,January,15,0,Monday,3,15,False,Winter,False,2024
20240116,2024-01-16,2024,1,1,January,16,1,Tuesday,3,16,False,Winter,False,2024
20240117,2024-01-17,2024,1,1,January,17,2,Wednesday,3,17,False,Winter,False,2024
20240118,2024-01-18,2024,1,1,January,18,3,Thursday,3,18,False,Winter,False,2024
20240119,2024-01-19,2024,1,1,January,19,4,Friday,3,19,False,Winter,False,2024
20240120,2024-01-20,2024,1,1,January,20,5,Saturday,3,20,True,Winter,False,2024
20240121,2024-01-21,2024,1,1,January,21,6,Sunday,3,21,True,Winter,False,2024
20240122,2024-01-22,2024,1,1,January,22,0,Monday,4,22,False,Winter,False,2024
20240123,2024-01-23,2024,1,1,January,23,1,Tuesday,4,23,False,Winter,False,2024
20240124,2024-01-24,2024,1,1,January,24,2,Wednesday,4,24,False,Winter,False,2024
20240125,2024-01-25,2024,1,1,January,25,3,Thursday,4,25,False,Winter,False,2024
20240126,2024-01-26,2024,1,1,January,26,4,Friday,4,26,False,Winter,False,2024
20240127,2024-01-27,2024,1,1,January,27,5,Saturday,4,27,True,Winter,False,2024
20240128,2024-01-28,2024,1,1,January,28,6,Sunday,4,28,True,Winter,False,2024
20240129,2024-01-29,2024,1,1,January,29,0,Monday,5,29,False,Winter,False,2024
20240130,2024-01-30,2024,1,1,January,30,1,Tuesday,5,30,False,Winter,False,2024
20240131,2024-01-31,2024,1,1,January,31,2,Wednesday,5,31,False,Winter,False,2024
20240201,2024-02-01,2024,1,2,February,1,3,Thursday,5,32,False,Winter,False,2024
20240202,2024-02-02,2024,1,2,February,2,4,Friday,5,33,False,Winter,False,2024
20240203,2024-02-03,2024,1,2,February,3,5,Saturday,5,34,True,Winter,False,2024
20240204,2024-02-04,2024,1,2,February,4,6,Sunday,5,35,True,Winter,False,2024
20240205,2024-02-05,2024,1,2,February,5,0,Monday,6,36,False,Winter,False,2024
20240206,2024-02-06,2024,1,2,February,6,1,Tuesday,6,37,False,Winter,False,2024
20240207,2024-02-07,2024,1,2,February,7,2,Wednesday,6,38,False,Winter,False,2024
20240208,2024-02-08,2024,1,2,February,8,3,Thursday,6,39,False,Winter,False,2024
20240209,2024-02-09,2024,1,2,February,9,4,Friday,6,40,False,Winter,False,2024
20240210,2024-02-10,2024,1,2,February,10,5,Saturday,6,41,True,Winter,False,2024
20240211,2024-02-11,2024,1,2,February,11,6,Sunday,6,42,True,Winter,False,2024
20240212,2024-02-12,2024,1,2,February,12,0,Monday,7,43,False,Winter,False,2024
20240213,2024-02-13,2024,1,2,February,13,1,Tuesday,7,44,False,Winter,False,2024
20240214,2024-02-14,2024,1,2,February,14,2,Wednesday,7,45,False,Winter,False,2024
20240215,2024-02-15,2024,1,2,February,15,3,Thursday,7,46,False,Winter,False,2024
20240216,2024-02-16,2024,1,2,February,16,4,Friday,7,47,False,Winter,False,2024
20240217,2024-02-17,2024,1,2,February,17,5,Saturday,7,48,True,Winter,False,2024
20240218,2024-02-18,2024,1,2,February,18,6,Sunday,7,49,True,Winter,False,2024
20240219,2024-02-19,2024,1,2,February,19,0,Monday,8,50,False,Winter,False,2024
20240220,2024-02-20,2024,1,2,February,20,1,Tuesday,8,51,False,Winter,False,2024
20240221,2024-02-21,2024,1,2,February,21,2,Wednesday,8,52,False,Winter,False,2024
20240222,2024-02-22,2024,1,2,February,22,3,Thursday,8,53,False,Winter,False,2024
20240223,2024-02-23,2024,1,2,February,23,4,Friday,8,54,False,Winter,False,2024
20240224,2024-02-24,2024,1,2,February,24,5,Saturday,8,55,True,Winter,False,2024
20240225,2024-02-25,2024,1,2,February,25,6,Sunday,8,56,True,Winter,False,2024
20240226,2024-02-26,2024,1,2,February,26,0,Monday,9,57,False,Winter,False,2024
20240227,2024-02-27,2024,1,2,February,27,1,Tuesday,9,58,False,Winter,False,2024
20240228,2024-02-28,2024,1,2,February,28,2,Wednesday,9,59,False,Winter,False,2024
20240229,2024-02-29,2024,1,2,February,29,3,Thursday,9,60,False,Winter,False,2024
20240301,2024-03-01,2024,1,3,March,1,4,Friday,9,61,False,Spring,False,2024
20240302,2024-03-02,2024,1,3,March,2,5,Saturday,9,62,True,Spring,False,2024
20240303,2024-03-03,2024,1,3,March,3,6,Sunday,9,63,True,Spring,False,2024
20240304,2024-03-04,2024,1,3,March,4,0,Monday,10,64,False,Spring,False,2024
20240305,2024-03-05,2024,1,3,March,5,1,Tuesday,10,65,False,Spring,False,2024
20240306,2024-03-06,2024,1,3,March,6,2,Wednesday,10,66,False,Spring,False,2024
20240307,2024-03-07,2024,1,3,March,7,3,Thursday,10,67,False,Spring,False,2024
20240308,2024-03-08,2024,1,3,March,8,4,Friday,10,68,False,Spring,False,2024
20240309,2024-03-09,2024,1,3,March,9,5,Saturday,10,69,True,Spring,False,2024
20240310,2024-03-10,2024,1,3,March,10,6,Sunday,10,70,True,Spring,False,2024
20240311,2024-03-11,2024,1,3,March,11,0,Monday,11,71,False,Spring,False,2024
20240312,2024-03-12,2024,1,3,March,12,1,Tuesday,11,72,False,Spring,False,2024
20240313,2024-03-13,2024,1,3,March,13,2,Wednesday,11,73,False,Spring,False,2024
20240314,2024-03-14,2024,1,3,March,14,3,Thursday,11,74,False,Spring,False,2024
20240315,2024-03-15,2024,1,3,March,15,4,Friday,11,75,False,Spring,False,2024
20240316,2024-03-16,2024,1,3,March,16,5,Saturday,11,76,True,Spring,False,2024
20240317,2024-03-17,2024,1,3,March,17,6,Sunday,11,77,True,Spring,False,2024
20240318,2024-03-18,2024,1,3,March,18,0,Monday,12,78,False,Spring,False,2024
20240319,2024-03-19,2024,1,3,March,19,1,Tuesday,12,79,False,Spring,False,2024
20240320,2024-03-20,2024,1,3,March,20,2,Wednesday,12,80,False,Spring,False,2024
20240321,2024-03-21,2024,1,3,March,21,3,Thursday,12,81,False,Spring,False,2024
20240322,2024-03-22,2024,1,3,March,22,4,Friday,12,82,False,Spring,False,2024
20240323,2024-03-23,2024,1,3,March,23,5,Saturday,12,83,True,Spring,False,2024
20240324,2024-03-24,2024,1,3,March,24,6,Sunday,12,84,True,Spring,False,2024
20240325,2024-03-25,2024,1,3,March,25,0,Monday,13,85,False,Spring,False,2024
20240326,2024-03-26,2024,1,3,March,26,1,Tuesday,13,86,False,Spring,False,2024
20240327,2024-03-27,2024,1,3,March,27,2,Wednesday,13,87,False,Spring,False,2024
20240328,2024-03-28,2024,1,3,March,28,3,Thursday,13,88,False,Spring,False,2024
20240329,2024-03-29,2024,1,3,March,29,4,Friday,13,89,False,Spring,False,2024
20240330,2024-03-30,2024,1,3,March,30,5,Saturday,13,90,True,Spring,False,2024
20240331,2024-03-31,2024,1,3,March,31,6,Sunday,13,91,True,Spring,False,2024
20240401,2024-04-01,2024,2,4,April,1,0,Monday,14,92,False,Spring,False,2024
20240402,2024-04-02,2024,2,4,April,2,1,Tuesday,14,93,False,Spring,False,2024
20240403,2024-04-03,2024,2,4,April,3,2,Wednesday,14,94,False,Spring,False,2024
20240404,2024-04-04,2024,2,4,April,4,3,Thursday,14,95,False,Spring,False,2024
20240405,2024-04-05,2024,2,4,April,5,4,Friday,14,96,False,Spring,False,2024
20240406,2024-04-06,2024,2,4,April,6,5,Saturday,14,97,True,Spring,False,2024
20240407,2024-04-07,2024,2,4,April,7,6,Sunday,14,98,True,Spring,False,2024
20240408,2024-04-08,2024,2,4,April,8,0,Monday,15,99,False,Spring,False,2024
20240409,2024-04-09,2024,2,4,April,9,1,Tuesday,15,100,False,Spring,False,2024
20240410,2024-04-10,2024,2,4,April,10,2,Wednesday,15,101,False,Spring,False,2024
20240411,2024-04-11,2024,2,4,April,11,3,Thursday,15,102,False,Spring,False,2024
20240412,2024-04-12,2024,2,4,April,12,4,Friday,15,103,False,Spring,False,2024
20240413,2024-04-13,2024,2,4,April,13,5,Saturday,15,104,True,Spring,False,2024
20240414,2024-04-14,2024,2,4,April,14,6,Sunday,15,105,True,Spring,False,2024
20240415,2024-04-15,2024,2,4,April,15,0,Monday,16,106,False,Spring,False,2024
20240416,2024-04-16,2024,2,4,April,16,1,Tuesday,16,107,False,Spring,False,2024
20240417,2024-04-17,2024,2,4,April,17,2,Wednesday,16,108,False,Spring,False,2024
20240418,2024-04-18,2024,2,4,April,18,3,Thursday,16,109,False,Spring,False,2024
20240419,2024-04-19,2024,2,4,April,19,4,Friday,16,110,False,Spring,False,2024
20240420,2024-04-20,2024,2,4,April,20,5,Saturday,16,111,True,Spring,False,2024
20240421,2024-04-21,2024,2,4,April,21,6,Sunday,16,112,True,Spring,False,2024
20240422,2024-04-22,2024,2,4,April,22,0,Monday,17,113,False,Spring,False,2024
20240423,2024-04-23,2024,2,4,April,23,1,Tuesday,17,114,False,Spring,False,2024
20240424,2024-04-24,2024,2,4,April,24,2,Wednesday,17,115,False,Spring,False,2024
20240425,2024-04-25,2024,2,4,April,25,3,Thursday,17,116,False,Spring,False,2024
20240426,2024-04-26,2024,2,4,April,26,4,Friday,17,117,False,Spring,False,2024
20240427,2024-04-27,2024,2,4,April,27,5,Saturday,17,118,True,Spring,False,2024
20240428,2024-04-28,2024,2,4,April,28,6,Sunday,17,119,True,Spring,False,2024
20240429,2024-04-29,2024,2,4,April,29,0,Monday,18,120,False,Spring,False,2024
20240430,2024-04-30,2024,2,4,April,30,1,Tuesday,18,121,False,Spring,False,2024
20240501,2024-05-01,2024,2,5,May,1,2,Wednesday,18,122,False,Spring,False,2024
20240502,2024-05-02,2024,2,5,May,2,3,Thursday,18,123,False,Spring,False,2024
20240503,2024-05-03,2024,2,5,May,3,4,Friday,18,124,False,Spring,False,2024
20240504,2024-05-04,2024,2,5,May,4,5,Saturday,18,125,True,Spring,False,2024
20240505,2024-05-05,2024,2,5,May,5,6,Sunday,18,126,True,Spring,False,2024
20240506,2024-05-06,2024,2,5,May,6,0,Monday,19,127,False,Spring,False,2024
20240507,2024-05-07,2024,2,5,May,7,1,Tuesday,19,128,False,Spring,False,2024
20240508,2024-05-08,2024,2,5,May,8,2,Wednesday,19,129,False,Spring,False,2024
20240509,2024-05-09,2024,2,5,May,9,3,Thursday,19,130,False,Spring,False,2024
20240510,2024-05-10,2024,2,5,May,10,4,Friday,19,131,False,Spring,False,2024
20240511,2024-05-11,2024,2,5,May,11,5,Saturday,19,132,True,Spring,False,2024
20240512,2024-05-12,2024,2,5,May,12,6,Sunday,19,133,True,Spring,False,2024
20240513,2024-05-13,2024,2,5,May,13,0,Monday,20,134,False,Spring,False,2024
20240514,2024-05-14,2024,2,5,May,14,1,Tuesday,20,135,False,Spring,False,2024
20240515,2024-05-15,2024,2,5,May,15,2,Wednesday,20,136,False,Spring,False,2024
20240516,2024-05-16,2024,2,5,May,16,3,Thursday,20,137,False,Spring,False,2024
20240517,2024-05-17,2024,2,5,May,17,4,Friday,20,138,False,Spring,False,2024
20240518,2024-05-18,2024,2,5,May,18,5,Saturday,20,139,True,Spring,False,2024
20240519,2024-05-19,2024,2,5,May,19,6,Sunday,20,140,True,Spring,False,2024
20240520,2024-05-20,2024,2,5,May,20,0,Monday,21,141,False,Spring,False,2024
20240521,2024-05-21,2024,2,5,May,21,1,Tuesday,21,142,False,Spring,False,2024
20240522,2024-05-22,2024,2,5,May,22,2,Wednesday,21,143,False,Spring,False,2024
20240523,2024-05-23,2024,2,5,May,23,3,Thursday,21,144,False,Spring,False,2024
20240524,2024-05-24,2024,2,5,May,24,4,Friday,21,145,False,Spring,False,2024
20240525,2024-05-25,2024,2,5,May,25,5,Saturday,21,146,True,Spring,False,2024
20240526,2024-05-26,2024,2,5,May,26,6,Sunday,21,147,True,Spring,False,2024
20240527,2024-05-27,2024,2,5,May,27,0,Monday,22,148,False,Spring,False,2024
20240528,2024-05-28,2024,2,5,May,28,1,Tuesday,22,149,False,Spring,False,2024
20240529,2024-05-29,2024,2,5,May,29,2,Wednesday,22,150,False,Spring,False,2024
20240530,2024-05-30,2024,2,5,May,30,3,Thursday,22,151,False,Spring,False,2024
20240531,2024-05-31,2024,2,5,May,31,4,Friday,22,152,False,Spring,False,2024
20240601,2024-06-01,2024,2,6,June,1,5,Saturday,22,153,True,Summer,False,2024
20240602,2024-06-02,2024,2,6,June,2,6,Sunday,22,154,True,Summer,False,2024
20240603,2024-06-03,2024,2,6,June,3,0,Monday,23,155,False,Summer,False,2024
20240604,2024-06-04,2024,2,6,June,4,1,Tuesday,23,156,False,Summer,False,2024
20240605,2024-06-05,2024,2,6,June,5,2,Wednesday,23,157,False,Summer,False,2024
20240606,2024-06-06,2024,2,6,June,6,3,Thursday,23,158,False,Summer,False,2024
20240607,2024-06-07,2024,2,6,June,7,4,Friday,23,159,False,Summer,False,2024
20240608,2024-06-08,2024,2,6,June,8,5,Saturday,23,160,True,Summer,False,2024
20240609,2024-06-09,2024,2,6,June,9,6,Sunday,23,161,True,Summer,False,2024
20240610,2024-06-10,2024,2,6,June,10,0,Monday,24,162,False,Summer,False,2024
20240611,2024-06-11,2024,2,6,June,11,1,Tuesday,24,163,False,Summer,False,2024
20240612,2024-06-12,2024,2,6,June,12,2,Wednesday,24,164,False,Summer,False,2024
20240613,2024-06-13,2024,2,6,June,13,3,Thursday,24,165,False,Summer,False,2024
20240614,2024-06-14,2024,2,6,June,14,4,Friday,24,166,False,Summer,False,2024
20240615,2024-06-15,2024,2,6,June,15,5,Saturday,24,167,True,Summer,False,2024
20240616,2024-06-16,2024,2,6,June,16,6,Sunday,24,168,True,Summer,False,2024
20240617,2024-06-17,2024,2,6,June,17,0,Monday,25,169,False,Summer,False,2024
20240618,2024-06-18,2024,2,6,June,18,1,Tuesday,25,170,False,Summer,False,2024
20240619,2024-06-19,2024,2,6,June,19,2,Wednesday,25,171,False,Summer,False,2024
20240620,2024-06-20,2024,2,6,June,20,3,Thursday,25,172,False,Summer,False,2024
20240621,2024-06-21,2024,2,6,June,21,4,Friday,25,173,False,Summer,False,2024
20240622,2024-06-22,2024,2,6,June,22,5,Saturday,25,174,True,Summer,False,2024
20240623,2024-06-23,2024,2,6,June,23,6,Sunday,25,175,True,Summer,False,2024
20240624,2024-06-24,2024,2,6,June,24,0,Monday,26,176,False,Summer,False,2024
20240625,2024-06-25,2024,2,6,June,25,1,Tuesday,26,177,False,Summer,False,2024
20240626,2024-06-26,2024,2,6,June,26,2,Wednesday,26,178,False,Summer,False,2024
20240627,2024-06-27,2024,2,6,June,27,3,Thursday,26,179,False,Summer,False,2024
20240628,2024-06-28,2024,2,6,June,28,4,Friday,26,180,False,Summer,False,2024
20240629,2024-06-29,2024,2,6,June,29,5,Saturday,26,181,True,Summer,False,2024
20240630,2024-06-30,2024,2,6,June,30,6,Sunday,26,182,True,Summer,False,2024
20240701,2024-07-01,2024,3,7,July,1,0,Monday,27,183,False,Summer,False,2024
20240702,2024-07-02,2024,3,7,July,2,1,Tuesday,27,184,False,Summer,False,2024
20240703,2024-07-03,2024,3,7,July,3,2,Wednesday,27,185,False,Summer,False,2024
20240704,2024-07-04,2024,3,7,July,4,3,Thursday,27,186,False,Summer,False,2024
20240705,2024-07-05,2024,3,7,July,5,4,Friday,27,187,False,Summer,False,2024
20240706,2024-07-06,2024,3,7,July,6,5,Saturday,27,188,True,Summer,False,2024
20240707,2024-07-07,2024,3,7,July,7,6,Sunday,27,189,True,Summer,False,2024
20240708,2024-07-08,2024,3,7,July,8,0,Monday,28,190,False,Summer,False,2024
20240709,2024-07-09,2024,3,7,July,9,1,Tuesday,28,191,False,Summer,False,2024
20240710,2024-07-10,2024,3,7,July,10,2,Wednesday,28,192,False,Summer,False,2024
20240711,2024-07-11,2024,3,7,July,11,3,Thursday,28,193,False,Summer,False,2024
20240712,2024-07-12,2024,3,7,July,12,4,Friday,28,194,False,Summer,False,2024
20240713,2024-07-13,2024,3,7,July,13,5,Saturday,28,195,True,Summer,False,2024
20240714,2024-07-14,2024,3,7,July,14,6,Sunday,28,196,True,Summer,False,2024
20240715,2024-07-15,2024,3,7,July,15,0,Monday,29,197,False,Summer,False,2024
20240716,2024-07-16,2024,3,7,July,16,1,Tuesday,29,198,False,Summer,False,2024
20240717,2024-07-17,2024,3,7,July,17,2,Wednesday,29,199,False,Summer,False,2024
20240718,2024-07-18,2024,3,7,July,18,3,Thursday,29,200,False,Summer,False,2024
20240719,2024-07-19,2024,3,7,July,19,4,Friday,29,201,False,Summer,False,2024
20240720,2024-07-20,2024,3,7,July,20,5,Saturday,29,202,True,Summer,False,2024
20240721,2024-07-21,2024,3,7,July,21,6,Sunday,29,203,True,Summer,False,2024
20240722,2024-07-22,2024,3,7,July,22,0,Monday,30,204,False,Summer,False,2024
20240723,2024-07-23,2024,3,7,July,23,1,Tuesday,30,205,False,Summer,False,2024
20240724,2024-07-24,2024,3,7,July,24,2,Wednesday,30,206,False,Summer,False,2024
20240725,2024-07-25,2024,3,7,July,25,3,Thursday,30,207,False,Summer,False,2024
20240726,2024-07-26,2024,3,7,July,26,4,Friday,30,208,False,Summer,False,2024
20240727,2024-07-27,2024,3,7,July,27,5,Saturday,30,209,True,Summer,False,2024
20240728,2024-07-28,2024,3,7,July,28,6,Sunday,30,210,True,Summer,False,2024
20240729,2024-07-29,2024,3,7,July,29,0,Monday,31,211,False,Summer,False,2024
20240730,2024-07-30,2024,3,7,July,30,1,Tuesday,31,212,False,Summer,False,2024
20240731,2024-07-31,2024,3,7,July,31,2,Wednesday,31,213,False,Summer,False,2024
20240801,2024-08-01,2024,3,8,August,1,3,Thursday,31,214,False,Summer,False,2024
20240802,2024-08-02,2024,3,8,August,2,4,Friday,31,215,False,Summer,False,2024
20240803,2024-08-03,2024,3,8,August,3,5,Saturday,31,216,True,Summer,False,2024
20240804,2024-08-04,2024,3,8,August,4,6,Sunday,31,217,True,Summer,False,2024
20240805,2024-08-05,2024,3,8,August,5,0,Monday,32,218,False,Summer,False,2024
20240806,2024-08-06,2024,3,8,August,6,1,Tuesday,32,219,False,Summer,False,2024
20240807,2024-08-07,2024,3,8,August,7,2,Wednesday,32,220,False,Summer,False,2024
20240808,2024-08-08,2024,3,8,August,8,3,Thursday,32,221,False,Summer,False,2024
20240809,2024-08-09,2024,3,8,August,9,4,Friday,32,222,False,Summer,False,2024
20240810,2024-08-10,2024,3,8,August,10,5,Saturday,32,223,True,Summer,False,2024
20240811,2024-08-11,2024,3,8,August,11,6,Sunday,32,224,True,Summer,False,2024
20240812,2024-08-12,2024,3,8,August,12,0,Monday,33,225,False,Summer,False,2024
20240813,2024-08-13,2024,3,8,August,13,1,Tuesday,33,226,False,Summer,False,2024
20240814,2024-08-14,2024,3,8,August,14,2,Wednesday,33,227,False,Summer,False,2024
20240815,2024-08-15,2024,3,8,August,15,3,Thursday,33,228,False,Summer,False,2024
20240816,2024-08-16,2024,3,8,August,16,4,Friday,33,229,False,Summer,False,2024
20240817,2024-08-17,2024,3,8,August,17,5,Saturday,33,230,True,Summer,False,2024
20240818,2024-08-18,2024,3,8,August,18,6,Sunday,33,231,True,Summer,False,2024
20240819,2024-08-19,2024,3,8,August,19,0,Monday,34,232,False,Summer,False,2024
20240820,2024-08-20,2024,3,8,August,20,1,Tuesday,34,233,False,Summer,False,2024
20240821,2024-08-21,2024,3,8,August,21,2,Wednesday,34,234,False,Summer,False,2024
20240822,2024-08-22,2024,3,8,August,22,3,Thursday,34,235,False,Summer,False,2024
20240823,2024-08-23,2024,3,8,August,23,4,Friday,34,236,False,Summer,False,2024
20240824,2024-08-24,2024,3,8,August,24,5,Saturday,34,237,True,Summer,False,2024
20240825,2024-08-25,2024,3,8,August,25,6,Sunday,34,238,True,Summer,False,2024
20240826,2024-08-26,2024,3,8,August,26,0,Monday,35,239,False,Summer,False,2024
20240827,2024-08-27,2024,3,8,August,27,1,Tuesday,35,240,False,Summer,False,2024
20240828,2024-08-28,2024,3,8,August,28,2,Wednesday,35,241,False,Summer,False,2024
20240829,2024-08-29,2024,3,8,August,29,3,Thursday,35,242,False,Summer,False,2024
20240830,2024-08-30,2024,3,8,August,30,4,Friday,35,243,False,Summer,False,2024
20240831,2024-08-31,2024,3,8,August,31,5,Saturday,35,244,True,Summer,False,2024
20240901,2024-09-01,2024,3,9,September,1,6,Sunday,35,245,True,Fall,False,2024
20240902,2024-09-02,2024,3,9,September,2,0,Monday,36,246,False,Fall,False,2024
20240903,2024-09-03,2024,3,9,September,3,1,Tuesday,36,247,False,Fall,False,2024
20240904,2024-09-04,2024,3,9,September,4,2,Wednesday,36,248,False,Fall,False,2024
20240905,2024-09-05,2024,3,9,September,5,3,Thursday,36,249,False,Fall,False,2024
20240906,2024-09-06,2024,3,9,September,6,4,Friday,36,250,False,Fall,False,2024
20240907,2024-09-07,2024,3,9,September,7,5,Saturday,36,251,True,Fall,False,2024
20240908,2024-09-08,2024,3,9,September,8,6,Sunday,36,252,True,Fall,False,2024
20240909,2024-09-09,2024,3,9,September,9,0,Monday,37,253,False,Fall,False,2024
20240910,2024-09-10,2024,3,9,September,10,1,Tuesday,37,254,False,Fall,False,2024
20240911,2024-09-11,2024,3,9,September,11,2,Wednesday,37,255,False,Fall,False,2024
20240912,2024-09-12,2024,3,9,September,12,3,Thursday,37,256,False,Fall,False,2024
20240913,2024-09-13,2024,3,9,September,13,4,Friday,37,257,False,Fall,False,2024
20240914,2024-09-14,2024,3,9,September,14,5,Saturday,37,258,True,Fall,False,2024
20240915,2024-09-15,2024,3,9,September,15,6,Sunday,37,259,True,Fall,False,2024
20240916,2024-09-16,2024,3,9,September,16,0,Monday,38,260,False,Fall,False,2024
20240917,2024-09-17,2024,3,9,September,17,1,Tuesday,38,261,False,Fall,False,2024
20240918,2024-09-18,2024,3,9,September,18,2,Wednesday,38,262,False,Fall,False,2024
20240919,2024-09-19,2024,3,9,September,19,3,Thursday,38,263,False,Fall,False,2024
20240920,2024-09-20,2024,3,9,September,20,4,Friday,38,264,False,Fall,False,2024
20240921,2024-09-21,2024,3,9,September,21,5,Saturday,38,265,True,Fall,False,2024
20240922,2024-09-22,2024,3,9,September,22,6,Sunday,38,266,True,Fall,False,2024
20240923,2024-09-23,2024,3,9,September,23,0,Monday,39,267,False,Fall,False,2024
20240924,2024-09-24,2024,3,9,September,24,1,Tuesday,39,268,False,Fall,False,2024
20240925,2024-09-25,2024,3,9,September,25,2,Wednesday,39,269,False,Fall,False,2024
20240926,2024-09-26,2024,3,9,September,26,3,Thursday,39,270,False,Fall,False,2024
20240927,2024-09-27,2024,3,9,September,27,4,Friday,39,271,False,Fall,False,2024
20240928,2024-09-28,2024,3,9,September,28,5,Saturday,39,272,True,Fall,False,2024
20240929,2024-09-29,2024,3,9,September,29,6,Sunday,39,273,True,Fall,False,2024
20240930,2024-09-30,2024,3,9,September,30,0,Monday,40,274,False,Fall,False,2024
20241001,2024-10-01,2024,4,10,October,1,1,Tuesday,40,275,False,Fall,False,2024
20241002,2024-10-02,2024,4,10,October,2,2,Wednesday,40,276,False,Fall,False,2024
20241003,2024-10-03,2024,4,10,October,3,3,Thursday,40,277,False,Fall,False,2024
20241004,2024-10-04,2024,4,10,October,4,4,Friday,40,278,False,Fall,False,2024
20241005,2024-10-05,2024,4,10,October,5,5,Saturday,40,279,True,Fall,False,2024
20241006,2024-10-06,2024,4,10,October,6,6,Sunday,40,280,True,Fall,False,2024
20241007,2024-10-07,2024,4,10,October,7,0,Monday,41,281,False,Fall,False,2024
20241008,2024-10-08,2024,4,10,October,8,1,Tuesday,41,282,False,Fall,False,2024
20241009,2024-10-09,2024,4,10,October,9,2,Wednesday,41,283,False,Fall,False,2024
20241010,2024-10-10,2024,4,10,October,10,3,Thursday,41,284,False,Fall,False,2024
20241011,2024-10-11,2024,4,10,October,11,4,Friday,41,285,False,Fall,False,2024
20241012,2024-10-12,2024,4,10,October,12,5,Saturday,41,286,True,Fall,False,2024
20241013,2024-10-13,2024,4,10,October,13,6,Sunday,41,287,True,Fall,False,2024
20241014,2024-10-14,2024,4,10,October,14,0,Monday,42,288,False,Fall,False,2024
20241015,2024-10-15,2024,4,10,October,15,1,Tuesday,42,289,False,Fall,False,2024
20241016,2024-10-16,2024,4,10,October,16,2,Wednesday,42,290,False,Fall,False,2024
20241017,2024-10-17,2024,4,10,October,17,3,Thursday,42,291,False,Fall,False,2024
20241018,2024-10-18,2024,4,10,October,18,4,Friday,42,292,False,Fall,False,2024
20241019,2024-10-19,2024,4,10,October,19,5,Saturday,42,293,True,Fall,False,2024
20241020,2024-10-20,2024,4,10,October,20,6,Sunday,42,294,True,Fall,False,2024
20241021,2024-10-21,2024,4,10,October,21,0,Monday,43,295,False,Fall,False,2024
20241022,2024-10-22,2024,4,10,October,22,1,Tuesday,43,296,False,Fall,False,2024
20241023,2024-10-23,2024,4,10,October,23,2,Wednesday,43,297,False,Fall,False,2024
20241024,2024-10-24,2024,4,10,October,24,3,Thursday,43,298,False,Fall,False,2024
20241025,2024-10-25,2024,4,10,October,25,4,Friday,43,299,False,Fall,False,2024
20241026,2024-10-26,2024,4,10,October,26,5,Saturday,43,300,True,Fall,False,2024
20241027,2024-10-27,2024,4,10,October,27,6,Sunday,43,301,True,Fall,False,2024
20241028,2024-10-28,2024,4,10,October,28,0,Monday,44,302,False,Fall,False,2024
20241029,2024-10-29,2024,4,10,October,29,1,Tuesday,44,303,False,Fall,False,2024
20241030,2024-10-30,2024,4,10,October,30,2,Wednesday,44,304,False,Fall,False,2024
20241031,2024-10-31,2024,4,10,October,31,3,Thursday,44,305,False,Fall,False,2024
20241101,2024-11-01,2024,4,11,November,1,4,Friday,44,306,False,Fall,True,2024
20241102,2024-11-02,2024,4,11,November,2,5,Saturday,44,307,True,Fall,True,2024
20241103,2024-11-03,2024,4,11,November,3,6,Sunday,44,308,True,Fall,True,2024
20241104,2024-11-04,2024,4,11,November,4,0,Monday,45,309,False,Fall,True,2024
20241105,2024-11-05,2024,4,11,November,5,1,Tuesday,45,310,False,Fall,True,2024
20241106,2024-11-06,2024,4,11,November,6,2,Wednesday,45,311,False,Fall,True,2024
20241107,2024-11-07,2024,4,11,November,7,3,Thursday,45,312,False,Fall,True,2024
20241108,2024-11-08,2024,4,11,November,8,4,Friday,45,313,False,Fall,True,2024
20241109,2024-11-09,2024,4,11,November,9,5,Saturday,45,314,True,Fall,True,2024
20241110,2024-11-10,2024,4,11,November,10,6,Sunday,45,315,True,Fall,True,2024
20241111,2024-11-11,2024,4,11,November,11,0,Monday,46,316,False,Fall,True,2024
20241112,2024-11-12,2024,4,11,November,12,1,Tuesday,46,317,False,Fall,True,2024
20241113,2024-11-13,2024,4,11,November,13,2,Wednesday,46,318,False,Fall,True,2024
20241114,2024-11-14,2024,4,11,November,14,3,Thursday,46,319,False,Fall,True,2024
20241115,2024-11-15,2024,4,11,November,15,4,Friday,46,320,False,Fall,True,2024
20241116,2024-11-16,2024,4,11,November,16,5,Saturday,46,321,True,Fall,True,2024
20241117,2024-11-17,2024,4,11,November,17,6,Sunday,46,322,True,Fall,True,2024
20241118,2024-11-18,2024,4,11,November,18,0,Monday,47,323,False,Fall,True,2024
20241119,2024-11-19,2024,4,11,November,19,1,Tuesday,47,324,False,Fall,True,2024
20241120,2024-11-20,2024,4,11,November,20,2,Wednesday,47,325,False,Fall,True,2024
20241121,2024-11-21,2024,4,11,November,21,3,Thursday,47,326,False,Fall,True,2024
20241122,2024-11-22,2024,4,11,November,22,4,Friday,47,327,False,Fall,True,2024
20241123,2024-11-23,2024,4,11,November,23,5,Saturday,47,328,True,Fall,True,2024
20241124,2024-11-24,2024,4,11,November,24,6,Sunday,47,329,True,Fall,True,2024
20241125,2024-11-25,2024,4,11,November,25,0,Monday,48,330,False,Fall,True,2024
20241126,2024-11-26,2024,4,11,November,26,1,Tuesday,48,331,False,Fall,True,2024
20241127,2024-11-27,2024,4,11,November,27,2,Wednesday,48,332,False,Fall,True,2024
20241128,2024-11-28,2024,4,11,November,28,3,Thursday,48,333,False,Fall,True,2024
20241129,2024-11-29,2024,4,11,November,29,4,Friday,48,334,False,Fall,True,2024
20241130,2024-11-30,2024,4,11,November,30,5,Saturday,48,335,True,Fall,True,2024
20241201,2024-12-01,2024,4,12,December,1,6,Sunday,48,336,True,Winter,True,2024
20241202,2024-12-02,2024,4,12,December,2,0,Monday,49,337,False,Winter,True,2024
20241203,2024-12-03,2024,4,12,December,3,1,Tuesday,49,338,False,Winter,True,2024
20241204,2024-12-04,2024,4,12,December,4,2,Wednesday,49,339,False,Winter,True,2024
20241205,2024-12-05,2024,4,12,December,5,3,Thursday,49,340,False,Winter,True,2024
20241206,2024-12-06,2024,4,12,December,6,4,Friday,49,341,False,Winter,True,2024
20241207,2024-12-07,2024,4,12,December,7,5,Saturday,49,342,True,Winter,True,2024
20241208,2024-12-08,2024,4,12,December,8,6,Sunday,49,343,True,Winter,True,2024
20241209,2024-12-09,2024,4,12,December,9,0,Monday,50,344,False,Winter,True,2024
20241210,2024-12-10,2024,4,12,December,10,1,Tuesday,50,345,False,Winter,True,2024
20241211,2024-12-11,2024,4,12,December,11,2,Wednesday,50,346,False,Winter,True,2024
20241212,2024-12-12,2024,4,12,December,12,3,Thursday,50,347,False,Winter,True,2024
20241213,2024-12-13,2024,4,12,December,13,4,Friday,50,348,False,Winter,True,2024
20241214,2024-12-14,2024,4,12,December,14,5,Saturday,50,349,True,Winter,True,2024
20241215,2024-12-15,2024,4,12,December,15,6,Sunday,50,350,True,Winter,True,2024
20241216,2024-12-16,2024,4,12,December,16,0,Monday,51,351,False,Winter,True,2024
20241217,2024-12-17,2024,4,12,December,17,1,Tuesday,51,352,False,Winter,True,2024
20241218,2024-12-18,2024,4,12,December,18,2,Wednesday,51,353,False,Winter,True,2024
20241219,2024-12-19,2024,4,12,December,19,3,Thursday,51,354,False,Winter,True,2024
20241220,2024-12-20,2024,4,12,December,20,4,Friday,51,355,False,Winter,True,2024
20241221,2024-12-21,2024,4,12,December,21,5,Saturday,51,356,True,Winter,True,2024
20241222,2024-12-22,2024,4,12,December,22,6,Sunday,51,357,True,Winter,True,2024
20241223,2024-12-23,2024,4,12,December,23,0,Monday,52,358,False,Winter,True,2024
20241224,2024-12-24,2024,4,12,December,24,1,Tuesday,52,359,False,Winter,True,2024
20241225,2024-12-25,2024,4,12,December,25,2,Wednesday,52,360,False,Winter,True,2024
20241226,2024-12-26,2024,4,12,December,26,3,Thursday,52,361,False,Winter,True,2024
20241227,2024-12-27,2024,4,12,December,27,4,Friday,52,362,False,Winter,True,2024
20241228,2024-12-28,2024,4,12,December,28,5,Saturday,52,363,True,Winter,True,2024
20241229,2024-12-29,2024,4,12,December,29,6,Sunday,52,364,True,Winter,True,2024
20241230,2024-12-30,2024,4,12,December,30,0,Monday,1,365,False,Winter,True,2024
20241231,2024-12-31,2024,4,12,December,31,1,Tuesday,1,366,False,Winter,True,2024
20250101,2025-01-01,2025,1,1,January,1,2,Wednesday,1,1,False,Winter,False,2025
20250102,2025-01-02,2025,1,1,January,2,3,Thursday,1,2,False,Winter,False,2025
20250103,2025-01-03,2025,1,1,January,3,4,Friday,1,3,False,Winter,False,2025
20250104,2025-01-04,2025,1,1,January,4,5,Saturday,1,4,True,Winter,False,2025
20250105,2025-01-05,2025,1,1,January,5,6,Sunday,1,5,True,Winter,False,2025
20250106,2025-01-06,2025,1,1,January,6,0,Monday,2,6,False,Winter,False,2025
20250107,2025-01-07,2025,1,1,January,7,1,Tuesday,2,7,False,Winter,False,2025
20250108,2025-01-08,2025,1,1,January,8,2,Wednesday,2,8,False,Winter,False,2025
20250109,2025-01-09,2025,1,1,January,9,3,Thursday,2,9,False,Winter,False,2025
20250110,2025-01-10,2025,1,1,January,10,4,Friday,2,10,False,Winter,False,2025
20250111,2025-01-11,2025,1,1,January,11,5,Saturday,2,11,True,Winter,False,2025
20250112,2025-01-12,2025,1,1,January,12,6,Sunday,2,12,True,Winter,False,2025
20250113,2025-01-13,2025,1,1,January,13,0,Monday,3,13,False,Winter,False,2025
20250114,2025-01-14,2025,1,1,January,14,1,Tuesday,3,14,False,Winter,False,2025
20250115,2025-01-15,2025,1,1,January,15,2,Wednesday,3,15,False,Winter,False,2025
20250116,2025-01-16,2025,1,1,January,16,3,Thursday,3,16,False,Winter,False,2025
20250117,2025-01-17,2025,1,1,January,17,4,Friday,3,17,False,Winter,False,2025
20250118,2025-01-18,2025,1,1,January,18,5,Saturday,3,18,True,Winter,False,2025
20250119,2025-01-19,2025,1,1,January,19,6,Sunday,3,19,True,Winter,False,2025
20250120,2025-01-20,2025,1,1,January,20,0,Monday,4,20,False,Winter,False,2025
20250121,2025-01-21,2025,1,1,January,21,1,Tuesday,4,21,False,Winter,False,2025
20250122,2025-01-22,2025,1,1,January,22,2,Wednesday,4,22,False,Winter,False,2025
20250123,2025-01-23,2025,1,1,January,23,3,Thursday,4,23,False,Winter,False,2025
20250124,2025-01-24,2025,1,1,January,24,4,Friday,4,24,False,Winter,False,2025
20250125,2025-01-25,2025,1,1,January,25,5,Saturday,4,25,True,Winter,False,2025
20250126,2025-01-26,2025,1,1,January,26,6,Sunday,4,26,True,Winter,False,2025
20250127,2025-01-27,2025,1,1,January,27,0,Monday,5,27,False,Winter,False,2025
20250128,2025-01-28,2025,1,1,January,28,1,Tuesday,5,28,False,Winter,False,2025
20250129,2025-01-29,2025,1,1,January,29,2,Wednesday,5,29,False,Winter,False,2025
20250130,2025-01-30,2025,1,1,January,30,3,Thursday,5,30,False,Winter,False,2025
20250131,2025-01-31,2025,1,1,January,31,4,Friday,5,31,False,Winter,False,2025
20250201,2025-02-01,2025,1,2,February,1,5,Saturday,5,32,True,Winter,False,2025
20250202,2025-02-02,2025,1,2,February,2,6,Sunday,5,33,True,Winter,False,2025
20250203,2025-02-03,2025,1,2,February,3,0,Monday,6,34,False,Winter,False,2025
20250204,2025-02-04,2025,1,2,February,4,1,Tuesday,6,35,False,Winter,False,2025
20250205,2025-02-05,2025,1,2,February,5,2,Wednesday,6,36,False,Winter,False,2025
20250206,2025-02-06,2025,1,2,February,6,3,Thursday,6,37,False,Winter,False,2025
20250207,2025-02-07,2025,1,2,February,7,4,Friday,6,38,False,Winter,False,2025
20250208,2025-02-08,2025,1,2,February,8,5,Saturday,6,39,True,Winter,False,2025
20250209,2025-02-09,2025,1,2,February,9,6,Sunday,6,40,True,Winter,False,2025
20250210,2025-02-10,2025,1,2,February,10,0,Monday,7,41,False,Winter,False,2025
20250211,2025-02-11,2025,1,2,February,11,1,Tuesday,7,42,False,Winter,False,2025
20250212,2025-02-12,2025,1,2,February,12,2,Wednesday,7,43,False,Winter,False,2025
20250213,2025-02-13,2025,1,2,February,13,3,Thursday,7,44,False,Winter,False,2025
20250214,2025-02-14,2025,1,2,February,14,4,Friday,7,45,False,Winter,False,2025
20250215,2025-02-15,2025,1,2,February,15,5,Saturday,7,46,True,Winter,False,2025
20250216,2025-02-16,2025,1,2,February,16,6,Sunday,7,47,True,Winter,False,2025
20250217,2025-02-17,2025,1,2,February,17,0,Monday,8,48,False,Winter,False,2025
20250218,2025-02-18,2025,1,2,February,18,1,Tuesday,8,49,False,Winter,False,2025
20250219,2025-02-19,2025,1,2,February,19,2,Wednesday,8,50,False,Winter,False,2025
20250220,2025-02-20,2025,1,2,February,20,3,Thursday,8,51,False,Winter,False,2025
20250221,2025-02-21,2025,1,2,February,21,4,Friday,8,52,False,Winter,False,2025
20250222,2025-02-22,2025,1,2,February,22,5,Saturday,8,53,True,Winter,False,2025
20250223,2025-02-23,2025,1,2,February,23,6,Sunday,8,54,True,Winter,False,2025
20250224,2025-02-24,2025,1,2,February,24,0,Monday,9,55,False,Winter,False,2025
20250225,2025-02-25,2025,1,2,February,25,1,Tuesday,9,56,False,Winter,False,2025
20250226,2025-02-26,2025,1,2,February,26,2,Wednesday,9,57,False,Winter,False,2025
20250227,2025-02-27,2025,1,2,February,27,3,Thursday,9,58,False,Winter,False,2025
20250228,2025-02-28,2025,1,2,February,28,4,Friday,9,59,False,Winter,False,2025
20250301,2025-03-01,2025,1,3,March,1,5,Saturday,9,60,True,Spring,False,2025
20250302,2025-03-02,2025,1,3,March,2,6,Sunday,9,61,True,Spring,False,2025
20250303,2025-03-03,2025,1,3,March,3,0,Monday,10,62,False,Spring,False,2025
20250304,2025-03-04,2025,1,3,March,4,1,Tuesday,10,63,False,Spring,False,2025
20250305,2025-03-05,2025,1,3,March,5,2,Wednesday,10,64,False,Spring,False,2025
20250306,2025-03-06,2025,1,3,March,6,3,Thursday,10,65,False,Spring,False,2025
20250307,2025-03-07,2025,1,3,March,7,4,Friday,10,66,False,Spring,False,2025
20250308,2025-03-08,2025,1,3,March,8,5,Saturday,10,67,True,Spring,False,2025
20250309,2025-03-09,2025,1,3,March,9,6,Sunday,10,68,True,Spring,False,2025
20250310,2025-03-10,2025,1,3,March,10,0,Monday,11,69,False,Spring,False,2025
20250311,2025-03-11,2025,1,3,March,11,1,Tuesday,11,70,False,Spring,False,2025
20250312,2025-03-12,2025,1,3,March,12,2,Wednesday,11,71,False,Spring,False,2025
20250313,2025-03-13,2025,1,3,March,13,3,Thursday,11,72,False,Spring,False,2025
20250314,2025-03-14,2025,1,3,March,14,4,Friday,11,73,False,Spring,False,2025
20250315,2025-03-15,2025,1,3,March,15,5,Saturday,11,74,True,Spring,False,2025
20250316,2025-03-16,2025,1,3,March,16,6,Sunday,11,75,True,Spring,False,2025
20250317,2025-03-17,2025,1,3,March,17,0,Monday,12,76,False,Spring,False,2025
20250318,2025-03-18,2025,1,3,March,18,1,Tuesday,12,77,False,Spring,False,2025
20250319,2025-03-19,2025,1,3,March,19,2,Wednesday,12,78,False,Spring,False,2025
20250320,2025-03-20,2025,1,3,March,20,3,Thursday,12,79,False,Spring,False,2025
20250321,2025-03-21,2025,1,3,March,21,4,Friday,12,80,False,Spring,False,2025
20250322,2025-03-22,2025,1,3,March,22,5,Saturday,12,81,True,Spring,False,2025
20250323,2025-03-23,2025,1,3,March,23,6,Sunday,12,82,True,Spring,False,2025
20250324,2025-03-24,2025,1,3,March,24,0,Monday,13,83,False,Spring,False,2025
20250325,2025-03-25,2025,1,3,March,25,1,Tuesday,13,84,False,Spring,False,2025
20250326,2025-03-26,2025,1,3,March,26,2,Wednesday,13,85,False,Spring,False,2025
20250327,2025-03-27,2025,1,3,March,27,3,Thursday,13,86,False,Spring,False,2025
20250328,2025-03-28,2025,1,3,March,28,4,Friday,13,87,False,Spring,False,2025
20250329,2025-03-29,2025,1,3,March,29,5,Saturday,13,88,True,Spring,False,2025
20250330,2025-03-30,2025,1,3,March,30,6,Sunday,13,89,True,Spring,False,2025
20250331,2025-03-31,2025,1,3,March,31,0,Monday,14,90,False,Spring,False,2025
20250401,2025-04-01,2025,2,4,April,1,1,Tuesday,14,91,False,Spring,False,2025
20250402,2025-04-02,2025,2,4,April,2,2,Wednesday,14,92,False,Spring,False,2025
20250403,2025-04-03,2025,2,4,April,3,3,Thursday,14,93,False,Spring,False,2025
20250404,2025-04-04,2025,2,4,April,4,4,Friday,14,94,False,Spring,False,2025
20250405,2025-04-05,2025,2,4,April,5,5,Saturday,14,95,True,Spring,False,2025
20250406,2025-04-06,2025,2,4,April,6,6,Sunday,14,96,True,Spring,False,2025
20250407,2025-04-07,2025,2,4,April,7,0,Monday,15,97,False,Spring,False,2025
20250408,2025-04-08,2025,2,4,April,8,1,Tuesday,15,98,False,Spring,False,2025
20250409,2025-04-09,2025,2,4,April,9,2,Wednesday,15,99,False,Spring,False,2025
20250410,2025-04-10,2025,2,4,April,10,3,Thursday,15,100,False,Spring,False,2025
20250411,2025-04-11,2025,2,4,April,11,4,Friday,15,101,False,Spring,False,2025
20250412,2025-04-12,2025,2,4,April,12,5,Saturday,15,102,True,Spring,False,2025
20250413,2025-04-13,2025,2,4,April,13,6,Sunday,15,103,True,Spring,False,2025
20250414,2025-04-14,2025,2,4,April,14,0,Monday,16,104,False,Spring,False,2025
20250415,2025-04-15,2025,2,4,April,15,1,Tuesday,16,105,False,Spring,False,2025
20250416,2025-04-16,2025,2,4,April,16,2,Wednesday,16,106,False,Spring,False,2025
20250417,2025-04-17,2025,2,4,April,17,3,Thursday,16,107,False,Spring,False,2025
20250418,2025-04-18,2025,2,4,April,18,4,Friday,16,108,False,Spring,False,2025
20250419,2025-04-19,2025,2,4,April,19,5,Saturday,16,109,True,Spring,False,2025
20250420,2025-04-20,2025,2,4,April,20,6,Sunday,16,110,True,Spring,False,2025
20250421,2025-04-21,2025,2,4,April,21,0,Monday,17,111,False,Spring,False,2025
20250422,2025-04-22,2025,2,4,April,22,1,Tuesday,17,112,False,Spring,False,2025
20250423,2025-04-23,2025,2,4,April,23,2,Wednesday,17,113,False,Spring,False,2025
20250424,2025-04-24,2025,2,4,April,24,3,Thursday,17,114,False,Spring,False,2025
20250425,2025-04-25,2025,2,4,April,25,4,Friday,17,115,False,Spring,False,2025
20250426,2025-04-26,2025,2,4,April,26,5,Saturday,17,116,True,Spring,False,2025
20250427,2025-04-27,2025,2,4,April,27,6,Sunday,17,117,True,Spring,False,2025
20250428,2025-04-28,2025,2,4,April,28,0,Monday,18,118,False,Spring,False,2025
20250429,2025-04-29,2025,2,4,April,29,1,Tuesday,18,119,False,Spring,False,2025
20250430,2025-04-30,2025,2,4,April,30,2,Wednesday,18,120,False,Spring,False,2025
20250501,2025-05-01,2025,2,5,May,1,3,Thursday,18,121,False,Spring,False,2025
20250502,2025-05-02,2025,2,5,May,2,4,Friday,18,122,False,Spring,False,2025
20250503,2025-05-03,2025,2,5,May,3,5,Saturday,18,123,True,Spring,False,2025
20250504,2025-05-04,2025,2,5,May,4,6,Sunday,18,124,True,Spring,False,2025
20250505,2025-05-05,2025,2,5,May,5,0,Monday,19,125,False,Spring,False,2025
20250506,2025-05-06,2025,2,5,May,6,1,Tuesday,19,126,False,Spring,False,2025
20250507,2025-05-07,2025,2,5,May,7,2,Wednesday,19,127,False,Spring,False,2025
20250508,2025-05-08,2025,2,5,May,8,3,Thursday,19,128,False,Spring,False,2025
20250509,2025-05-09,2025,2,5,May,9,4,Friday,19,129,False,Spring,False,2025
20250510,2025-05-10,2025,2,5,May,10,5,Saturday,19,130,True,Spring,False,2025
20250511,2025-05-11,2025,2,5,May,11,6,Sunday,19,131,True,Spring,False,2025
20250512,2025-05-12,2025,2,5,May,12,0,Monday,20,132,False,Spring,False,2025
20250513,2025-05-13,2025,2,5,May,13,1,Tuesday,20,133,False,Spring,False,2025
20250514,2025-05-14,2025,2,5,May,14,2,Wednesday,20,134,False,Spring,False,2025
20250515,2025-05-15,2025,2,5,May,15,3,Thursday,20,135,False,Spring,False,2025
20250516,2025-05-16,2025,2,5,May,16,4,Friday,20,136,False,Spring,False,2025
20250517,2025-05-17,2025,2,5,May,17,5,Saturday,20,137,True,Spring,False,2025
20250518,2025-05-18,2025,2,5,May,18,6,Sunday,20,138,True,Spring,False,2025
20250519,2025-05-19,2025,2,5,May,19,0,Monday,21,139,False,Spring,False,2025
20250520,2025-05-20,2025,2,5,May,20,1,Tuesday,21,140,False,Spring,False,2025
20250521,2025-05-21,2025,2,5,May,21,2,Wednesday,21,141,False,Spring,False,2025
20250522,2025-05-22,2025,2,5,May,22,3,Thursday,21,142,False,Spring,False,2025
20250523,2025-05-23,2025,2,5,May,23,4,Friday,21,143,False,Spring,False,2025
20250524,2025-05-24,2025,2,5,May,24,5,Saturday,21,144,True,Spring,False,2025
20250525,2025-05-25,2025,2,5,May,25,6,Sunday,21,145,True,Spring,False,2025
20250526,2025-05-26,2025,2,5,May,26,0,Monday,22,146,False,Spring,False,2025
20250527,2025-05-27,2025,2,5,May,27,1,Tuesday,22,147,False,Spring,False,2025
20250528,2025-05-28,2025,2,5,May,28,2,Wednesday,22,148,False,Spring,False,2025
20250529,2025-05-29,2025,2,5,May,29,3,Thursday,22,149,False,Spring,False,2025
20250530,2025-05-30,2025,2,5,May,30,4,Friday,22,150,False,Spring,False,2025
20250531,2025-05-31,2025,2,5,May,31,5,Saturday,22,151,True,Spring,False,2025
20250601,2025-06-01,2025,2,6,June,1,6,Sunday,22,152,True,Summer,False,2025
20250602,2025-06-02,2025,2,6,June,2,0,Monday,23,153,False,Summer,False,2025
20250603,2025-06-03,2025,2,6,June,3,1,Tuesday,23,154,False,Summer,False,2025
20250604,2025-06-04,2025,2,6,June,4,2,Wednesday,23,155,False,Summer,False,2025
20250605,2025-06-05,2025,2,6,June,5,3,Thursday,23,156,False,Summer,False,2025
20250606,2025-06-06,2025,2,6,June,6,4,Friday,23,157,False,Summer,False,2025
20250607,2025-06-07,2025,2,6,June,7,5,Saturday,23,158,True,Summer,False,2025
20250608,2025-06-08,2025,2,6,June,8,6,Sunday,23,159,True,Summer,False,2025
20250609,2025-06-09,2025,2,6,June,9,0,Monday,24,160,False,Summer,False,2025
20250610,2025-06-10,2025,2,6,June,10,1,Tuesday,24,161,False,Summer,False,2025
20250611,2025-06-11,2025,2,6,June,11,2,Wednesday,24,162,False,Summer,False,2025
20250612,2025-06-12,2025,2,6,June,12,3,Thursday,24,163,False,Summer,False,2025
20250613,2025-06-13,2025,2,6,June,13,4,Friday,24,164,False,Summer,False,2025
20250614,2025-06-14,2025,2,6,June,14,5,Saturday,24,165,True,Summer,False,2025
20250615,2025-06-15,2025,2,6,June,15,6,Sunday,24,166,True,Summer,False,2025
20250616,2025-06-16,2025,2,6,June,16,0,Monday,25,167,False,Summer,False,2025
20250617,2025-06-17,2025,2,6,June,17,1,Tuesday,25,168,False,Summer,False,2025
20250618,2025-06-18,2025,2,6,June,18,2,Wednesday,25,169,False,Summer,False,2025
20250619,2025-06-19,2025,2,6,June,19,3,Thursday,25,170,False,Summer,False,2025
20250620,2025-06-20,2025,2,6,June,20,4,Friday,25,171,False,Summer,False,2025
20250621,2025-06-21,2025,2,6,June,21,5,Saturday,25,172,True,Summer,False,2025
20250622,2025-06-22,2025,2,6,June,22,6,Sunday,25,173,True,Summer,False,2025
20250623,2025-06-23,2025,2,6,June,23,0,Monday,26,174,False,Summer,False,2025
20250624,2025-06-24,2025,2,6,June,24,1,Tuesday,26,175,False,Summer,False,2025
20250625,2025-06-25,2025,2,6,June,25,2,Wednesday,26,176,False,Summer,False,2025
20250626,2025-06-26,2025,2,6,June,26,3,Thursday,26,177,False,Summer,False,2025
20250627,2025-06-27,2025,2,6,June,27,4,Friday,26,178,False,Summer,False,2025
20250628,2025-06-28,2025,2,6,June,28,5,Saturday,26,179,True,Summer,False,2025
20250629,2025-06-29,2025,2,6,June,29,6,Sunday,26,180,True,Summer,False,2025
20250630,2025-06-30,2025,2,6,June,30,0,Monday,27,181,False,Summer,False,2025
20250701,2025-07-01,2025,3,7,July,1,1,Tuesday,27,182,False,Summer,False,2025
20250702,2025-07-02,2025,3,7,July,2,2,Wednesday,27,183,False,Summer,False,2025
20250703,2025-07-03,2025,3,7,July,3,3,Thursday,27,184,False,Summer,False,2025
20250704,2025-07-04,2025,3,7,July,4,4,Friday,27,185,False,Summer,False,2025
20250705,2025-07-05,2025,3,7,July,5,5,Saturday,27,186,True,Summer,False,2025
20250706,2025-07-06,2025,3,7,July,6,6,Sunday,27,187,True,Summer,False,2025
20250707,2025-07-07,2025,3,7,July,7,0,Monday,28,188,False,Summer,False,2025
20250708,2025-07-08,2025,3,7,July,8,1,Tuesday,28,189,False,Summer,False,2025
20250709,2025-07-09,2025,3,7,July,9,2,Wednesday,28,190,False,Summer,False,2025
20250710,2025-07-10,2025,3,7,July,10,3,Thursday,28,191,False,Summer,False,2025
20250711,2025-07-11,2025,3,7,July,11,4,Friday,28,192,False,Summer,False,2025
20250712,2025-07-12,2025,3,7,July,12,5,Saturday,28,193,True,Summer,False,2025
20250713,2025-07-13,2025,3,7,July,13,6,Sunday,28,194,True,Summer,False,2025
20250714,2025-07-14,2025,3,7,July,14,0,Monday,29,195,False,Summer,False,2025
20250715,2025-07-15,2025,3,7,July,15,1,Tuesday,29,196,False,Summer,False,2025
20250716,2025-07-16,2025,3,7,July,16,2,Wednesday,29,197,False,Summer,False,2025
20250717,2025-07-17,2025,3,7,July,17,3,Thursday,29,198,False,Summer,False,2025
20250718,2025-07-18,2025,3,7,July,18,4,Friday,29,199,False,Summer,False,2025
20250719,2025-07-19,2025,3,7,July,19,5,Saturday,29,200,True,Summer,False,2025
20250720,2025-07-20,2025,3,7,July,20,6,Sunday,29,201,True,Summer,False,2025
20250721,2025-07-21,2025,3,7,July,21,0,Monday,30,202,False,Summer,False,2025
20250722,2025-07-22,2025,3,7,July,22,1,Tuesday,30,203,False,Summer,False,2025
20250723,2025-07-23,2025,3,7,July,23,2,Wednesday,30,204,False,Summer,False,2025
20250724,2025-07-24,2025,3,7,July,24,3,Thursday,30,205,False,Summer,False,2025
20250725,2025-07-25,2025,3,7,July,25,4,Friday,30,206,False,Summer,False,2025
20250726,2025-07-26,2025,3,7,July,26,5,Saturday,30,207,True,Summer,False,2025
20250727,2025-07-27,2025,3,7,July,27,6,Sunday,30,208,True,Summer,False,2025
20250728,2025-07-28,2025,3,7,July,28,0,Monday,31,209,False,Summer,False,2025
20250729,2025-07-29,2025,3,7,July,29,1,Tuesday,31,210,False,Summer,False,2025
20250730,2025-07-30,2025,3,7,July,30,2,Wednesday,31,211,False,Summer,False,2025
20250731,2025-07-31,2025,3,7,July,31,3,Thursday,31,212,False,Summer,False,2025
20250801,2025-08-01,2025,3,8,August,1,4,Friday,31,213,False,Summer,False,2025
20250802,2025-08-02,2025,3,8,August,2,5,Saturday,31,214,True,Summer,False,2025
20250803,2025-08-03,2025,3,8,August,3,6,Sunday,31,215,True,Summer,False,2025
20250804,2025-08-04,2025,3,8,August,4,0,Monday,32,216,False,Summer,False,2025
20250805,2025-08-05,2025,3,8,August,5,1,Tuesday,32,217,False,Summer,False,2025
20250806,2025-08-06,2025,3,8,August,6,2,Wednesday,32,218,False,Summer,False,2025
20250807,2025-08-07,2025,3,8,August,7,3,Thursday,32,219,False,Summer,False,2025
20250808,2025-08-08,2025,3,8,August,8,4,Friday,32,220,False,Summer,False,2025
20250809,2025-08-09,2025,3,8,August,9,5,Saturday,32,221,True,Summer,False,2025
20250810,2025-08-10,2025,3,8,August,10,6,Sunday,32,222,True,Summer,False,2025
20250811,2025-08-11,2025,3,8,August,11,0,Monday,33,223,False,Summer,False,2025
20250812,2025-08-12,2025,3,8,August,12,1,Tuesday,33,224,False,Summer,False,2025
20250813,2025-08-13,2025,3,8,August,13,2,Wednesday,33,225,False,Summer,False,2025
20250814,2025-08-14,2025,3,8,August,14,3,Thursday,33,226,False,Summer,False,2025
20250815,2025-08-15,2025,3,8,August,15,4,Friday,33,227,False,Summer,False,2025
20250816,2025-08-16,2025,3,8,August,16,5,Saturday,33,228,True,Summer,False,2025
20250817,2025-08-17,2025,3,8,August,17,6,Sunday,33,229,True,Summer,False,2025
20250818,2025-08-18,2025,3,8,August,18,0,Monday,34,230,False,Summer,False,2025
20250819,2025-08-19,2025,3,8,August,19,1,Tuesday,34,231,False,Summer,False,2025
20250820,2025-08-20,2025,3,8,August,20,2,Wednesday,34,232,False,Summer,False,2025
20250821,2025-08-21,2025,3,8,August,21,3,Thursday,34,233,False,Summer,False,2025
20250822,2025-08-22,2025,3,8,August,22,4,Friday,34,234,False,Summer,False,2025
20250823,2025-08-23,2025,3,8,August,23,5,Saturday,34,235,True,Summer,False,2025
20250824,2025-08-24,2025,3,8,August,24,6,Sunday,34,236,True,Summer,False,2025
20250825,2025-08-25,2025,3,8,August,25,0,Monday,35,237,False,Summer,False,2025
20250826,2025-08-26,2025,3,8,August,26,1,Tuesday,35,238,False,Summer,False,2025
20250827,2025-08-27,2025,3,8,August,27,2,Wednesday,35,239,False,Summer,False,2025
20250828,2025-08-28,2025,3,8,August,28,3,Thursday,35,240,False,Summer,False,2025
20250829,2025-08-29,2025,3,8,August,29,4,Friday,35,241,False,Summer,False,2025
20250830,2025-08-30,2025,3,8,August,30,5,Saturday,35,242,True,Summer,False,2025
20250831,2025-08-31,2025,3,8,August,31,6,Sunday,35,243,True,Summer,False,2025
20250901,2025-09-01,2025,3,9,September,1,0,Monday,36,244,False,Fall,False,2025
20250902,2025-09-02,2025,3,9,September,2,1,Tuesday,36,245,False,Fall,False,2025
20250903,2025-09-03,2025,3,9,September,3,2,Wednesday,36,246,False,Fall,False,2025
20250904,2025-09-04,2025,3,9,September,4,3,Thursday,36,247,False,Fall,False,2025
20250905,2025-09-05,2025,3,9,September,5,4,Friday,36,248,False,Fall,False,2025
20250906,2025-09-06,2025,3,9,September,6,5,Saturday,36,249,True,Fall,False,2025
20250907,2025-09-07,2025,3,9,September,7,6,Sunday,36,250,True,Fall,False,2025
20250908,2025-09-08,2025,3,9,September,8,0,Monday,37,251,False,Fall,False,2025
20250909,2025-09-09,2025,3,9,September,9,1,Tuesday,37,252,False,Fall,False,2025
20250910,2025-09-10,2025,3,9,September,10,2,Wednesday,37,253,False,Fall,False,2025
20250911,2025-09-11,2025,3,9,September,11,3,Thursday,37,254,False,Fall,False,2025
20250912,2025-09-12,2025,3,9,September,12,4,Friday,37,255,False,Fall,False,2025
20250913,2025-09-13,2025,3,9,September,13,5,Saturday,37,256,True,Fall,False,2025
20250914,2025-09-14,2025,3,9,September,14,6,Sunday,37,257,True,Fall,False,2025
20250915,2025-09-15,2025,3,9,September,15,0,Monday,38,258,False,Fall,False,2025
20250916,2025-09-16,2025,3,9,September,16,1,Tuesday,38,259,False,Fall,False,2025
20250917,2025-09-17,2025,3,9,September,17,2,Wednesday,38,260,False,Fall,False,2025
20250918,2025-09-18,2025,3,9,September,18,3,Thursday,38,261,False,Fall,False,2025
20250919,2025-09-19,2025,3,9,September,19,4,Friday,38,262,False,Fall,False,2025
20250920,2025-09-20,2025,3,9,September,20,5,Saturday,38,263,True,Fall,False,2025
20250921,2025-09-21,2025,3,9,September,21,6,Sunday,38,264,True,Fall,False,2025
20250922,2025-09-22,2025,3,9,September,22,0,Monday,39,265,False,Fall,False,2025
20250923,2025-09-23,2025,3,9,September,23,1,Tuesday,39,266,False,Fall,False,2025
20250924,2025-09-24,2025,3,9,September,24,2,Wednesday,39,267,False,Fall,False,2025
20250925,2025-09-25,2025,3,9,September,25,3,Thursday,39,268,False,Fall,False,2025
20250926,2025-09-26,2025,3,9,September,26,4,Friday,39,269,False,Fall,False,2025
20250927,2025-09-27,2025,3,9,September,27,5,Saturday,39,270,True,Fall,False,2025
20250928,2025-09-28,2025,3,9,September,28,6,Sunday,39,271,True,Fall,False,2025
20250929,2025-09-29,2025,3,9,September,29,0,Monday,40,272,False,Fall,False,2025
20250930,2025-09-30,2025,3,9,September,30,1,Tuesday,40,273,False,Fall,False,2025
20251001,2025-10-01,2025,4,10,October,1,2,Wednesday,40,274,False,Fall,False,2025
20251002,2025-10-02,2025,4,10,October,2,3,Thursday,40,275,False,Fall,False,2025
20251003,2025-10-03,2025,4,10,October,3,4,Friday,40,276,False,Fall,False,2025
20251004,2025-10-04,2025,4,10,October,4,5,Saturday,40,277,True,Fall,False,2025
20251005,2025-10-05,2025,4,10,October,5,6,Sunday,40,278,True,Fall,False,2025
20251006,2025-10-06,2025,4,10,October,6,0,Monday,41,279,False,Fall,False,2025
20251007,2025-10-07,2025,4,10,October,7,1,Tuesday,41,280,False,Fall,False,2025
20251008,2025-10-08,2025,4,10,October,8,2,Wednesday,41,281,False,Fall,False,2025
20251009,2025-10-09,2025,4,10,October,9,3,Thursday,41,282,False,Fall,False,2025
20251010,2025-10-10,2025,4,10,October,10,4,Friday,41,283,False,Fall,False,2025
20251011,2025-10-11,2025,4,10,October,11,5,Saturday,41,284,True,Fall,False,2025
20251012,2025-10-12,2025,4,10,October,12,6,Sunday,41,285,True,Fall,False,2025
20251013,2025-10-13,2025,4,10,October,13,0,Monday,42,286,False,Fall,False,2025
20251014,2025-10-14,2025,4,10,October,14,1,Tuesday,42,287,False,Fall,False,2025
20251015,2025-10-15,2025,4,10,October,15,2,Wednesday,42,288,False,Fall,False,2025
20251016,2025-10-16,2025,4,10,October,16,3,Thursday,42,289,False,Fall,False,2025
20251017,2025-10-17,2025,4,10,October,17,4,Friday,42,290,False,Fall,False,2025
20251018,2025-10-18,2025,4,10,October,18,5,Saturday,42,291,True,Fall,False,2025
20251019,2025-10-19,2025,4,10,October,19,6,Sunday,42,292,True,Fall,False,2025
20251020,2025-10-20,2025,4,10,October,20,0,Monday,43,293,False,Fall,False,2025
20251021,2025-10-21,2025,4,10,October,21,1,Tuesday,43,294,False,Fall,False,2025
20251022,2025-10-22,2025,4,10,October,22,2,Wednesday,43,295,False,Fall,False,2025
20251023,2025-10-23,2025,4,10,October,23,3,Thursday,43,296,False,Fall,False,2025
20251024,2025-10-24,2025,4,10,October,24,4,Friday,43,297,False,Fall,False,2025
20251025,2025-10-25,2025,4,10,October,25,5,Saturday,43,298,True,Fall,False,2025
20251026,2025-10-26,2025,4,10,October,26,6,Sunday,43,299,True,Fall,False,2025
20251027,2025-10-27,2025,4,10,October,27,0,Monday,44,300,False,Fall,False,2025
20251028,2025-10-28,2025,4,10,October,28,1,Tuesday,44,301,False,Fall,False,2025
20251029,2025-10-29,2025,4,10,October,29,2,Wednesday,44,302,False,Fall,False,2025
20251030,2025-10-30,2025,4,10,October,30,3,Thursday,44,303,False,Fall,False,2025
20251031,2025-10-31,2025,4,10,October,31,4,Friday,44,304,False,Fall,False,2025
20251101,2025-11-01,2025,4,11,November,1,5,Saturday,44,305,True,Fall,True,2025
20251102,2025-11-02,2025,4,11,November,2,6,Sunday,44,306,True,Fall,True,2025
20251103,2025-11-03,2025,4,11,November,3,0,Monday,45,307,False,Fall,True,2025
20251104,2025-11-04,2025,4,11,November,4,1,Tuesday,45,308,False,Fall,True,2025
20251105,2025-11-05,2025,4,11,November,5,2,Wednesday,45,309,False,Fall,True,2025
20251106,2025-11-06,2025,4,11,November,6,3,Thursday,45,310,False,Fall,True,2025
20251107,2025-11-07,2025,4,11,November,7,4,Friday,45,311,False,Fall,True,2025
20251108,2025-11-08,2025,4,11,November,8,5,Saturday,45,312,True,Fall,True,2025
20251109,2025-11-09,2025,4,11,November,9,6,Sunday,45,313,True,Fall,True,2025
20251110,2025-11-10,2025,4,11,November,10,0,Monday,46,314,False,Fall,True,2025
20251111,2025-11-11,2025,4,11,November,11,1,Tuesday,46,315,False,Fall,True,2025
20251112,2025-11-12,2025,4,11,November,12,2,Wednesday,46,316,False,Fall,True,2025
20251113,2025-11-13,2025,4,11,November,13,3,Thursday,46,317,False,Fall,True,2025
20251114,2025-11-14,2025,4,11,November,14,4,Friday,46,318,False,Fall,True,2025
20251115,2025-11-15,2025,4,11,November,15,5,Saturday,46,319,True,Fall,True,2025
20251116,2025-11-16,2025,4,11,November,16,6,Sunday,46,320,True,Fall,True,2025
20251117,2025-11-17,2025,4,11,November,17,0,Monday,47,321,False,Fall,True,2025
20251118,2025-11-18,2025,4,11,November,18,1,Tuesday,47,322,False,Fall,True,2025
20251119,2025-11-19,2025,4,11,November,19,2,Wednesday,47,323,False,Fall,True,2025
20251120,2025-11-20,2025,4,11,November,20,3,Thursday,47,324,False,Fall,True,2025
20251121,2025-11-21,2025,4,11,November,21,4,Friday,47,325,False,Fall,True,2025
20251122,2025-11-22,2025,4,11,November,22,5,Saturday,47,326,True,Fall,True,2025
20251123,2025-11-23,2025,4,11,November,23,6,Sunday,47,327,True,Fall,True,2025
20251124,2025-11-24,2025,4,11,November,24,0,Monday,48,328,False,Fall,True,2025
20251125,2025-11-25,2025,4,11,November,25,1,Tuesday,48,329,False,Fall,True,2025
20251126,2025-11-26,2025,4,11,November,26,2,Wednesday,48,330,False,Fall,True,2025
20251127,2025-11-27,2025,4,11,November,27,3,Thursday,48,331,False,Fall,True,2025
20251128,2025-11-28,2025,4,11,November,28,4,Friday,48,332,False,Fall,True,2025
20251129,2025-11-29,2025,4,11,November,29,5,Saturday,48,333,True,Fall,True,2025
20251130,2025-11-30,2025,4,11,November,30,6,Sunday,48,334,True,Fall,True,2025
20251201,2025-12-01,2025,4,12,December,1,0,Monday,49,335,False,Winter,True,2025
20251202,2025-12-02,2025,4,12,December,2,1,Tuesday,49,336,False,Winter,True,2025
20251203,2025-12-03,2025,4,12,December,3,2,Wednesday,49,337,False,Winter,True,2025
20251204,2025-12-04,2025,4,12,December,4,3,Thursday,49,338,False,Winter,True,2025
20251205,2025-12-05,2025,4,12,December,5,4,Friday,49,339,False,Winter,True,2025
20251206,2025-12-06,2025,4,12,December,6,5,Saturday,49,340,True,Winter,True,2025
20251207,2025-12-07,2025,4,12,December,7,6,Sunday,49,341,True,Winter,True,2025
20251208,2025-12-08,2025,4,12,December,8,0,Monday,50,342,False,Winter,True,2025
20251209,2025-12-09,2025,4,12,December,9,1,Tuesday,50,343,False,Winter,True,2025
20251210,2025-12-10,2025,4,12,December,10,2,Wednesday,50,344,False,Winter,True,2025
20251211,2025-12-11,2025,4,12,December,11,3,Thursday,50,345,False,Winter,True,2025
20251212,2025-12-12,2025,4,12,December,12,4,Friday,50,346,False,Winter,True,2025
20251213,2025-12-13,2025,4,12,December,13,5,Saturday,50,347,True,Winter,True,2025
20251214,2025-12-14,2025,4,12,December,14,6,Sunday,50,348,True,Winter,True,2025
20251215,2025-12-15,2025,4,12,December,15,0,Monday,51,349,False,Winter,True,2025
20251216,2025-12-16,2025,4,12,December,16,1,Tuesday,51,350,False,Winter,True,2025
20251217,2025-12-17,2025,4,12,December,17,2,Wednesday,51,351,False,Winter,True,2025
20251218,2025-12-18,2025,4,12,December,18,3,Thursday,51,352,False,Winter,True,2025
20251219,2025-12-19,2025,4,12,December,19,4,Friday,51,353,False,Winter,True,2025
20251220,2025-12-20,2025,4,12,December,20,5,Saturday,51,354,True,Winter,True,2025
20251221,2025-12-21,2025,4,12,December,21,6,Sunday,51,355,True,Winter,True,2025
20251222,2025-12-22,2025,4,12,December,22,0,Monday,52,356,False,Winter,True,2025
20251223,2025-12-23,2025,4,12,December,23,1,Tuesday,52,357,False,Winter,True,2025
20251224,2025-12-24,2025,4,12,December,24,2,Wednesday,52,358,False,Winter,True,2025
20251225,2025-12-25,2025,4,12,December,25,3,Thursday,52,359,False,Winter,True,2025
20251226,2025-12-26,2025,4,12,December,26,4,Friday,52,360,False,Winter,True,2025
20251227,2025-12-27,2025,4,12,December,27,5,Saturday,52,361,True,Winter,True,2025
20251228,2025-12-28,2025,4,12,December,28,6,Sunday,52,362,True,Winter,True,2025
20251229,2025-12-29,2025,4,12,December,29,0,Monday,1,363,False,Winter,True,2025
20251230,2025-12-30,2025,4,12,December,30,1,Tuesday,1,364,False,Winter,True,2025
20251231,2025-12-31,2025,4,12,December,31,2,Wednesday,1,365,False,Winter,True,2025
