date_key,channel_key,impressions,clicks,spend,conversions
20210101,1,11130,146,104.47,4
20210102,1,13908,187,122.34,5
20210103,1,3907,47,28.91,1
20210104,1,6980,89,63.96,2
20210105,1,740,9,5.86,0
20210106,1,7582,103,75.3,3
20210107,1,3769,45,32.85,1
20210108,1,9199,113,73.65,3
20210109,1,9172,123,71.38,4
20210110,1,9917,124,96.87,4
20210111,1,3746,46,31.13,1
20210112,1,11016,151,96.27,4
20210113,1,3348,46,32.72,1
20210114,1,1328,18,12.13,0
20210115,1,7763,106,76.95,3
20210116,1,5861,75,46.73,2
20210117,1,10768,138,92.37,4
20210118,1,12583,157,93.58,4
20210119,1,2900,38,26.5,1
20210120,1,14167,178,116.5,5
20210121,1,3720,47,31.16,1
20210122,1,7068,95,61.83,2
20210123,1,6538,91,58.48,2
20210124,1,12353,164,100.19,5
20210125,1,3603,52,36.34,1
20210126,1,1208,15,10.73,0
20210127,1,8531,99,62.44,2
20210128,1,15529,210,144.34,6
20210129,1,8813,109,73.94,3
20210130,1,4003,51,33.36,1
20210131,1,8415,98,56.89,2
20210201,1,15649,192,113.96,6
20210202,1,17918,212,130.91,7
20210203,1,11893,150,83.18,4
20210204,1,11470,145,106.95,4
20210205,1,10451,136,92.27,4
20210206,1,14419,201,132.24,5
20210207,1,3414,46,25.18,1
20210208,1,8179,96,54.77,3
20210209,1,7677,103,68.17,3
20210210,1,13670,178,137.53,5
20210211,1,6145,79,49.12,2
20210212,1,5963,77,54.17,2
20210213,1,10543,138,87.81,4
20210214,1,7176,89,59.16,2
20210215,1,3207,41,30.05,1
20210216,1,7639,106,67.92,3
20210217,1,5973,74,46.42,2
20210218,1,6998,85,63.29,2
20210219,1,9400,121,80.17,3
20210220,1,9859,119,85.77,3
20210221,1,10217,119,74.59,3
20210222,1,10355,131,97.38,3
20210223,1,10081,142,96.34,4
20210224,1,5201,67,45.8,2
20210225,1,17396,227,152.36,7
20210226,1,15934,181,115.51,5
20210227,1,8755,116,76.81,3
20210228,1,8476,110,70.66,3
20210301,1,11937,148,105.99,4
20210302,1,1534,20,13.29,0
20210303,1,4220,55,32.71,1
20210304,1,4048,49,28.25,1
20210305,1,10186,134,77.39,3
20210306,1,12775,177,123.95,5
20210307,1,12266,156,94.91,4
20210308,1,14137,173,117.87,5
20210309,1,3607,46,30.99,1
20210310,1,10025,136,90.18,4
20210311,1,4260,51,35.23,1
20210312,1,5322,71,47.91,2
20210313,1,14390,178,95.91,5
20210314,1,21040,275,179.09,8
20210315,1,10120,126,87.22,3
20210316,1,1446,18,13.67,0
20210317,1,7584,107,81.87,3
20210318,1,1352,16,9.7,0
20210319,1,12751,169,109.79,5
20210320,1,11414,163,96.06,4
20210321,1,6040,81,61.27,2
20210322,1,3788,45,32.88,1
20210323,1,4029,48,33.19,1
20210324,1,21060,259,176.14,7
20210325,1,8856,115,85.91,3
20210326,1,10508,137,100.87,4
20210327,1,10742,128,94.11,4
20210328,1,10817,132,91.85,3
20210329,1,3756,46,30.32,1
20210330,1,3696,47,33.81,1
20210331,1,12155,176,126.52,5
20210401,1,4032,49,32.47,1
20210402,1,8004,97,63.29,3
20210403,1,19576,235,172.94,7
20210404,1,12588,168,129.22,4
20210405,1,6165,79,50.17,2
20210406,1,5587,68,44.97,2
20210407,1,6844,86,59.93,2
20210408,1,1633,20,14.29,0
20210409,1,20277,265,171.21,7
20210410,1,8620,130,101.98,4
20210411,1,8291,110,76.79,3
20210412,1,10421,133,94.0,4
20210413,1,1541,19,14.97,0
20210414,1,6843,81,52.61,2
20210415,1,14023,188,125.96,5
20210416,1,11601,155,94.55,4
20210417,1,23653,295,196.89,9
20210418,1,10150,140,83.82,4
20210419,1,9035,116,83.58,3
20210420,1,11615,156,109.07,4
20210421,1,13717,179,118.3,5
20210422,1,12853,163,109.66,4
20210423,1,21318,258,185.82,6
20210424,1,11021,140,86.51,4
20210425,1,10685,144,99.42,4
20210426,1,3541,44,31.55,1
20210427,1,8896,117,68.95,3
20210428,1,5832,70,50.05,2
20210429,1,5887,79,46.76,2
20210430,1,5135,67,45.05,2
20210501,1,4365,52,32.15,1
20210502,1,11085,140,106.68,4
20210503,1,8570,116,72.01,3
20210504,1,7753,92,54.97,2
20210505,1,3250,39,26.8,1
20210506,1,4552,58,38.18,1
20210507,1,7841,114,68.54,3
20210508,1,6919,85,60.17,2
20210509,1,16850,222,128.93,6
20210510,1,6236,81,50.9,2
20210511,1,7859,97,63.18,3
20210512,1,7592,98,71.35,3
20210513,1,9643,120,90.51,3
20210514,1,1279,16,11.98,0
20210515,1,11757,136,91.75,3
20210516,1,19985,255,143.66,8
20210517,1,1557,21,15.01,0
20210518,1,13964,179,137.41,4
20210519,1,10266,140,105.92,4
20210520,1,8696,115,81.79,3
20210521,1,11631,148,92.34,4
20210522,1,20820,256,168.16,7
20210523,1,23711,294,235.03,8
20210524,1,9412,110,67.11,3
20210525,1,9554,120,74.76,3
20210526,1,9243,119,88.27,3
20210527,1,13293,188,124.84,5
20210528,1,15794,208,129.69,6
20210529,1,14366,174,135.3,4
20210530,1,22736,266,189.82,7
20210531,1,14131,178,118.83,4
20210601,1,16582,222,139.04,6
20210602,1,8663,109,88.35,3
20210603,1,9188,121,82.78,3
20210604,1,11579,146,112.29,4
20210605,1,12326,164,121.17,5
20210606,1,12695,147,97.28,4
20210607,1,10549,148,98.14,4
20210608,1,17034,203,156.87,6
20210609,1,8683,116,90.06,3
20210610,1,7661,96,56.84,2
20210611,1,8302,105,75.56,3
20210612,1,12908,162,110.76,4
20210613,1,6574,85,54.16,2
20210614,1,6649,87,61.49,2
20210615,1,9658,131,81.33,4
20210616,1,7654,106,70.56,3
20210617,1,19952,259,167.91,7
20210618,1,7375,104,69.31,2
20210619,1,7504,96,65.96,2
20210620,1,14886,202,128.86,6
20210621,1,16628,217,170.55,6
20210622,1,7639,94,67.52,2
20210623,1,6457,83,66.12,2
20210624,1,6410,84,57.75,2
20210625,1,13478,171,113.35,5
20210626,1,13278,173,138.25,5
20210627,1,11728,157,104.16,4
20210628,1,5989,76,51.87,2
20210629,1,19345,206,151.21,6
20210630,1,20285,285,179.13,7
20210701,1,13945,174,127.84,5
20210702,1,24568,297,216.45,9
20210703,1,11709,139,106.78,4
20210704,1,13742,171,127.91,5
20210705,1,7903,97,74.73,2
20210706,1,19349,235,161.87,6
20210707,1,6895,84,54.34,2
20210708,1,11755,154,126.87,4
20210709,1,8651,124,76.64,3
20210710,1,13205,176,109.58,4
20210711,1,14591,198,144.7,5
20210712,1,10806,134,106.12,3
20210713,1,19432,248,175.97,5
20210714,1,6918,90,68.31,2
20210715,1,10174,124,74.01,4
20210716,1,6635,82,55.29,2
20210717,1,9968,133,80.2,3
20210718,1,8425,114,84.63,3
20210719,1,5423,69,42.56,1
20210720,1,5342,63,40.02,1
20210721,1,13497,168,122.25,4
20210722,1,13513,157,119.93,4
20210723,1,12261,156,107.8,4
20210724,1,4743,61,44.57,1
20210725,1,12039,150,109.48,4
20210726,1,6772,87,60.19,2
20210727,1,14329,186,119.18,5
20210728,1,19293,248,181.73,6
20210729,1,8662,102,74.98,2
20210730,1,16447,205,154.24,5
20210731,1,10796,140,100.87,4
20210801,1,16177,225,144.21,6
20210802,1,21374,266,197.48,6
20210803,1,7496,98,68.72,2
20210804,1,7877,105,70.98,2
20210805,1,14884,186,127.65,6
20210806,1,17866,242,161.04,6
20210807,1,12217,166,125.5,5
20210808,1,16750,230,144.51,7
20210809,1,7313,95,61.75,2
20210810,1,8380,122,83.91,3
20210811,1,14535,177,142.26,5
20210812,1,7944,114,87.57,3
20210813,1,15951,211,130.5,6
20210814,1,15780,216,169.67,5
20210815,1,16144,200,157.58,6
20210816,1,12422,165,106.23,4
20210817,1,8579,118,67.88,3
20210818,1,6765,80,56.45,2
20210819,1,6401,80,61.59,2
20210820,1,19462,216,173.74,6
20210821,1,9372,117,77.48,3
20210822,1,6492,78,63.61,2
20210823,1,9718,121,71.55,3
20210824,1,7584,114,78.48,3
20210825,1,18239,255,174.8,7
20210826,1,11758,136,105.86,4
20210827,1,28689,374,294.02,10
20210828,1,9527,126,96.1,3
20210829,1,17486,216,137.47,6
20210830,1,12402,158,120.03,4
20210831,1,13424,172,126.91,4
20210901,1,10927,127,78.67,3
20210902,1,18408,218,131.32,7
20210903,1,13749,175,135.27,4
20210904,1,2604,33,22.81,0
20210905,1,6462,78,49.81,1
20210906,1,16242,195,136.67,5
20210907,1,10780,135,98.69,4
20210908,1,4896,65,45.94,1
20210909,1,15882,199,125.02,5
20210910,1,17516,243,201.15,7
20210911,1,18808,227,175.36,5
20210912,1,14769,188,130.29,5
20210913,1,2355,29,19.99,0
20210914,1,14427,188,137.71,6
20210915,1,10832,130,84.66,3
20210916,1,19125,270,197.41,7
20210917,1,12235,139,88.89,3
20210918,1,14208,198,140.91,5
20210919,1,11789,149,96.98,4
20210920,1,6850,89,57.92,2
20210921,1,16452,224,182.56,6
20210922,1,12623,167,119.65,4
20210923,1,14053,169,123.04,4
20210924,1,23573,307,187.2,8
20210925,1,22490,316,215.62,8
20210926,1,19314,230,170.71,6
20210927,1,3436,49,35.3,1
20210928,1,11440,147,88.68,3
20210929,1,12263,150,109.3,4
20210930,1,8069,96,70.95,2
20211001,1,18007,223,177.29,6
20211002,1,16576,185,125.77,5
20211003,1,17567,215,128.91,7
20211004,1,17733,219,145.19,7
20211005,1,12498,147,96.49,3
20211006,1,4497,59,45.33,1
20211007,1,8160,101,58.14,2
20211008,1,8699,105,72.71,3
20211009,1,24317,299,240.95,8
20211010,1,11791,151,108.4,4
20211011,1,13026,164,126.91,5
20211012,1,10402,125,78.62,3
20211013,1,7366,93,59.05,2
20211014,1,9766,122,98.47,3
20211015,1,13333,156,113.45,4
20211016,1,13971,172,124.86,5
20211017,1,13726,178,117.59,4
20211018,1,6095,79,57.7,2
20211019,1,16518,204,134.41,5
20211020,1,7516,98,78.11,2
20211021,1,23298,275,247.04,7
20211022,1,9049,107,80.72,2
20211023,1,7787,96,65.9,2
20211024,1,18262,250,147.48,5
20211025,1,12980,164,103.89,4
20211026,1,13490,166,136.26,4
20211027,1,8162,112,74.4,3
20211028,1,24973,307,215.43,9
20211029,1,9371,134,102.23,3
20211030,1,10638,129,105.41,3
20211031,1,11899,140,99.56,3
20211101,1,13332,165,115.55,5
20211102,1,31430,387,282.09,10
20211103,1,14363,171,118.23,4
20211104,1,22798,333,230.98,8
20211105,1,29447,375,281.68,9
20211106,1,17127,220,162.04,6
20211107,1,19014,231,198.92,6
20211108,1,32910,397,299.05,12
20211109,1,14383,191,152.37,5
20211110,1,17093,193,128.58,6
20211111,1,21533,251,190.69,6
20211112,1,17807,219,150.51,5
20211113,1,34209,463,347.55,11
20211114,1,28029,342,263.05,10
20211115,1,18135,232,169.6,6
20211116,1,25367,317,280.41,9
20211117,1,13424,181,147.83,4
20211118,1,6966,79,63.2,1
20211119,1,22787,297,230.5,8
20211120,1,47723,588,494.1,17
20211121,1,10699,141,91.99,3
20211122,1,14746,175,142.23,5
20211123,1,18746,234,157.85,7
20211124,1,29146,361,252.43,9
20211125,1,14062,165,126.04,4
20211126,1,29728,343,277.13,7
20211127,1,32582,392,261.58,11
20211128,1,27244,342,240.07,7
20211129,1,31089,370,272.83,9
20211130,1,19085,233,167.71,5
20211201,1,27700,308,241.47,8
20211202,1,17987,219,211.64,6
20211203,1,19190,254,192.23,5
20211204,1,21950,285,197.21,7
20211205,1,16559,205,135.44,5
20211206,1,12593,159,113.96,4
20211207,1,12756,151,102.66,4
20211208,1,16772,230,175.31,5
20211209,1,9019,127,96.58,3
20211210,1,17914,225,159.12,7
20211211,1,19689,286,246.42,8
20211212,1,15667,187,129.66,4
20211213,1,17863,206,150.39,5
20211214,1,8983,107,82.69,2
20211215,1,26171,321,253.82,8
20211216,1,21435,306,249.36,7
20211217,1,23983,293,222.9,7
20211218,1,11866,140,112.42,4
20211219,1,10706,126,87.83,3
20211220,1,10076,134,106.28,3
20211221,1,6751,89,70.24,2
20211222,1,6965,84,69.89,2
20211223,1,7662,85,55.13,2
20211224,1,30171,350,240.24,11
20211225,1,6177,85,67.2,2
20211226,1,10515,136,81.03,3
20211227,1,21113,263,202.09,7
20211228,1,14483,201,161.58,5
20211229,1,15840,221,156.1,6
20211230,1,11554,143,102.49,4
20211231,1,13399,166,112.41,4
20220101,1,13195,158,111.86,4
20220102,1,1723,21,14.99,0
20220103,1,7584,86,60.23,2
20220104,1,4235,48,33.75,1
20220105,1,10826,121,87.66,3
20220106,1,6276,83,60.17,2
20220107,1,4964,56,48.35,1
20220108,1,4093,57,40.67,1
20220109,1,12315,146,111.4,4
20220110,1,800,11,7.77,0
20220111,1,14362,174,123.4,5
20220112,1,4880,55,35.57,1
20220113,1,12564,168,110.1,4
20220114,1,9432,127,85.65,3
20220115,1,11602,136,102.79,4
20220116,1,4286,52,42.45,1
20220117,1,15189,178,114.62,5
20220118,1,14166,174,123.98,5
20220119,1,1205,15,10.18,0
20220120,1,6853,83,60.25,2
20220121,1,22095,245,198.55,6
20220122,1,11221,134,96.13,4
20220123,1,6978,90,66.97,2
20220124,1,6799,83,69.8,2
20220125,1,13201,160,123.57,4
20220126,1,16085,188,131.68,5
20220127,1,12423,148,112.2,4
20220128,1,19114,257,179.27,7
20220129,1,9361,108,83.5,3
20220130,1,13490,174,135.18,4
20220131,1,7428,92,61.82,2
20220201,1,12448,156,118.51,4
20220202,1,7955,94,69.76,2
20220203,1,16545,200,156.4,5
20220204,1,12885,159,127.0,4
20220205,1,20814,249,193.97,7
20220206,1,20097,253,184.71,8
20220207,1,1735,22,17.43,0
20220208,1,6972,98,68.49,3
20220209,1,10683,134,90.63,3
20220210,1,5365,59,34.09,1
20220211,1,6806,90,67.46,2
20220212,1,24546,299,210.27,9
20220213,1,1725,24,18.84,0
20220214,1,9283,125,80.47,3
20220215,1,19485,233,166.24,5
20220216,1,7071,91,71.1,2
20220217,1,9671,115,79.73,3
20220218,1,21261,262,203.5,7
20220219,1,9198,118,84.55,3
20220220,1,6151,81,60.6,2
20220221,1,3924,51,40.49,1
20220222,1,15441,191,155.2,6
20220223,1,6717,96,72.9,2
20220224,1,9963,120,85.02,3
20220225,1,4563,51,37.11,1
20220226,1,13267,150,119.15,4
20220227,1,11008,148,103.07,3
20220228,1,19595,240,178.53,6
20220301,1,11352,141,103.07,3
20220302,1,14445,172,128.67,5
20220303,1,7268,87,60.86,2
20220304,1,23272,273,178.03,8
20220305,1,18737,237,186.43,6
20220306,1,27080,331,270.2,8
20220307,1,16880,213,139.21,5
20220308,1,4225,53,41.25,1
20220309,1,10768,129,106.46,3
20220310,1,6218,70,55.39,1
20220311,1,15092,169,123.76,5
20220312,1,10047,148,103.65,4
20220313,1,8046,108,82.28,3
20220314,1,15702,209,161.92,6
20220315,1,5173,61,46.26,1
20220316,1,10338,127,94.81,3
20220317,1,15654,183,127.55,4
20220318,1,5376,61,47.54,1
20220319,1,13505,160,125.87,4
20220320,1,17610,234,180.49,6
20220321,1,4882,63,48.58,1
20220322,1,11836,137,118.76,3
20220323,1,8640,104,75.41,2
20220324,1,10211,131,110.23,4
20220325,1,6751,80,57.02,2
20220326,1,24512,302,250.76,8
20220327,1,18154,228,191.27,6
20220328,1,4303,54,40.1,1
20220329,1,6348,79,68.91,2
20220330,1,8995,106,83.5,3
20220331,1,12737,151,107.3,3
20220401,1,28568,327,242.02,9
20220402,1,10758,120,100.21,3
20220403,1,9207,112,92.22,3
20220404,1,10729,138,96.74,4
20220405,1,12597,142,107.29,4
20220406,1,12936,161,125.13,4
20220407,1,8806,113,82.57,3
20220408,1,20249,222,204.56,6
20220409,1,11709,141,109.83,3
20220410,1,11771,159,121.17,4
20220411,1,13995,177,148.64,5
20220412,1,20301,222,165.04,6
20220413,1,11238,143,118.91,3
20220414,1,14537,170,114.11,4
20220415,1,4707,60,44.59,1
20220416,1,10996,129,107.64,3
20220417,1,6975,85,74.17,2
20220418,1,19685,233,168.2,6
20220419,1,10471,128,91.65,3
20220420,1,17948,212,169.83,5
20220421,1,9041,109,79.25,2
20220422,1,20201,230,172.79,7
20220423,1,24800,312,256.78,8
20220424,1,6805,84,61.84,2
20220425,1,5413,60,39.62,1
20220426,1,7561,98,67.51,2
20220427,1,23094,279,214.48,8
20220428,1,12737,157,103.86,4
20220429,1,21050,269,202.06,7
20220430,1,23941,298,205.44,7
20220501,1,17193,225,197.81,7
20220502,1,14681,176,160.95,5
20220503,1,13251,172,121.94,4
20220504,1,9603,118,92.8,3
20220505,1,5249,66,47.25,1
20220506,1,7604,95,71.67,2
20220507,1,8527,112,99.79,3
20220508,1,13511,172,127.46,4
20220509,1,20977,249,187.75,7
20220510,1,14069,165,117.89,4
20220511,1,5514,67,57.04,2
20220512,1,10308,120,71.64,2
20220513,1,9355,107,79.68,3
20220514,1,24904,267,205.74,7
20220515,1,17300,192,140.63,4
20220516,1,16984,233,193.23,6
20220517,1,17256,202,172.09,5
20220518,1,6961,95,65.74,2
20220519,1,15235,190,173.74,5
20220520,1,23321,283,195.49,8
20220521,1,15105,168,143.95,4
20220522,1,7476,91,71.45,2
20220523,1,19957,272,202.56,7
20220524,1,18043,241,181.05,6
20220525,1,11322,140,108.18,3
20220526,1,13919,158,124.99,4
20220527,1,9145,105,75.67,2
20220528,1,23286,269,204.64,6
20220529,1,13561,178,130.11,4
20220530,1,15740,211,148.62,5
20220531,1,5692,70,50.78,1
20220601,1,18520,221,156.68,6
20220602,1,20175,269,202.15,8
20220603,1,12046,138,110.91,3
20220604,1,25360,309,242.74,9
20220605,1,17698,221,201.23,5
20220606,1,12488,144,94.03,3
20220607,1,15658,183,147.57,4
20220608,1,10747,125,97.59,3
20220609,1,7794,103,85.29,3
20220610,1,9622,131,108.09,3
20220611,1,9166,112,86.15,2
20220612,1,17085,204,161.09,5
20220613,1,23583,276,203.22,7
20220614,1,17969,218,178.88,5
20220615,1,11249,132,88.93,4
20220616,1,13354,161,133.58,4
20220617,1,12470,155,121.02,4
20220618,1,11832,140,105.4,3
20220619,1,23613,283,217.25,7
20220620,1,10095,121,93.74,3
20220621,1,16484,196,169.85,5
20220622,1,22372,264,267.51,5
20220623,1,10881,138,119.36,4
20220624,1,23869,260,194.67,7
20220625,1,11944,159,131.32,4
20220626,1,20312,248,205.4,7
20220627,1,12738,160,116.66,4
20220628,1,13364,169,119.43,4
20220629,1,11463,133,103.8,3
20220630,1,9688,111,92.94,2
20220701,1,10813,123,85.01,3
20220702,1,15600,186,137.69,5
20220703,1,19259,243,199.97,6
20220704,1,31418,367,289.36,9
20220705,1,6457,81,71.3,2
20220706,1,20586,216,151.56,5
20220707,1,19973,236,223.83,6
20220708,1,5398,70,48.94,1
20220709,1,20391,244,162.93,6
20220710,1,13651,157,123.01,3
20220711,1,15492,180,129.3,4
20220712,1,12702,128,100.73,3
20220713,1,8706,99,77.32,2
20220714,1,6293,81,63.04,2
20220715,1,7459,87,64.43,2
20220716,1,6981,82,66.7,2
20220717,1,18191,191,146.77,5
20220718,1,10960,120,103.79,3
20220719,1,7558,98,76.01,2
20220720,1,16205,203,148.46,5
20220721,1,17196,192,132.29,5
20220722,1,12823,149,116.2,4
20220723,1,24076,290,207.15,8
20220724,1,12557,141,99.91,3
20220725,1,16828,180,148.55,5
20220726,1,4520,54,37.24,1
20220727,1,15303,191,169.16,5
20220728,1,22411,280,224.42,7
20220729,1,13300,169,132.96,4
20220730,1,9561,105,76.38,2
20220731,1,7524,91,76.74,2
20220801,1,11805,140,110.84,3
20220802,1,21857,262,196.65,7
20220803,1,5464,65,52.75,1
20220804,1,21592,250,173.04,6
20220805,1,48159,484,337.04,13
20220806,1,4647,60,43.84,1
20220807,1,11154,137,111.43,3
20220808,1,19066,210,166.89,5
20220809,1,5248,65,55.97,1
20220810,1,18263,214,157.67,5
20220811,1,19171,225,187.16,6
20220812,1,18623,214,168.56,5
20220813,1,16981,211,155.53,5
20220814,1,23721,272,223.11,7
20220815,1,18646,210,166.14,5
20220816,1,12819,165,124.94,3
20220817,1,19921,237,189.65,5
20220818,1,24418,291,229.7,7
20220819,1,18752,235,185.2,5
20220820,1,17578,203,156.91,5
20220821,1,12494,146,104.83,4
20220822,1,9641,118,94.71,2
20220823,1,12689,139,104.05,3
20220824,1,5257,64,46.83,1
20220825,1,36674,421,329.8,11
20220826,1,10203,129,109.62,3
20220827,1,28769,357,289.34,9
20220828,1,13648,168,128.34,4
20220829,1,13209,144,109.58,4
20220830,1,22549,269,226.16,6
20220831,1,22086,247,163.34,5
20220901,1,15784,189,161.55,4
20220902,1,18386,192,132.38,4
20220903,1,16914,185,132.39,4
20220904,1,23830,307,236.22,7
20220905,1,15494,190,181.39,4
20220906,1,4514,53,48.72,1
20220907,1,32763,372,315.07,9
20220908,1,24925,280,230.8,7
20220909,1,23409,284,196.46,6
20220910,1,29469,346,280.68,9
20220911,1,30572,402,308.4,9
20220912,1,11476,136,102.39,3
20220913,1,13724,165,134.37,5
20220914,1,17239,190,146.92,5
20220915,1,12371,145,125.19,3
20220916,1,9171,111,76.15,3
20220917,1,12810,150,121.28,3
20220918,1,21412,249,186.93,7
20220919,1,22608,276,214.75,6
20220920,1,19530,256,210.74,6
20220921,1,12094,146,107.63,3
20220922,1,11002,141,115.23,3
20220923,1,16668,207,163.64,5
20220924,1,20208,258,197.14,6
20220925,1,27490,317,246.08,9
20220926,1,22435,265,210.88,6
20220927,1,19216,227,171.76,6
20220928,1,13760,170,136.86,4
20220929,1,15156,190,149.97,4
20220930,1,1495,18,13.67,0
20221001,1,21990,277,254.33,7
20221002,1,22419,259,215.82,7
20221003,1,14762,186,145.63,5
20221004,1,8742,111,90.43,2
20221005,1,18087,225,167.83,5
20221006,1,12459,150,117.38,3
20221007,1,6098,76,60.15,1
20221008,1,15906,180,131.71,4
20221009,1,13658,165,137.85,4
20221010,1,12095,147,114.13,3
20221011,1,20509,226,178.04,6
20221012,1,20362,250,193.68,6
20221013,1,18880,209,214.31,5
20221014,1,8170,95,72.7,2
20221015,1,35127,420,288.36,8
20221016,1,22602,258,184.31,6
20221017,1,12683,152,131.35,3
20221018,1,16122,193,174.32,5
20221019,1,17182,195,150.08,4
20221020,1,13865,171,154.2,4
20221021,1,8257,94,81.0,2
20221022,1,19531,267,213.41,6
20221023,1,11489,136,108.29,3
20221024,1,12517,139,114.38,3
20221025,1,13448,151,131.76,3
20221026,1,30096,384,322.81,9
20221027,1,16352,190,146.33,4
20221028,1,22604,248,198.87,5
20221029,1,20110,252,240.68,6
20221030,1,19638,228,189.27,5
20221031,1,29488,365,319.17,8
20221101,1,19702,248,210.95,6
20221102,1,20750,251,208.73,6
20221103,1,21403,294,242.13,8
20221104,1,30300,325,284.45,8
20221105,1,28170,319,275.42,8
20221106,1,22970,269,224.18,8
20221107,1,28051,382,295.36,9
20221108,1,27562,365,307.42,8
20221109,1,17909,230,186.75,4
20221110,1,21355,242,193.16,7
20221111,1,35406,404,409.41,12
20221112,1,17778,201,145.12,4
20221113,1,49493,561,495.11,13
20221114,1,19320,251,192.0,5
20221115,1,23580,276,228.34,7
20221116,1,28144,332,333.79,7
20221117,1,10773,134,101.85,2
20221118,1,39648,426,329.35,13
20221119,1,31827,379,309.91,9
20221120,1,50211,558,427.55,15
20221121,1,24100,281,246.97,6
20221122,1,35529,407,319.66,10
20221123,1,46416,530,457.92,11
20221124,1,26780,322,237.65,7
20221125,1,19968,240,170.83,5
20221126,1,41781,489,394.53,10
20221127,1,31177,378,274.13,8
20221128,1,38120,429,398.34,10
20221129,1,20082,248,180.34,5
20221130,1,21782,255,193.19,5
20221201,1,20761,239,203.23,5
20221202,1,31865,360,282.6,7
20221203,1,27318,319,232.14,7
20221204,1,13280,176,170.2,4
20221205,1,37629,444,337.68,9
20221206,1,24962,276,223.49,6
20221207,1,34766,435,352.81,10
20221208,1,34147,393,342.48,9
20221209,1,32721,394,336.67,8
20221210,1,24795,283,218.62,7
20221211,1,21518,275,220.72,6
20221212,1,10244,117,94.78,2
20221213,1,14145,182,159.43,4
20221214,1,21516,239,179.45,5
20221215,1,13165,153,148.6,4
20221216,1,20991,270,209.55,7
20221217,1,10046,120,99.48,3
20221218,1,13728,186,140.08,4
20221219,1,14443,168,125.13,4
20221220,1,16829,202,155.58,4
20221221,1,7548,100,76.66,2
20221222,1,12882,139,111.29,3
20221223,1,25399,272,208.01,7
20221224,1,22997,259,226.63,6
20221225,1,7660,95,73.96,2
20221226,1,5316,57,43.69,1
20221227,1,14626,179,144.05,5
20221228,1,13951,170,152.83,4
20221229,1,21544,287,242.27,8
20221230,1,28964,364,299.28,8
20221231,1,23047,278,205.66,6
20230101,1,8983,115,87.3,2
20230102,1,11160,136,101.79,3
20230103,1,16208,186,171.48,5
20230104,1,5539,61,52.99,1
20230105,1,9476,108,83.95,2
20230106,1,22867,269,214.09,6
20230107,1,23585,281,218.63,7
20230108,1,18706,194,150.21,5
20230109,1,7995,93,80.49,2
20230110,1,11605,137,111.68,3
20230111,1,8130,99,96.89,2
20230112,1,3695,48,43.75,1
20230113,1,12088,144,133.42,3
20230114,1,19815,221,194.0,5
20230115,1,12311,130,104.73,3
20230116,1,14506,178,156.08,4
20230117,1,9664,108,87.69,2
20230118,1,11129,138,131.37,3
20230119,1,15156,194,167.06,5
20230120,1,21440,230,196.43,6
20230121,1,10111,123,103.53,3
20230122,1,14629,186,179.01,4
20230123,1,7277,91,67.68,2
20230124,1,6074,63,60.84,1
20230125,1,21569,241,198.18,5
20230126,1,9091,99,73.74,2
20230127,1,12199,148,116.21,4
20230128,1,16762,202,148.38,5
20230129,1,16704,167,147.53,4
20230130,1,27638,319,245.39,7
20230131,1,11680,144,122.36,3
20230201,1,7002,83,76.1,2
20230202,1,11476,136,108.37,3
20230203,1,7397,85,69.61,2
20230204,1,5263,58,43.66,1
20230205,1,15089,177,143.76,3
20230206,1,19614,231,237.6,5
20230207,1,17240,210,187.41,5
20230208,1,24595,301,247.5,7
20230209,1,21956,259,207.29,6
20230210,1,18913,237,198.72,5
20230211,1,12030,138,117.57,3
20230212,1,18964,204,165.57,5
20230213,1,5717,69,60.1,1
20230214,1,15825,187,145.72,4
20230215,1,14651,177,138.02,4
20230216,1,18587,202,174.81,4
20230217,1,10113,132,100.82,3
20230218,1,29432,360,321.11,7
20230219,1,31774,366,308.0,8
20230220,1,24372,270,196.28,6
20230221,1,11842,148,125.51,4
20230222,1,18696,205,151.26,4
20230223,1,4398,59,52.35,1
20230224,1,22679,256,211.27,6
20230225,1,15944,207,202.09,6
20230226,1,14336,166,152.29,4
20230227,1,14995,193,149.51,5
20230228,1,16875,189,135.53,4
20230301,1,12120,142,112.83,3
20230302,1,6352,78,59.97,1
20230303,1,5586,68,66.69,1
20230304,1,9602,120,101.76,3
20230305,1,14173,161,146.48,3
20230306,1,16504,194,160.35,5
20230307,1,7221,91,75.69,2
20230308,1,23110,259,218.56,6
20230309,1,12481,151,139.32,3
20230310,1,10143,117,101.82,2
20230311,1,25102,297,231.27,8
20230312,1,14560,171,164.51,4
20230313,1,16422,183,151.89,4
20230314,1,30869,355,289.96,8
20230315,1,24274,286,193.3,7
20230316,1,20592,239,213.72,5
20230317,1,5767,74,63.02,1
20230318,1,16607,206,176.33,5
20230319,1,32833,390,320.36,10
20230320,1,28253,315,255.76,7
20230321,1,5582,62,50.98,1
20230322,1,9592,126,110.91,3
20230323,1,13205,145,129.29,3
20230324,1,9876,116,97.2,2
20230325,1,18290,218,200.28,6
20230326,1,12493,143,121.1,3
20230327,1,11749,129,105.34,3
20230328,1,9081,101,87.27,2
20230329,1,18084,204,155.42,5
20230330,1,12355,138,120.01,3
20230331,1,24089,304,229.02,7
20230401,1,25503,297,233.01,6
20230402,1,11249,127,92.22,2
20230403,1,13221,155,130.6,3
20230404,1,8826,107,103.54,2
20230405,1,24984,285,241.26,6
20230406,1,24326,299,269.0,7
20230407,1,15203,164,168.73,3
20230408,1,14974,187,164.98,4
20230409,1,20632,240,192.85,5
20230410,1,18787,218,177.08,5
20230411,1,21592,241,206.28,5
20230412,1,21651,234,190.03,5
20230413,1,35153,370,302.85,8
20230414,1,17281,192,177.68,4
20230415,1,28058,338,314.36,7
20230416,1,21411,235,176.48,6
20230417,1,15669,166,133.25,3
20230418,1,31798,350,288.58,7
20230419,1,9421,107,96.48,2
20230420,1,21612,246,231.22,6
20230421,1,23071,266,282.89,6
20230422,1,23220,287,237.33,8
20230423,1,20048,251,208.5,5
20230424,1,11298,148,133.47,3
20230425,1,21644,228,185.12,6
20230426,1,19674,217,183.78,5
20230427,1,12886,156,129.69,3
20230428,1,21070,238,166.03,5
20230429,1,13910,170,147.08,4
20230430,1,12341,145,123.14,3
20230501,1,18266,233,221.88,6
20230502,1,5101,63,54.59,1
20230503,1,9626,119,92.71,2
20230504,1,18206,206,173.53,4
20230505,1,26803,309,224.61,7
20230506,1,22048,251,195.87,5
20230507,1,24265,257,232.99,6
20230508,1,19666,249,210.02,6
20230509,1,20875,253,234.81,6
20230510,1,16299,185,136.16,4
20230511,1,15164,190,160.27,4
20230512,1,19095,213,176.89,5
20230513,1,18027,187,174.45,4
20230514,1,22108,272,247.25,7
20230515,1,6434,69,62.4,1
20230516,1,9963,114,111.72,2
20230517,1,20562,241,202.39,6
20230518,1,11312,134,128.94,3
20230519,1,9772,119,94.45,2
20230520,1,12602,151,119.47,3
20230521,1,20656,247,226.73,6
20230522,1,27737,306,234.94,7
20230523,1,6965,82,73.98,1
20230524,1,6909,73,63.8,1
20230525,1,17560,223,210.23,5
20230526,1,37164,395,340.41,9
20230527,1,17664,200,173.72,4
20230528,1,35865,383,345.38,10
20230529,1,23505,260,213.76,5
20230530,1,12366,143,117.17,3
20230531,1,9739,109,98.6,2
20230601,1,9780,121,104.73,3
20230602,1,18277,214,180.0,5
20230603,1,31250,351,302.43,8
20230604,1,28285,324,319.04,9
20230605,1,13042,162,136.01,3
20230606,1,9844,120,100.3,2
20230607,1,20965,226,170.91,5
20230608,1,20580,228,197.7,5
20230609,1,12382,147,134.65,3
20230610,1,27325,322,299.28,7
20230611,1,20035,217,190.18,5
20230612,1,22629,273,256.23,5
20230613,1,13721,150,138.65,3
20230614,1,14597,182,173.06,4
20230615,1,10840,129,121.83,3
20230616,1,23769,256,253.24,6
20230617,1,12181,136,116.71,3
20230618,1,27528,307,240.53,7
20230619,1,23037,268,246.02,6
20230620,1,20913,238,220.71,6
20230621,1,6974,75,74.05,1
20230622,1,13688,145,139.75,3
20230623,1,22182,264,269.07,5
20230624,1,28856,338,310.24,7
20230625,1,28398,329,292.71,9
20230626,1,18121,212,165.4,4
20230627,1,21822,242,216.79,6
20230628,1,10056,117,97.77,2
20230629,1,14180,190,168.83,4
20230630,1,21144,261,228.92,5
20230701,1,17603,199,180.59,4
20230702,1,17945,200,173.59,5
20230703,1,28083,272,256.68,6
20230704,1,12644,155,109.36,3
20230705,1,21408,258,229.61,5
20230706,1,15550,173,167.16,4
20230707,1,17352,183,186.58,4
20230708,1,14177,152,140.84,3
20230709,1,19407,229,229.64,6
20230710,1,25555,292,259.13,7
20230711,1,9772,117,102.62,2
20230712,1,14553,168,153.38,3
20230713,1,4356,53,46.84,1
20230714,1,6986,82,67.67,1
20230715,1,46582,562,473.59,12
20230716,1,27456,278,223.73,5
20230717,1,18016,192,175.91,4
20230718,1,13629,153,134.88,3
20230719,1,36845,451,385.19,9
20230720,1,12226,157,131.55,3
20230721,1,24918,283,259.61,6
20230722,1,17911,198,185.67,4
20230723,1,11474,117,94.07,2
20230724,1,23272,281,223.06,6
20230725,1,3156,35,33.64,0
20230726,1,18630,255,201.07,6
20230727,1,18518,203,186.47,4
20230728,1,21691,282,283.08,7
20230729,1,27457,329,330.57,8
20230730,1,20057,216,201.78,5
20230731,1,17479,203,189.4,6
20230801,1,8671,104,110.21,2
20230802,1,33374,377,275.72,8
20230803,1,30070,362,308.07,9
20230804,1,10648,128,120.9,2
20230805,1,27146,322,277.16,8
20230806,1,34377,393,383.13,8
20230807,1,51862,553,487.03,12
20230808,1,17563,200,179.11,4
20230809,1,13149,152,131.76,3
20230810,1,17027,174,147.34,4
20230811,1,29433,340,288.35,8
20230812,1,26216,298,269.34,7
20230813,1,21274,225,186.98,5
20230814,1,14459,162,154.98,3
20230815,1,22823,256,239.31,6
20230816,1,21357,274,265.0,7
20230817,1,16671,193,156.0,4
20230818,1,21882,266,205.91,6
20230819,1,18163,206,182.61,5
20230820,1,23222,237,265.59,5
20230821,1,18926,225,220.92,5
20230822,1,25239,277,235.29,6
20230823,1,33876,379,347.77,9
20230824,1,19692,211,198.93,4
20230825,1,14570,167,133.28,3
20230826,1,16032,195,193.72,4
20230827,1,10112,122,106.84,3
20230828,1,13869,174,153.81,4
20230829,1,11619,147,130.55,3
20230830,1,24984,252,245.74,6
20230831,1,26380,280,234.63,6
20230901,1,20238,207,160.45,5
20230902,1,29816,353,322.83,8
20230903,1,38050,416,314.91,10
20230904,1,21327,236,204.92,5
20230905,1,16805,189,185.08,4
20230906,1,24106,281,262.69,6
20230907,1,24953,260,252.22,6
20230908,1,16192,171,159.89,4
20230909,1,29943,341,368.77,9
20230910,1,12424,152,129.14,3
20230911,1,5630,64,58.89,1
20230912,1,13819,150,129.34,3
20230913,1,16493,165,159.46,3
20230914,1,26227,316,280.54,8
20230915,1,19842,216,221.58,5
20230916,1,19964,212,181.2,5
20230917,1,24752,254,254.36,6
20230918,1,24444,255,238.77,5
20230919,1,19099,205,182.59,4
20230920,1,12135,136,126.66,3
20230921,1,31970,338,309.08,7
20230922,1,15661,180,165.66,4
20230923,1,31971,358,314.97,9
20230924,1,19564,254,215.25,5
20230925,1,24374,250,217.7,7
20230926,1,27550,316,247.26,7
20230927,1,15422,177,169.49,3
20230928,1,19297,206,167.12,4
20230929,1,35903,410,360.96,11
20230930,1,18756,223,210.38,6
20231001,1,31094,355,340.51,9
20231002,1,18244,225,175.4,5
20231003,1,16670,166,148.28,4
20231004,1,16965,183,170.84,4
20231005,1,11699,145,130.8,3
20231006,1,25040,300,300.36,7
20231007,1,31839,373,314.16,9
20231008,1,35379,432,329.66,9
20231009,1,13754,139,133.65,3
20231010,1,11858,141,121.76,3
20231011,1,10346,125,97.86,2
20231012,1,18634,203,180.38,4
20231013,1,13944,185,183.31,4
20231014,1,30181,346,281.92,7
20231015,1,20440,203,220.42,4
20231016,1,26319,305,256.74,8
20231017,1,11986,130,118.06,2
20231018,1,1976,24,19.6,0
20231019,1,32820,384,347.2,8
20231020,1,22800,249,222.42,6
20231021,1,19215,238,190.75,5
20231022,1,26309,315,356.48,7
20231023,1,16997,183,158.53,3
20231024,1,15164,170,147.36,3
20231025,1,19283,225,219.77,5
20231026,1,20424,226,235.85,5
20231027,1,26705,296,293.13,7
20231028,1,20385,231,189.79,5
20231029,1,33381,354,325.48,8
20231030,1,20432,202,156.89,4
20231031,1,27649,317,308.1,7
20231101,1,35696,358,284.24,7
20231102,1,26867,286,242.89,8
20231103,1,38690,393,355.56,8
20231104,1,21697,222,208.55,5
20231105,1,33660,390,346.34,9
20231106,1,26027,290,296.82,6
20231107,1,41919,466,447.19,11
20231108,1,53011,553,527.54,13
20231109,1,30042,326,268.01,6
20231110,1,19059,220,228.85,5
20231111,1,35649,401,341.05,7
20231112,1,29781,353,368.3,9
20231113,1,36476,436,464.88,11
20231114,1,27364,304,288.02,7
20231115,1,17540,177,174.99,3
20231116,1,24222,261,185.54,4
20231117,1,26856,301,269.44,7
20231118,1,36992,398,395.24,14
20231119,1,41968,444,434.68,11
20231120,1,30929,350,288.86,8
20231121,1,22476,293,260.36,6
20231122,1,51460,563,418.65,12
20231123,1,22109,249,234.47,6
20231124,1,52354,545,426.77,11
20231125,1,53078,644,642.1,13
20231126,1,35480,421,421.17,8
20231127,1,34532,408,357.96,10
20231128,1,16376,200,189.88,4
20231129,1,30995,340,304.33,7
20231130,1,24524,271,251.94,6
20231201,1,37300,465,387.0,9
20231202,1,29783,348,333.7,7
20231203,1,52410,516,413.12,11
20231204,1,37206,430,338.93,8
20231205,1,30759,334,301.81,7
20231206,1,30931,367,329.28,7
20231207,1,16146,186,173.42,4
20231208,1,30618,310,269.1,7
20231209,1,31697,362,384.6,7
20231210,1,31549,359,332.26,8
20231211,1,12977,149,139.04,3
20231212,1,27435,319,296.33,6
20231213,1,32802,403,399.42,9
20231214,1,16505,190,182.61,4
20231215,1,38156,429,406.6,11
20231216,1,19124,230,223.41,5
20231217,1,18222,234,185.4,4
20231218,1,10458,124,98.32,2
20231219,1,23941,272,247.93,6
20231220,1,21711,250,225.28,5
20231221,1,17995,205,196.87,4
20231222,1,22353,251,230.8,6
20231223,1,16679,213,205.17,5
20231224,1,29104,312,259.14,6
20231225,1,27630,332,304.49,7
20231226,1,21392,238,196.33,5
20231227,1,30130,309,292.6,6
20231228,1,25630,284,224.76,5
20231229,1,37811,410,387.7,9
20231230,1,18710,217,177.09,4
20231231,1,11808,133,118.35,2
20240101,1,7500,79,78.28,1
20240102,1,8830,108,101.11,2
20240103,1,11628,139,112.42,3
20240104,1,12426,153,133.27,3
20240105,1,24133,274,223.63,5
20240106,1,1880,21,16.61,0
20240107,1,26215,306,285.06,7
20240108,1,16563,179,172.95,4
20240109,1,19158,216,205.84,6
20240110,1,22949,254,245.71,5
20240111,1,33480,343,315.96,6
20240112,1,14466,163,146.88,3
20240113,1,14052,153,129.45,3
20240114,1,13615,150,133.7,3
20240115,1,17770,203,168.74,4
20240116,1,10197,123,106.41,2
20240117,1,18740,199,184.75,4
20240118,1,7307,80,73.35,1
20240119,1,19589,209,247.43,5
20240120,1,9599,102,84.54,2
20240121,1,30717,331,303.34,7
20240122,1,6072,67,55.05,1
20240123,1,6227,72,64.29,1
20240124,1,20389,232,208.67,5
20240125,1,21766,228,225.89,5
20240126,1,16169,195,174.4,4
20240127,1,22951,271,247.05,6
20240128,1,11828,125,111.57,2
20240129,1,13579,163,135.01,3
20240130,1,9232,105,92.03,2
20240131,1,6065,67,60.43,1
20240201,1,19050,217,202.67,4
20240202,1,10871,121,116.97,2
20240203,1,12330,142,129.6,3
20240204,1,28128,317,288.37,7
20240205,1,10349,113,91.67,2
20240206,1,1622,16,15.79,0
20240207,1,17309,199,175.28,4
20240208,1,23231,253,249.12,6
20240209,1,10285,120,123.76,3
20240210,1,10994,126,115.47,3
20240211,1,41366,451,386.34,10
20240212,1,18673,221,205.11,5
20240213,1,24496,276,263.8,6
20240214,1,20823,234,212.09,5
20240215,1,19032,210,186.48,4
20240216,1,10970,135,131.86,3
20240217,1,12762,136,131.59,3
20240218,1,22186,242,219.25,5
20240219,1,24603,254,207.49,5
20240220,1,22905,266,257.46,6
20240221,1,17886,192,167.96,3
20240222,1,10273,111,105.42,2
20240223,1,14202,153,144.37,3
20240224,1,22146,247,198.04,5
20240225,1,15136,156,146.37,4
20240226,1,22041,214,208.6,5
20240227,1,11563,132,130.11,3
20240228,1,3680,36,34.24,0
20240229,1,19424,227,181.11,5
20240301,1,5250,64,66.41,1
20240302,1,27568,303,292.66,6
20240303,1,23754,285,242.25,6
20240304,1,17057,189,165.61,4
20240305,1,28496,348,331.6,8
20240306,1,18344,198,195.48,4
20240307,1,13092,126,113.34,2
20240308,1,9967,110,109.79,2
20240309,1,23444,288,233.47,7
20240310,1,47256,541,466.3,11
20240311,1,5769,62,49.03,1
20240312,1,6635,75,65.33,1
20240313,1,23667,278,293.92,5
20240314,1,6078,67,73.55,1
20240315,1,4781,62,59.03,1
20240316,1,33339,358,319.07,8
20240317,1,27972,329,303.51,7
20240318,1,23983,278,270.84,6
20240319,1,21947,233,192.77,4
20240320,1,12417,134,119.81,3
20240321,1,22778,268,282.48,6
20240322,1,12451,139,120.09,3
20240323,1,15232,172,152.45,3
20240324,1,33801,339,319.57,7
20240325,1,14949,172,165.36,4
20240326,1,25861,291,260.31,5
20240327,1,5265,58,55.23,1
20240328,1,28233,319,315.64,6
20240329,1,14925,161,177.29,3
20240330,1,16498,176,163.91,3
20240331,1,14872,162,151.89,3
20240401,1,17493,188,200.29,4
20240402,1,19773,249,224.95,4
20240403,1,14741,172,145.71,3
20240404,1,23796,248,239.0,5
20240405,1,5770,72,74.13,1
20240406,1,22586,243,235.63,6
20240407,1,29747,329,307.99,7
20240408,1,21632,252,211.8,5
20240409,1,17437,171,160.43,3
20240410,1,26195,285,297.45,6
20240411,1,19792,211,180.22,5
20240412,1,9849,110,102.32,2
20240413,1,15694,177,162.25,4
20240414,1,23593,259,231.19,6
20240415,1,12790,140,135.03,3
20240416,1,9784,115,112.55,2
20240417,1,9799,110,108.08,2
20240418,1,13937,154,134.57,3
20240419,1,20595,229,189.81,5
20240420,1,24792,305,294.77,7
20240421,1,21289,237,215.92,4
20240422,1,26027,278,305.13,6
20240423,1,22907,225,247.74,4
20240424,1,21970,222,247.32,4
20240425,1,17466,187,164.91,4
20240426,1,37850,414,411.05,8
20240427,1,46117,491,499.96,11
20240428,1,21441,241,242.54,5
20240429,1,26421,281,259.51,6
20240430,1,11233,117,122.69,2
20240501,1,9288,106,100.23,2
20240502,1,8960,107,102.83,2
20240503,1,24390,251,211.31,5
20240504,1,32263,360,360.48,7
20240505,1,38238,375,348.97,8
20240506,1,27827,280,276.04,6
20240507,1,28370,301,292.17,7
20240508,1,26522,312,300.93,6
20240509,1,28704,301,285.9,6
20240510,1,7360,77,77.94,1
20240511,1,26434,291,272.59,6
20240512,1,18351,202,170.93,3
20240513,1,11359,119,118.65,2
20240514,1,13259,164,146.39,3
20240515,1,34430,372,319.28,7
20240516,1,24974,276,242.22,6
20240517,1,39857,427,416.14,9
20240518,1,39053,440,416.28,11
20240519,1,33770,399,321.09,8
20240520,1,11302,137,127.24,2
20240521,1,28059,294,307.89,6
20240522,1,24412,286,263.41,5
20240523,1,24266,275,259.04,6
20240524,1,9636,112,115.98,2
20240525,1,9357,102,103.5,2
20240526,1,30449,330,341.87,8
20240527,1,10008,116,88.92,2
20240528,1,14738,171,188.07,3
20240529,1,15872,191,191.86,4
20240530,1,9021,100,116.0,2
20240531,1,29315,319,286.93,6
20240601,1,25297,239,198.66,5
20240602,1,23542,234,224.45,4
20240603,1,17585,188,176.28,4
20240604,1,11420,117,118.31,2
20240605,1,19667,226,236.22,4
20240606,1,9096,92,87.55,1
20240607,1,2355,25,23.71,0
20240608,1,43517,463,463.51,10
20240609,1,29770,350,329.13,7
20240610,1,24944,263,245.56,5
20240611,1,17268,194,202.46,4
20240612,1,18443,204,216.33,5
20240613,1,29378,339,355.32,7
20240614,1,26346,303,287.08,6
20240615,1,26318,287,232.41,6
20240616,1,24726,244,232.13,5
20240617,1,22278,240,217.31,4
20240618,1,24658,269,255.66,5
20240619,1,39425,438,399.62,9
20240620,1,20199,211,202.3,4
20240621,1,16423,192,169.88,4
20240622,1,21237,232,201.39,5
20240623,1,26337,272,288.76,5
20240624,1,37678,400,356.91,9
20240625,1,16981,208,200.85,4
20240626,1,8280,94,97.58,2
20240627,1,15410,179,185.25,3
20240628,1,18155,186,190.95,4
20240629,1,25328,265,262.23,7
20240630,1,11084,116,118.15,2
20240701,1,14335,158,169.78,3
20240702,1,36529,394,393.62,8
20240703,1,11529,122,101.52,2
20240704,1,22138,236,218.15,4
20240705,1,22142,230,235.16,5
20240706,1,15776,170,156.21,3
20240707,1,28858,336,369.64,7
20240708,1,12972,129,124.29,2
20240709,1,20060,223,216.91,5
20240710,1,24607,291,307.4,6
20240711,1,17649,190,180.69,3
20240712,1,25136,265,259.82,6
20240713,1,13476,155,161.69,3
20240714,1,36858,378,325.08,8
20240715,1,31575,343,325.07,8
20240716,1,12331,126,130.42,2
20240717,1,31172,303,295.15,5
20240718,1,16428,177,193.14,4
20240719,1,22029,222,189.82,4
20240720,1,26975,293,248.15,6
20240721,1,22461,261,269.55,5
20240722,1,24619,299,310.49,5
20240723,1,11624,127,121.19,2
20240724,1,15933,184,184.34,3
20240725,1,31103,346,356.58,7
20240726,1,11495,122,110.84,2
20240727,1,26567,257,235.62,6
20240728,1,19968,239,235.37,4
20240729,1,28550,291,303.68,7
20240730,1,12975,153,135.74,3
20240731,1,18560,208,199.4,4
20240801,1,38504,394,376.22,7
20240802,1,40712,450,452.21,8
20240803,1,19793,244,237.39,5
20240804,1,22285,265,247.31,5
20240805,1,22635,238,255.68,5
20240806,1,21563,224,209.23,4
20240807,1,31452,343,325.93,6
20240808,1,33640,361,309.36,7
20240809,1,28595,333,306.43,6
20240810,1,36462,413,419.7,9
20240811,1,33308,326,325.86,7
20240812,1,32333,360,368.15,7
20240813,1,19506,209,212.89,4
20240814,1,31697,344,397.08,7
20240815,1,36397,400,368.04,7
20240816,1,20460,238,203.9,4
20240817,1,30669,352,315.57,7
20240818,1,37116,384,354.49,9
20240819,1,19291,208,187.71,4
20240820,1,27442,289,284.82,6
20240821,1,39269,384,414.38,9
20240822,1,33505,360,398.29,7
20240823,1,16392,198,201.9,4
20240824,1,36693,358,415.43,7
20240825,1,48171,520,494.91,12
20240826,1,21258,229,197.01,4
20240827,1,11278,124,131.65,2
20240828,1,8432,86,72.48,1
20240829,1,33372,331,304.88,7
20240830,1,19810,197,201.44,4
20240831,1,29320,343,333.35,6
20240901,1,24164,246,237.07,4
20240902,1,10784,113,101.06,2
20240903,1,16736,205,201.0,4
20240904,1,7068,73,77.26,1
20240905,1,18155,200,196.79,3
20240906,1,17301,199,182.95,4
20240907,1,16133,185,164.21,4
20240908,1,36048,359,330.52,8
20240909,1,13451,139,141.23,3
20240910,1,35150,386,389.95,8
20240911,1,17595,213,196.37,4
20240912,1,16020,165,136.21,3
20240913,1,7167,75,76.12,1
20240914,1,39539,437,400.29,9
20240915,1,23963,268,278.48,5
20240916,1,25305,284,263.25,6
20240917,1,16505,169,153.65,3
20240918,1,56937,594,591.45,12
20240919,1,14391,157,186.19,3
20240920,1,25571,297,310.31,6
20240921,1,48431,514,511.56,11
20240922,1,20651,222,225.49,5
20240923,1,27371,277,237.32,5
20240924,1,30746,370,333.67,8
20240925,1,22377,243,195.9,4
20240926,1,7058,81,91.62,1
20240927,1,29326,316,352.6,7
20240928,1,20445,221,225.07,4
20240929,1,40805,401,400.13,9
20240930,1,71431,675,588.51,14
20241001,1,8284,96,92.88,1
20241002,1,13335,144,164.04,2
20241003,1,17003,185,184.54,3
20241004,1,39523,394,371.86,7
20241005,1,35769,364,312.52,7
20241006,1,32931,377,416.51,6
20241007,1,28771,343,337.51,7
20241008,1,10343,107,91.63,1
20241009,1,18698,209,191.7,4
20241010,1,36655,398,355.59,8
20241011,1,42794,456,447.2,9
20241012,1,29768,357,359.14,7
20241013,1,18100,189,179.66,3
20241014,1,32447,375,395.78,8
20241015,1,39454,433,431.62,8
20241016,1,24080,258,278.27,5
20241017,1,19925,232,223.07,4
20241018,1,12374,135,170.44,2
20241019,1,31056,331,313.67,8
20241020,1,45692,532,491.01,11
20241021,1,30301,350,319.98,7
20241022,1,20406,235,229.19,4
20241023,1,40074,340,294.63,6
20241024,1,32368,356,362.41,8
20241025,1,29039,315,268.73,5
20241026,1,42859,458,461.46,9
20241027,1,23681,263,234.63,5
20241028,1,28601,311,300.29,5
20241029,1,32742,365,381.14,6
20241030,1,26588,280,335.01,5
20241031,1,20501,240,218.74,5
20241101,1,19624,220,216.3,4
20241102,1,29590,327,307.22,7
20241103,1,26595,293,271.98,6
20241104,1,24427,280,263.71,5
20241105,1,42048,478,508.77,12
20241106,1,12620,134,128.15,2
20241107,1,37115,421,502.71,9
20241108,1,57226,618,637.38,13
20241109,1,32449,389,358.2,9
20241110,1,45306,517,501.13,10
20241111,1,47625,490,458.81,9
20241112,1,23609,290,308.54,6
20241113,1,43236,407,356.32,7
20241114,1,42277,469,420.25,10
20241115,1,47076,482,459.12,10
20241116,1,51548,616,649.66,12
20241117,1,67741,734,809.16,16
20241118,1,36464,371,414.12,6
20241119,1,37810,397,413.63,8
20241120,1,35910,367,364.04,7
20241121,1,31991,335,356.97,8
20241122,1,44281,463,422.4,9
20241123,1,53765,548,473.33,10
20241124,1,59253,642,665.53,11
20241125,1,23093,252,232.73,5
20241126,1,34963,351,349.3,6
20241127,1,26227,253,256.13,4
20241128,1,31691,344,351.74,7
20241129,1,33279,366,395.36,8
20241130,1,27858,310,332.17,6
20241201,1,44516,490,498.52,10
20241202,1,39397,461,446.09,9
20241203,1,28490,322,325.35,6
20241204,1,14559,182,173.83,3
20241205,1,14198,182,180.21,3
20241206,1,21408,205,254.27,4
20241207,1,62089,579,590.16,12
20241208,1,60472,643,669.96,12
20241209,1,23625,259,245.93,5
20241210,1,21349,226,246.69,4
20241211,1,26327,292,312.05,5
20241212,1,23422,245,262.26,4
20241213,1,49136,501,512.5,11
20241214,1,21386,220,240.17,5
20241215,1,32192,338,376.64,6
20241216,1,22727,254,261.08,5
20241217,1,19094,197,196.95,3
20241218,1,26344,275,297.49,5
20241219,1,34215,376,352.69,8
20241220,1,23827,250,237.59,4
20241221,1,38143,433,434.53,8
20241222,1,34943,351,307.62,6
20241223,1,20981,208,224.52,4
20241224,1,9161,99,92.56,1
20241225,1,22906,249,241.4,5
20241226,1,22936,231,229.42,4
20241227,1,33400,384,388.98,7
20241228,1,46794,557,547.09,12
20241229,1,49063,501,503.42,10
20241230,1,17513,203,203.83,4
20241231,1,53111,488,475.22,9
20250101,1,12384,140,132.48,2
20250102,1,16493,166,182.61,3
20250103,1,10504,118,100.39,2
20250104,1,27901,279,277.11,5
20250105,1,24838,262,255.28,4
20250106,1,17546,177,185.22,3
20250107,1,21620,226,203.17,4
20250108,1,16419,194,188.5,3
20250109,1,23486,247,247.73,5
20250110,1,30219,363,400.64,7
20250111,1,11025,114,118.29,2
20250112,1,31112,360,331.79,7
20250113,1,20947,201,196.19,4
20250114,1,20583,214,232.78,4
20250115,1,19725,202,186.13,3
20250116,1,14488,168,169.41,3
20250117,1,3368,36,36.16,0
20250118,1,50506,471,463.19,10
20250119,1,31219,305,384.43,5
20250120,1,16090,160,156.9,3
20250121,1,16913,189,198.63,3
20250122,1,8389,93,88.5,1
20250123,1,12050,125,132.62,2
20250124,1,24661,252,274.74,5
20250125,1,22862,252,244.37,5
20250126,1,30308,299,302.64,6
20250127,1,20001,217,205.67,4
20250128,1,16586,179,166.54,3
20250129,1,15992,166,182.92,4
20250130,1,8977,97,94.07,1
20250131,1,27134,288,241.29,5
20250201,1,24478,266,311.92,6
20250202,1,24552,239,228.31,5
20250203,1,29890,327,326.17,7
20250204,1,21940,246,285.26,5
20250205,1,22893,246,247.75,4
20250206,1,9518,104,104.37,2
20250207,1,34390,360,332.46,7
20250208,1,23752,264,236.29,6
20250209,1,25531,270,271.3,4
20250210,1,34684,341,358.32,7
20250211,1,6509,72,75.17,1
20250212,1,16342,156,153.49,3
20250213,1,20452,219,223.94,4
20250214,1,21485,221,194.4,4
20250215,1,28013,287,303.94,5
20250216,1,20128,214,221.75,4
20250217,1,13389,135,161.76,2
20250218,1,8204,89,91.28,1
20250219,1,16108,170,161.51,3
20250220,1,43123,437,445.27,9
20250221,1,31860,363,361.23,6
20250222,1,29315,312,330.99,6
20250223,1,19328,211,216.41,5
20250224,1,25433,291,269.57,6
20250225,1,21437,245,219.64,3
20250226,1,20867,227,237.0,4
20250227,1,32378,334,382.57,7
20250228,1,32781,316,325.53,6
20250301,1,39596,421,459.94,8
20250302,1,23367,262,291.46,5
20250303,1,20142,216,225.87,4
20250304,1,28466,243,233.18,4
20250305,1,21344,236,246.39,5
20250306,1,25414,282,318.71,5
20250307,1,22516,232,248.52,4
20250308,1,26952,300,326.98,6
20250309,1,47379,516,511.02,9
20250310,1,26630,268,271.21,5
20250311,1,36585,414,421.4,8
20250312,1,19556,190,194.35,4
20250313,1,31879,333,375.68,6
20250314,1,26296,273,232.45,4
20250315,1,43823,437,450.46,8
20250316,1,20432,218,222.95,4
20250317,1,6442,73,67.08,1
20250318,1,12757,144,156.51,3
20250319,1,6401,70,67.58,1
20250320,1,45574,431,431.04,9
20250321,1,85592,827,986.81,16
20250322,1,26297,278,310.65,6
20250323,1,13405,140,151.55,2
20250324,1,38895,395,419.17,7
20250325,1,24640,289,293.72,5
20250326,1,13109,138,167.46,2
20250327,1,20547,222,244.65,4
20250328,1,19107,212,205.75,4
20250329,1,8770,92,85.24,1
20250330,1,26040,318,343.32,6
20250331,1,29559,292,299.89,5
20250401,1,22228,224,206.15,3
20250402,1,25521,252,269.32,5
20250403,1,10023,115,116.7,2
20250404,1,13959,153,164.93,2
20250405,1,27106,274,293.23,5
20250406,1,12507,124,121.63,2
20250407,1,30145,342,371.49,8
20250408,1,35902,383,380.68,7
20250409,1,8628,98,97.44,1
20250410,1,32314,336,333.57,7
20250411,1,26210,282,319.19,5
20250412,1,33327,354,358.51,7
20250413,1,39712,399,460.87,8
20250414,1,23793,246,294.18,4
20250415,1,12562,122,119.5,2
20250416,1,3166,34,27.68,0
20250417,1,19796,216,243.46,4
20250418,1,46924,519,523.79,9
20250419,1,30979,336,324.59,6
20250420,1,21085,218,215.55,4
20250421,1,7084,81,81.47,1
20250422,1,30122,331,380.6,7
20250423,1,18464,209,220.17,3
20250424,1,25176,286,329.3,6
20250425,1,31744,328,354.12,6
20250426,1,19804,211,213.91,4
20250427,1,19169,209,210.86,3
20250428,1,33667,327,355.93,5
20250429,1,29309,285,316.8,5
20250430,1,29930,288,324.39,6
20250501,1,31644,327,332.95,6
20250502,1,19816,202,213.25,4
20250503,1,55348,528,575.51,11
20250504,1,34033,357,360.57,7
20250505,1,13836,143,135.52,2
20250506,1,13803,154,150.36,2
20250507,1,10917,128,131.12,2
20250508,1,36336,388,425.61,9
20250509,1,31317,312,359.52,6
20250510,1,23988,259,242.58,5
20250511,1,23291,242,240.87,4
20250512,1,36152,370,375.11,7
20250513,1,17751,175,194.68,3
20250514,1,31007,313,313.38,6
20250515,1,33600,345,348.02,6
20250516,1,23050,251,234.41,4
20250517,1,31128,333,361.27,6
20250518,1,18749,217,223.52,4
20250519,1,22223,240,237.54,4
20250520,1,44466,473,484.29,9
20250521,1,31534,321,366.46,5
20250522,1,35315,344,331.38,7
20250523,1,29951,300,293.4,5
20250524,1,25661,255,294.25,4
20250525,1,33086,294,308.91,6
20250526,1,24919,243,268.24,4
20250527,1,10348,118,127.43,2
20250528,1,21155,224,233.84,4
20250529,1,37832,383,389.92,6
20250530,1,29046,308,344.71,6
20250531,1,29326,270,310.71,5
20250601,1,55192,581,663.42,11
20250602,1,40366,451,429.83,8
20250603,1,8372,86,100.48,1
20250604,1,48593,452,460.0,8
20250605,1,25868,261,258.1,4
20250606,1,27313,305,315.61,6
20250607,1,27899,293,328.93,5
20250608,1,48445,460,504.02,8
20250609,1,24675,294,301.89,5
20250610,1,34841,334,375.34,7
20250611,1,20326,207,220.11,3
20250612,1,17510,170,171.0,3
20250613,1,23589,229,227.38,4
20250614,1,7660,77,83.66,1
20250615,1,38774,416,434.48,7
20250616,1,23573,263,247.53,4
20250617,1,26370,266,299.23,5
20250618,1,15543,151,152.61,2
20250619,1,18736,199,237.96,3
20250620,1,29610,315,296.12,6
20250621,1,24266,254,263.78,5
20250622,1,29082,305,303.86,5
20250623,1,24208,248,241.7,4
20250624,1,24679,256,259.28,4
20250625,1,39808,406,492.83,7
20250626,1,20741,228,243.18,4
20250627,1,28264,333,328.96,6
20250628,1,57116,595,541.95,10
20250629,1,38155,393,361.0,8
20250630,1,29727,311,314.43,6
20250701,1,21612,214,214.38,3
20250702,1,22628,244,252.54,4
20250703,1,27899,295,259.61,6
20250704,1,41636,418,437.52,8
20250705,1,15184,165,189.3,3
20250706,1,17468,180,216.96,3
20250707,1,25955,252,229.21,4
20250708,1,13037,137,135.5,2
20250709,1,42262,441,435.33,9
20250710,1,22026,240,256.63,4
20250711,1,25068,271,260.17,5
20250712,1,22221,227,274.14,4
20250713,1,29718,297,315.2,5
20250714,1,46593,479,501.82,10
20250715,1,17802,187,224.54,4
20250716,1,2836,30,31.84,0
20250717,1,15485,162,177.11,3
20250718,1,51874,530,528.99,10
20250719,1,50714,553,524.99,11
20250720,1,21293,210,211.8,3
20250721,1,18296,218,275.48,4
20250722,1,8653,93,103.67,1
20250723,1,21057,202,218.5,4
20250724,1,15514,161,157.57,2
20250725,1,36750,395,451.06,7
20250726,1,41406,416,396.07,9
20250727,1,21327,200,187.04,3
20250728,1,22726,219,222.33,4
20250729,1,13876,147,182.04,2
20250730,1,26548,245,302.94,4
20250731,1,33838,318,326.02,5
20250801,1,50352,533,536.62,10
20250802,1,42226,427,397.91,7
20250803,1,33579,330,352.95,6
20250804,1,20311,202,217.49,3
20250805,1,14715,138,155.91,2
20250806,1,37273,393,449.47,7
20250807,1,29212,285,298.77,5
20250808,1,23602,234,259.91,4
20250809,1,45255,473,475.9,8
20250810,1,23118,233,259.25,4
20250811,1,32213,316,323.08,6
20250812,1,20043,182,201.43,3
20250813,1,42837,448,491.55,8
20250814,1,20337,209,223.98,3
20250815,1,23401,232,263.97,3
20250816,1,39550,380,357.18,7
20250817,1,20818,213,208.58,3
20250818,1,47810,503,524.71,9
20250819,1,31224,321,304.82,5
20250820,1,16143,182,188.12,3
20250821,1,16138,172,178.65,3
20250822,1,39311,399,473.31,8
20250823,1,32315,345,372.64,6
20250824,1,44621,457,530.61,8
20250825,1,14065,144,158.01,2
20250826,1,30903,341,349.03,7
20250827,1,25849,250,269.82,4
20250828,1,22897,234,265.19,4
20250829,1,17246,189,222.56,3
20250830,1,44934,467,494.38,8
20250831,1,11426,114,106.87,2
20250901,1,20203,186,173.32,3
20250902,1,51693,460,479.67,8
20250903,1,26151,302,268.22,5
20250904,1,22919,238,294.14,5
20250905,1,34650,341,383.43,6
20250906,1,60731,632,643.79,13
20250907,1,19739,190,186.67,3
20250908,1,41454,414,481.88,7
20250909,1,23580,227,222.81,4
20250910,1,20094,188,186.32,3
20250911,1,28526,256,258.36,5
20250912,1,33513,310,336.17,6
20250913,1,28921,313,352.48,5
20250914,1,33360,320,377.5,6
20250915,1,34356,361,421.1,6
20250916,1,31461,339,364.55,6
20250917,1,26319,268,312.87,6
20250918,1,46745,467,475.1,8
20250919,1,29949,307,285.04,5
20250920,1,32370,321,327.28,6
20250921,1,33127,362,365.07,6
20250922,1,29537,336,343.19,6
20250923,1,14793,164,163.8,2
20250924,1,24971,223,231.21,4
20250925,1,25969,257,290.98,4
20250926,1,36711,373,460.19,6
20250927,1,62343,651,610.07,13
20250928,1,39979,366,355.16,6
20250929,1,30838,282,284.79,5
20250930,1,20129,221,253.38,4
20251001,1,33725,331,350.67,5
20251002,1,17562,163,165.29,3
20251003,1,53706,510,582.19,9
20251004,1,47183,490,569.95,9
20251005,1,32523,314,337.81,5
20251006,1,28962,298,301.64,5
20251007,1,29284,280,309.26,5
20251008,1,46656,426,451.27,9
20251009,1,21828,241,255.44,4
20251010,1,27553,286,295.99,5
20251011,1,54368,540,627.76,10
20251012,1,18127,178,195.75,3
20251013,1,30921,342,402.02,5
20251014,1,13055,137,164.86,2
20251015,1,26733,290,325.51,5
20251016,1,30277,296,307.74,4
20251017,1,53476,543,638.56,10
20251018,1,23243,241,270.7,5
20251019,1,19098,187,249.73,3
20251020,1,36579,368,407.8,7
20251021,1,31018,303,346.91,6
20251022,1,27992,290,321.14,5
20251023,1,34894,326,349.81,6
20251024,1,23412,245,260.22,3
20251025,1,34465,355,393.98,6
20251026,1,14020,140,157.67,2
20251027,1,17625,183,217.22,3
20251028,1,49563,490,544.88,9
20251029,1,35753,347,362.57,6
20251030,1,16767,175,185.22,3
20251031,1,33071,346,337.6,5
20251101,1,41140,403,499.01,8
20251102,1,41564,405,420.89,7
20251103,1,38858,388,455.02,8
20251104,1,60421,590,654.79,9
20251105,1,42951,475,528.34,8
20251106,1,42299,435,468.46,7
20251107,1,42188,426,434.6,7
20251108,1,101697,970,975.81,20
20251109,1,75597,797,994.47,15
20251110,1,22633,220,241.43,4
20251111,1,58690,569,677.39,9
20251112,1,47827,505,613.47,8
20251113,1,55545,573,603.66,10
20251114,1,59042,512,576.01,9
20251115,1,76848,767,838.38,14
20251116,1,37241,378,375.53,5
20251117,1,39922,394,423.08,7
20251118,1,80743,821,936.98,15
20251119,1,33101,299,313.37,5
20251120,1,35198,299,317.65,5
20251121,1,56565,537,577.82,10
20251122,1,65748,673,868.85,13
20251123,1,82608,685,645.01,11
20251124,1,54787,524,595.03,10
20251125,1,41503,372,397.99,8
20251126,1,25423,252,260.91,4
20251127,1,43062,487,519.85,9
20251128,1,55824,554,637.78,10
20251129,1,37245,372,430.24,6
20251130,1,58751,621,687.99,11
20251201,1,28721,289,344.2,5
20251202,1,18147,180,217.84,3
20251203,1,29660,315,368.07,4
20251204,1,44325,458,479.73,8
20251205,1,38950,398,452.34,7
20251206,1,22495,224,254.95,3
20251207,1,52882,520,532.94,10
20251208,1,56291,597,576.4,10
20251209,1,56733,558,519.12,9
20251210,1,40448,437,481.06,8
20251211,1,82998,782,877.09,13
20251212,1,39150,428,426.7,6
20251213,1,60091,620,738.56,12
20251214,1,66161,626,693.83,11
20251215,1,23120,239,292.06,4
20251216,1,46675,450,508.44,8
20251217,1,46201,464,466.74,7
20251218,1,45104,439,499.35,7
20251219,1,48893,486,562.3,8
20251220,1,33678,357,375.04,5
20251221,1,29324,303,296.72,5
20251222,1,35787,335,371.19,5
20251223,1,37374,351,355.36,6
20251224,1,39310,400,479.98,7
20251225,1,41006,419,445.76,7
20251226,1,28612,275,347.49,5
20251227,1,42510,468,434.23,8
20251228,1,16182,170,189.38,2
20251229,1,35081,338,416.55,6
20251230,1,24641,236,241.96,3
20251231,1,7907,78,84.45,1
20210101,2,1487,54,73.8,2
20210102,2,1509,55,76.83,2
20210103,2,862,29,41.92,1
20210104,2,839,29,39.05,1
20210105,2,1707,60,89.74,2
20210106,2,1050,36,49.05,1
20210107,2,1067,34,47.32,1
20210108,2,123,4,5.54,0
20210109,2,1917,68,97.25,2
20210110,2,81,3,4.39,0
20210111,2,2114,74,107.19,3
20210112,2,121,5,6.71,0
20210113,2,121,4,6.01,0
20210114,2,1642,59,76.47,2
20210115,2,185,7,8.49,0
20210116,2,107,4,4.42,0
20210117,2,879,32,51.79,1
20210118,2,1984,74,87.08,3
20210119,2,85,3,4.81,0
20210120,2,880,34,44.76,1
20210121,2,1403,53,81.8,2
20210122,2,2588,86,102.1,3
20210123,2,897,32,44.69,1
20210124,2,188,6,9.17,0
20210125,2,78,3,4.53,0
20210126,2,226,8,11.53,0
20210127,2,158,6,6.85,0
20210128,2,1727,60,75.6,2
20210129,2,1055,33,51.5,1
20210130,2,1269,52,71.17,2
20210131,2,1532,54,75.25,2
20210201,2,972,32,46.32,1
20210202,2,1816,68,86.07,2
20210203,2,2278,90,132.15,3
20210204,2,1795,62,85.46,2
20210205,2,1726,60,86.42,2
20210206,2,1015,36,48.02,1
20210207,2,1621,53,66.71,2
20210208,2,1193,40,55.07,1
20210209,2,1671,65,97.68,2
20210210,2,288,10,13.92,0
20210211,2,1715,57,81.26,2
20210212,2,3204,109,166.15,3
20210213,2,215,8,11.79,0
20210214,2,1901,59,84.81,2
20210215,2,169,6,7.93,0
20210216,2,1234,50,77.01,2
20210217,2,127,5,6.7,0
20210218,2,3124,113,153.23,4
20210219,2,264,10,13.08,0
20210220,2,2778,105,162.6,4
20210221,2,1413,49,66.13,2
20210222,2,731,27,39.19,1
20210223,2,1542,60,103.43,2
20210224,2,2038,66,99.6,2
20210225,2,1631,59,94.8,2
20210226,2,140,5,6.67,0
20210227,2,142,5,7.92,0
20210228,2,1030,36,51.75,1
20210301,2,988,35,50.69,1
20210302,2,899,32,54.04,1
20210303,2,1901,71,98.68,2
20210304,2,1586,57,80.83,2
20210305,2,2431,84,110.96,3
20210306,2,151,5,7.98,0
20210307,2,1060,36,48.99,1
20210308,2,817,29,45.53,1
20210309,2,896,30,38.06,1
20210310,2,189,7,10.68,0
20210311,2,140,5,7.37,0
20210312,2,962,36,54.43,1
20210313,2,922,31,43.89,1
20210314,2,933,31,42.32,1
20210315,2,1605,60,83.69,2
20210316,2,1421,50,66.54,2
20210317,2,1015,35,52.93,1
20210318,2,989,36,47.29,1
20210319,2,881,32,45.43,1
20210320,2,1699,55,81.03,2
20210321,2,843,32,52.4,1
20210322,2,264,9,13.27,0
20210323,2,802,31,44.28,1
20210324,2,1986,64,94.2,2
20210325,2,984,35,42.54,1
20210326,2,1477,51,66.11,2
20210327,2,2387,74,102.6,2
20210328,2,1597,58,78.2,2
20210329,2,1865,58,73.88,2
20210330,2,1604,55,85.41,2
20210331,2,1555,58,85.56,2
20210401,2,1716,58,85.1,2
20210402,2,3721,123,167.99,4
20210403,2,2676,98,141.42,4
20210404,2,1047,36,54.4,1
20210405,2,1908,65,91.03,2
20210406,2,1593,60,89.78,2
20210407,2,1107,36,49.34,1
20210408,2,324,11,16.33,0
20210409,2,272,10,15.59,0
20210410,2,1512,49,77.84,2
20210411,2,773,30,48.7,1
20210412,2,4239,146,215.69,5
20210413,2,816,30,42.87,1
20210414,2,3346,123,171.4,4
20210415,2,984,34,42.88,1
20210416,2,1829,62,80.05,2
20210417,2,201,7,10.65,0
20210418,2,1099,40,57.71,1
20210419,2,2190,72,116.25,2
20210420,2,3051,99,159.98,3
20210421,2,1364,52,71.63,2
20210422,2,210,7,10.27,0
20210423,2,112,4,5.69,0
20210424,2,232,8,12.04,0
20210425,2,145,5,7.81,0
20210426,2,1526,58,92.54,2
20210427,2,1441,50,70.43,2
20210428,2,1553,53,84.11,2
20210429,2,117,4,5.33,0
20210430,2,769,26,42.38,1
20210501,2,2687,90,130.55,3
20210502,2,177,6,8.84,0
20210503,2,883,34,41.68,1
20210504,2,1539,56,78.25,2
20210505,2,146,5,8.03,0
20210506,2,189,7,10.53,0
20210507,2,189,6,8.84,0
20210508,2,3117,118,172.28,4
20210509,2,212,8,13.32,0
20210510,2,853,34,50.39,1
20210511,2,135,5,6.99,0
20210512,2,252,9,13.36,0
20210513,2,1434,54,88.93,2
20210514,2,1162,39,58.69,1
20210515,2,1939,66,95.91,2
20210516,2,1671,58,101.13,2
20210517,2,3198,121,193.6,4
20210518,2,211,7,11.24,0
20210519,2,2827,93,138.88,4
20210520,2,1980,70,108.36,2
20210521,2,825,30,47.24,1
20210522,2,2544,85,104.58,3
20210523,2,2205,80,120.9,3
20210524,2,767,29,41.31,1
20210525,2,2804,105,147.74,4
20210526,2,1517,54,77.87,2
20210527,2,1905,66,85.35,2
20210528,2,3026,117,147.77,4
20210529,2,344,12,19.75,0
20210530,2,2008,74,111.93,2
20210531,2,306,12,14.34,0
20210601,2,2648,97,135.17,4
20210602,2,1951,64,100.09,2
20210603,2,1670,54,77.72,2
20210604,2,146,5,8.12,0
20210605,2,743,27,42.65,1
20210606,2,783,28,37.34,1
20210607,2,1685,67,97.07,3
20210608,2,2294,82,116.37,3
20210609,2,3251,111,146.08,4
20210610,2,4211,137,179.2,5
20210611,2,3077,115,158.61,4
20210612,2,2413,84,117.84,3
20210613,2,220,7,9.89,0
20210614,2,143,5,7.59,0
20210615,2,1067,35,53.68,1
20210616,2,884,30,46.41,1
20210617,2,287,10,14.37,0
20210618,2,2638,87,134.73,3
20210619,2,1006,34,50.12,1
20210620,2,991,33,46.65,1
20210621,2,180,6,10.4,0
20210622,2,1160,38,46.76,1
20210623,2,1035,35,44.04,1
20210624,2,2486,82,124.44,3
20210625,2,1720,62,89.63,2
20210626,2,1618,57,75.24,2
20210627,2,1016,38,52.25,1
20210628,2,744,29,39.86,1
20210629,2,1490,54,85.67,2
20210630,2,867,31,50.05,1
20210701,2,220,8,13.89,0
20210702,2,1146,41,53.32,1
20210703,2,201,7,9.27,0
20210704,2,950,33,43.46,1
20210705,2,1711,56,92.33,2
20210706,2,3225,118,180.34,4
20210707,2,979,34,51.27,1
20210708,2,1607,61,92.73,2
20210709,2,1660,61,90.65,2
20210710,2,3133,105,141.76,4
20210711,2,1387,52,80.55,2
20210712,2,1240,37,54.36,1
20210713,2,1382,54,72.63,2
20210714,2,1028,33,51.39,1
20210715,2,4242,152,218.89,5
20210716,2,925,33,49.31,1
20210717,2,1586,59,87.09,2
20210718,2,293,10,16.34,0
20210719,2,1406,43,64.41,1
20210720,2,2492,85,118.42,3
20210721,2,1777,61,93.69,2
20210722,2,1040,32,48.51,1
20210723,2,2724,95,146.92,3
20210724,2,1840,60,96.48,2
20210725,2,885,32,45.31,1
20210726,2,876,30,47.72,1
20210727,2,971,38,49.41,1
20210728,2,1606,55,81.02,2
20210729,2,1009,36,51.87,1
20210730,2,1690,58,97.78,2
20210731,2,1236,39,58.0,1
20210801,2,990,34,53.76,1
20210802,2,2694,98,127.71,4
20210803,2,4300,155,225.6,5
20210804,2,3484,119,165.68,4
20210805,2,1067,34,61.26,1
20210806,2,913,33,46.3,1
20210807,2,1543,55,82.81,2
20210808,2,875,32,48.36,1
20210809,2,2603,89,117.93,3
20210810,2,1751,55,79.62,2
20210811,2,1560,56,87.14,2
20210812,2,2217,77,115.37,3
20210813,2,1456,55,68.23,2
20210814,2,144,5,7.63,0
20210815,2,317,11,17.33,0
20210816,2,1880,67,104.6,2
20210817,2,1849,62,102.34,2
20210818,2,838,28,39.47,1
20210819,2,1824,63,104.38,2
20210820,2,2251,74,110.88,3
20210821,2,2889,99,168.48,3
20210822,2,1614,63,95.09,2
20210823,2,919,34,43.64,1
20210824,2,904,32,51.96,1
20210825,2,1600,61,88.83,2
20210826,2,1028,34,49.85,1
20210827,2,1562,63,84.75,2
20210828,2,2486,84,144.09,3
20210829,2,255,10,15.08,0
20210830,2,153,6,9.8,0
20210831,2,4606,144,208.9,6
20210901,2,870,33,46.2,1
20210902,2,293,10,16.18,0
20210903,2,2622,88,131.26,3
20210904,2,1507,54,81.46,2
20210905,2,1835,60,81.29,2
20210906,2,4582,164,238.47,5
20210907,2,2102,69,107.54,2
20210908,2,1026,36,49.2,1
20210909,2,851,32,46.99,1
20210910,2,1013,36,52.03,1
20210911,2,147,5,7.61,0
20210912,2,2314,83,141.82,3
20210913,2,2319,74,109.7,3
20210914,2,939,31,44.47,1
20210915,2,916,31,58.29,1
20210916,2,2830,103,150.25,4
20210917,2,141,5,7.76,0
20210918,2,1785,64,94.53,2
20210919,2,1760,61,91.09,2
20210920,2,2446,81,122.78,3
20210921,2,1080,41,66.69,1
20210922,2,2644,88,137.07,3
20210923,2,899,32,53.5,1
20210924,2,1595,55,91.25,2
20210925,2,251,9,14.32,0
20210926,2,1584,53,83.54,2
20210927,2,2326,86,142.12,3
20210928,2,796,30,41.88,1
20210929,2,3041,112,207.11,4
20210930,2,1741,61,88.41,2
20211001,2,887,30,44.28,1
20211002,2,170,7,9.47,0
20211003,2,1896,62,85.39,2
20211004,2,820,30,48.87,1
20211005,2,1497,53,96.09,2
20211006,2,231,8,11.04,0
20211007,2,3250,114,177.88,5
20211008,2,1724,58,90.01,2
20211009,2,2529,90,147.79,3
20211010,2,962,34,61.33,1
20211011,2,221,9,15.59,0
20211012,2,2271,84,126.18,3
20211013,2,1509,54,85.87,2
20211014,2,2869,103,164.46,3
20211015,2,800,31,47.59,1
20211016,2,1528,50,69.7,2
20211017,2,2274,78,112.2,3
20211018,2,1746,54,89.91,2
20211019,2,948,34,57.87,1
20211020,2,2466,90,135.32,3
20211021,2,1806,59,92.32,2
20211022,2,2857,108,181.24,4
20211023,2,1114,37,48.99,1
20211024,2,1148,39,56.98,1
20211025,2,2319,81,145.72,3
20211026,2,1468,56,87.3,2
20211027,2,2126,70,97.23,2
20211028,2,964,34,52.43,1
20211029,2,798,29,48.24,1
20211030,2,1031,37,45.82,1
20211031,2,1502,54,83.4,2
20211101,2,1791,65,97.1,2
20211102,2,2624,88,117.85,3
20211103,2,2555,98,151.54,3
20211104,2,3572,123,186.04,5
20211105,2,2986,102,156.97,4
20211106,2,2980,112,166.78,4
20211107,2,5364,179,252.84,7
20211108,2,2349,83,112.89,3
20211109,2,2863,95,138.61,3
20211110,2,4068,164,270.38,6
20211111,2,1532,61,96.24,2
20211112,2,3573,123,187.85,4
20211113,2,3217,115,162.89,4
20211114,2,1067,37,55.43,1
20211115,2,2623,89,145.01,3
20211116,2,1576,55,88.28,2
20211117,2,1967,68,100.74,2
20211118,2,2846,90,112.42,3
20211119,2,1932,68,98.87,2
20211120,2,2807,97,143.72,4
20211121,2,3796,134,192.84,5
20211122,2,3103,107,159.76,4
20211123,2,1652,56,91.61,2
20211124,2,1890,69,106.19,2
20211125,2,2013,72,121.0,2
20211126,2,850,32,43.31,1
20211127,2,4540,162,244.77,6
20211128,2,1870,64,84.36,2
20211129,2,1753,63,94.12,2
20211130,2,3479,107,152.49,4
20211201,2,3181,125,213.89,4
20211202,2,2585,91,145.12,3
20211203,2,1621,64,107.26,2
20211204,2,2799,92,137.17,3
20211205,2,2162,70,100.44,2
20211206,2,2288,81,115.68,2
20211207,2,1978,70,110.53,2
20211208,2,990,35,62.52,1
20211209,2,2542,89,142.71,3
20211210,2,1230,41,62.28,1
20211211,2,1200,38,58.14,1
20211212,2,1107,39,60.01,1
20211213,2,3213,103,187.12,4
20211214,2,2039,65,110.91,2
20211215,2,2719,92,146.06,3
20211216,2,3181,113,176.43,4
20211217,2,282,11,18.03,0
20211218,2,2588,95,154.37,3
20211219,2,875,33,50.15,1
20211220,2,1000,36,52.96,1
20211221,2,2544,90,152.4,3
20211222,2,3257,131,203.42,4
20211223,2,1220,39,66.14,1
20211224,2,1718,58,102.9,2
20211225,2,1120,38,61.02,1
20211226,2,1698,62,100.07,2
20211227,2,2360,77,155.0,3
20211228,2,2595,94,149.06,3
20211229,2,2400,86,123.1,3
20211230,2,2725,99,151.4,3
20211231,2,909,33,57.88,1
20220101,2,922,35,48.6,1
20220102,2,928,32,47.09,1
20220103,2,980,35,60.17,1
20220104,2,211,7,10.72,0
20220105,2,1072,35,54.71,1
20220106,2,1534,59,100.78,2
20220107,2,152,5,7.51,0
20220108,2,1029,37,51.78,1
20220109,2,1792,64,89.4,2
20220110,2,1724,64,105.46,2
20220111,2,3066,96,153.44,3
20220112,2,2686,98,145.02,3
20220113,2,1654,57,81.56,2
20220114,2,300,10,15.38,0
20220115,2,969,33,57.01,1
20220116,2,1630,60,87.46,2
20220117,2,886,32,47.71,1
20220118,2,233,8,11.56,0
20220119,2,1084,35,53.04,1
20220120,2,1048,34,54.06,1
20220121,2,995,36,66.99,1
20220122,2,1030,33,52.88,1
20220123,2,2621,90,140.74,3
20220124,2,2512,102,171.68,4
20220125,2,929,33,55.04,1
20220126,2,3015,109,163.52,3
20220127,2,216,7,12.31,0
20220128,2,3176,102,160.03,3
20220129,2,1627,59,94.36,2
20220130,2,265,9,15.56,0
20220131,2,944,35,56.99,1
20220201,2,1549,54,96.27,2
20220202,2,2945,126,189.91,5
20220203,2,952,32,54.15,1
20220204,2,1018,36,57.72,1
20220205,2,2640,87,148.09,3
20220206,2,946,35,54.66,1
20220207,2,896,32,49.68,1
20220208,2,2255,74,124.1,3
20220209,2,1055,36,58.06,1
20220210,2,1590,60,88.16,2
20220211,2,3095,116,203.76,4
20220212,2,219,7,11.38,0
20220213,2,1095,37,57.75,1
20220214,2,181,7,10.96,0
20220215,2,1075,37,59.78,1
20220216,2,911,32,54.14,1
20220217,2,1542,57,78.88,2
20220218,2,1091,35,56.39,1
20220219,2,1674,55,92.07,2
20220220,2,1115,38,49.96,1
20220221,2,750,28,45.27,1
20220222,2,1651,61,101.46,2
20220223,2,2315,84,139.36,3
20220224,2,1654,57,96.55,2
20220225,2,887,33,50.45,1
20220226,2,2411,83,120.96,3
20220227,2,1751,63,87.05,2
20220228,2,954,35,60.04,1
20220301,2,2236,86,144.59,3
20220302,2,1704,59,103.12,2
20220303,2,177,6,9.49,0
20220304,2,240,9,15.69,0
20220305,2,5674,214,300.99,8
20220306,2,1041,35,51.5,1
20220307,2,2492,81,129.49,3
20220308,2,1820,68,114.16,2
20220309,2,3781,119,217.08,4
20220310,2,319,10,15.03,0
20220311,2,263,9,14.09,0
20220312,2,2649,92,135.34,3
20220313,2,3612,117,176.65,4
20220314,2,1058,37,70.67,1
20220315,2,1026,36,60.46,1
20220316,2,1044,35,60.34,1
20220317,2,821,32,49.51,1
20220318,2,226,8,12.14,0
20220319,2,2329,86,144.24,3
20220320,2,1202,38,57.86,1
20220321,2,2309,73,114.3,2
20220322,2,197,7,10.9,0
20220323,2,285,11,16.6,0
20220324,2,1878,61,97.82,2
20220325,2,862,30,44.79,1
20220326,2,1685,54,88.51,2
20220327,2,182,6,9.03,0
20220328,2,4125,144,227.24,5
20220329,2,2687,90,133.92,3
20220330,2,909,29,46.77,1
20220331,2,1852,59,90.44,2
20220401,2,2012,62,100.18,2
20220402,2,2056,73,128.32,3
20220403,2,1678,60,86.38,2
20220404,2,1706,61,116.56,2
20220405,2,5296,173,275.08,6
20220406,2,873,32,53.67,1
20220407,2,2306,83,125.47,3
20220408,2,290,10,17.93,0
20220409,2,1756,60,94.63,2
20220410,2,2442,81,125.58,3
20220411,2,2322,81,124.2,3
20220412,2,2052,78,121.91,3
20220413,2,867,32,52.91,1
20220414,2,883,30,48.97,1
20220415,2,926,33,52.94,1
20220416,2,1580,51,78.05,2
20220417,2,1749,63,95.88,2
20220418,2,1158,38,58.1,1
20220419,2,1113,40,65.96,1
20220420,2,898,37,63.13,1
20220421,2,1831,61,105.3,2
20220422,2,779,32,51.27,1
20220423,2,2957,105,175.0,4
20220424,2,2063,68,108.42,2
20220425,2,1004,33,45.89,1
20220426,2,1938,77,122.58,3
20220427,2,3464,123,192.47,4
20220428,2,1080,36,53.24,1
20220429,2,2878,98,151.6,4
20220430,2,933,33,54.58,1
20220501,2,1655,57,83.43,2
20220502,2,3609,127,193.24,5
20220503,2,2295,88,159.81,3
20220504,2,1087,35,49.1,1
20220505,2,140,5,8.25,0
20220506,2,3468,119,174.96,4
20220507,2,2960,99,151.15,4
20220508,2,1905,70,112.09,2
20220509,2,2122,67,99.95,2
20220510,2,2341,70,118.05,2
20220511,2,802,28,50.09,1
20220512,2,322,11,18.89,0
20220513,2,346,11,18.54,0
20220514,2,1158,36,52.21,1
20220515,2,2171,84,133.93,3
20220516,2,903,32,54.28,1
20220517,2,870,30,52.32,1
20220518,2,1476,58,107.19,2
20220519,2,1037,38,66.29,1
20220520,2,835,32,56.4,1
20220521,2,1838,59,118.89,2
20220522,2,2061,66,107.25,2
20220523,2,2294,82,130.28,3
20220524,2,3568,126,206.74,5
20220525,2,970,36,54.8,1
20220526,2,3330,104,169.64,4
20220527,2,2561,92,129.53,3
20220528,2,1478,54,84.66,2
20220529,2,878,32,51.58,1
20220530,2,2053,69,120.64,2
20220531,2,957,34,59.83,1
20220601,2,2951,97,146.62,4
20220602,2,5143,174,333.4,6
20220603,2,1175,38,62.38,1
20220604,2,2827,93,154.6,3
20220605,2,2711,92,131.3,3
20220606,2,1944,65,101.33,2
20220607,2,3314,109,193.06,4
20220608,2,1130,36,59.2,1
20220609,2,1859,72,118.29,2
20220610,2,419,14,22.9,0
20220611,2,1054,37,53.72,1
20220612,2,2615,81,131.15,3
20220613,2,1767,66,120.99,2
20220614,2,1668,58,103.03,2
20220615,2,925,31,49.58,1
20220616,2,1789,60,111.14,2
20220617,2,2537,92,136.24,3
20220618,2,3434,99,149.78,4
20220619,2,275,9,17.8,0
20220620,2,1844,63,108.12,2
20220621,2,1816,62,99.85,2
20220622,2,1375,55,89.58,2
20220623,2,1839,62,95.4,2
20220624,2,1123,41,68.52,1
20220625,2,1538,59,98.22,2
20220626,2,1787,64,105.32,2
20220627,2,2149,71,106.24,2
20220628,2,2135,68,114.17,2
20220629,2,1557,56,88.45,2
20220630,2,2423,92,138.96,3
20220701,2,1547,55,99.53,2
20220702,2,864,32,62.32,1
20220703,2,1418,57,109.01,2
20220704,2,2212,80,137.86,3
20220705,2,5528,178,285.81,7
20220706,2,1623,56,90.84,2
20220707,2,295,11,18.28,0
20220708,2,1889,64,102.22,2
20220709,2,133,5,9.44,0
20220710,2,1109,38,52.58,1
20220711,2,941,33,53.53,1
20220712,2,2287,77,135.38,3
20220713,2,979,34,51.63,1
20220714,2,947,33,53.18,1
20220715,2,192,6,11.03,0
20220716,2,2718,91,169.59,3
20220717,2,2161,69,102.73,2
20220718,2,358,12,17.07,0
20220719,2,183,6,8.52,0
20220720,2,2409,88,128.89,3
20220721,2,848,31,44.96,1
20220722,2,2363,84,127.42,3
20220723,2,1538,49,88.57,2
20220724,2,3102,106,170.31,4
20220725,2,1167,37,60.55,1
20220726,2,2553,87,133.2,3
20220727,2,336,12,20.92,0
20220728,2,4605,168,322.22,6
20220729,2,3111,110,168.78,4
20220730,2,189,7,13.37,0
20220731,2,1146,40,68.07,1
20220801,2,1682,57,94.23,2
20220802,2,3258,118,201.63,4
20220803,2,4437,161,274.67,5
20220804,2,3694,123,236.58,4
20220805,2,1081,38,66.38,1
20220806,2,2814,95,164.33,3
20220807,2,1215,37,59.35,1
20220808,2,3033,107,190.32,4
20220809,2,1730,55,83.83,2
20220810,2,1798,63,105.13,2
20220811,2,1213,38,79.71,1
20220812,2,577,19,25.77,0
20220813,2,986,33,55.5,1
20220814,2,2898,107,180.7,4
20220815,2,3336,111,180.23,4
20220816,2,3819,123,200.05,5
20220817,2,285,10,16.82,0
20220818,2,1770,60,98.0,2
20220819,2,888,32,54.17,1
20220820,2,1763,57,91.73,2
20220821,2,862,30,58.36,1
20220822,2,1356,54,87.67,2
20220823,2,3072,104,180.38,3
20220824,2,1037,36,56.75,1
20220825,2,2091,65,116.53,2
20220826,2,3004,98,173.58,3
20220827,2,822,29,50.76,1
20220828,2,3327,112,171.9,5
20220829,2,1824,65,102.47,2
20220830,2,937,33,62.65,1
20220831,2,3058,97,152.1,4
20220901,2,1672,61,106.93,2
20220902,2,188,6,9.74,0
20220903,2,366,12,21.41,0
20220904,2,1551,54,85.87,2
20220905,2,1617,61,93.65,2
20220906,2,1207,39,62.16,1
20220907,2,4591,159,253.77,6
20220908,2,895,31,53.89,1
20220909,2,5265,188,315.48,6
20220910,2,2279,84,128.1,3
20220911,2,2866,96,160.7,3
20220912,2,2221,81,123.34,3
20220913,2,1506,56,98.45,2
20220914,2,2382,91,162.33,3
20220915,2,1074,38,62.79,1
20220916,2,3118,108,184.94,5
20220917,2,1079,36,69.06,1
20220918,2,1241,39,64.19,1
20220919,2,2341,79,122.32,3
20220920,2,2547,88,154.24,3
20220921,2,2288,78,119.64,2
20220922,2,2362,84,138.66,3
20220923,2,1304,41,65.44,1
20220924,2,2623,89,140.32,3
20220925,2,1034,40,65.36,1
20220926,2,1565,57,102.34,2
20220927,2,1714,61,111.65,2
20220928,2,3018,106,191.43,3
20220929,2,3933,132,228.48,5
20220930,2,2785,86,141.1,3
20221001,2,1730,61,85.39,2
20221002,2,3613,107,184.64,4
20221003,2,981,33,46.14,1
20221004,2,1196,41,59.0,1
20221005,2,2636,88,146.77,3
20221006,2,1536,60,102.41,2
20221007,2,2405,92,149.15,3
20221008,2,2686,98,187.38,4
20221009,2,1911,62,108.5,2
20221010,2,3950,152,250.34,5
20221011,2,1770,63,118.46,2
20221012,2,864,28,53.17,1
20221013,2,1805,62,108.32,2
20221014,2,330,12,18.42,0
20221015,2,2237,74,118.78,3
20221016,2,231,8,11.48,0
20221017,2,1975,69,115.28,2
20221018,2,2805,90,140.33,3
20221019,2,178,6,9.64,0
20221020,2,1086,35,61.12,1
20221021,2,2797,101,145.4,3
20221022,2,339,11,17.37,0
20221023,2,1663,58,94.38,2
20221024,2,1903,60,101.66,2
20221025,2,1999,64,103.21,2
20221026,2,2099,67,110.02,2
20221027,2,3919,132,211.27,5
20221028,2,4387,152,228.96,6
20221029,2,914,32,52.26,1
20221030,2,4154,128,213.62,5
20221031,2,1091,37,61.1,1
20221101,2,3114,102,175.0,3
20221102,2,1922,68,119.81,2
20221103,2,4656,157,280.3,5
20221104,2,5631,192,308.73,8
20221105,2,519,17,25.42,0
20221106,2,4158,158,296.11,5
20221107,2,6053,192,335.78,7
20221108,2,1495,50,78.27,1
20221109,2,1914,66,113.94,2
20221110,2,4771,161,297.04,5
20221111,2,4156,136,265.75,4
20221112,2,1172,36,63.03,1
20221113,2,5478,180,333.25,5
20221114,2,3525,114,176.24,4
20221115,2,4884,185,313.21,7
20221116,2,3874,152,251.25,6
20221117,2,4539,155,270.92,5
20221118,2,2954,93,179.18,3
20221119,2,1592,57,99.32,2
20221120,2,3066,99,156.96,3
20221121,2,1962,65,99.37,2
20221122,2,4246,140,271.76,5
20221123,2,2167,72,127.01,2
20221124,2,3431,115,203.24,4
20221125,2,1454,46,77.05,1
20221126,2,2559,84,146.15,3
20221127,2,2418,88,138.64,3
20221128,2,4917,168,294.62,6
20221129,2,3595,124,192.08,4
20221130,2,7113,213,352.42,7
20221201,2,1076,39,62.98,1
20221202,2,3105,102,134.62,3
20221203,2,956,35,58.59,1
20221204,2,1766,61,96.54,2
20221205,2,4381,145,243.35,5
20221206,2,2908,90,154.26,3
20221207,2,3718,145,285.52,5
20221208,2,1142,41,71.09,1
20221209,2,1803,65,113.93,2
20221210,2,1650,63,111.38,2
20221211,2,1759,61,112.35,2
20221212,2,5739,213,377.22,8
20221213,2,1143,38,67.05,1
20221214,2,3411,122,220.9,4
20221215,2,3612,119,168.4,4
20221216,2,1476,49,99.99,2
20221217,2,1191,41,79.71,1
20221218,2,2113,67,117.66,2
20221219,2,1977,69,105.25,2
20221220,2,3484,117,221.25,4
20221221,2,2009,61,98.66,2
20221222,2,3936,131,233.66,5
20221223,2,1850,62,96.65,2
20221224,2,1861,67,137.3,2
20221225,2,2673,93,141.72,3
20221226,2,1501,56,96.95,2
20221227,2,3060,108,156.23,4
20221228,2,876,29,49.62,1
20221229,2,3022,103,171.02,4
20221230,2,149,5,9.01,0
20221231,2,909,32,52.39,1
20230101,2,1020,35,66.32,1
20230102,2,3431,113,179.4,4
20230103,2,1637,56,93.71,2
20230104,2,1081,38,63.95,1
20230105,2,280,9,15.56,0
20230106,2,1779,62,109.52,2
20230107,2,322,10,17.34,0
20230108,2,1396,51,89.6,2
20230109,2,2579,91,164.86,3
20230110,2,1432,54,86.08,2
20230111,2,907,29,51.6,1
20230112,2,191,7,14.6,0
20230113,2,387,14,20.61,0
20230114,2,1449,49,87.26,2
20230115,2,3261,109,198.96,4
20230116,2,1093,35,67.53,1
20230117,2,1903,60,109.31,2
20230118,2,2663,87,151.53,3
20230119,2,252,8,13.85,0
20230120,2,851,32,51.69,1
20230121,2,1121,35,59.33,1
20230122,2,2291,79,122.23,3
20230123,2,1625,57,110.61,2
20230124,2,2005,70,125.15,3
20230125,2,3162,111,179.0,4
20230126,2,2571,93,165.02,3
20230127,2,4599,153,290.16,5
20230128,2,786,27,49.85,1
20230129,2,1817,61,97.31,2
20230130,2,974,36,48.95,1
20230131,2,284,11,19.69,0
20230201,2,3647,116,187.01,5
20230202,2,2281,69,125.82,2
20230203,2,1697,60,112.98,2
20230204,2,1620,59,111.68,2
20230205,2,1041,40,80.12,1
20230206,2,1708,61,116.0,2
20230207,2,808,30,60.68,1
20230208,2,1643,62,121.02,2
20230209,2,2091,78,151.99,3
20230210,2,222,8,13.6,0
20230211,2,2624,83,129.7,3
20230212,2,937,32,68.64,1
20230213,2,2646,92,161.38,3
20230214,2,2327,79,151.95,3
20230215,2,2876,98,162.61,3
20230216,2,1546,58,108.44,2
20230217,2,4168,136,194.07,5
20230218,2,1535,55,92.3,2
20230219,2,1753,61,105.72,2
20230220,2,2621,85,153.99,3
20230221,2,1218,39,73.67,1
20230222,2,1135,35,55.67,1
20230223,2,1678,59,108.25,2
20230224,2,1000,34,66.11,1
20230225,2,1816,59,124.15,2
20230226,2,1836,56,103.03,2
20230227,2,1798,63,106.4,2
20230228,2,2812,95,149.93,3
20230301,2,1621,53,107.15,2
20230302,2,993,32,60.09,1
20230303,2,3655,123,214.19,5
20230304,2,342,12,18.05,0
20230305,2,1793,60,96.8,2
20230306,2,1007,32,57.94,1
20230307,2,206,7,13.09,0
20230308,2,936,34,51.14,1
20230309,2,351,12,22.03,0
20230310,2,1226,42,65.41,1
20230311,2,1883,63,123.34,2
20230312,2,2473,80,142.34,3
20230313,2,929,30,50.04,1
20230314,2,1619,50,94.22,2
20230315,2,2212,81,146.7,3
20230316,2,798,28,54.32,1
20230317,2,1633,56,98.02,2
20230318,2,230,8,14.89,0
20230319,2,1005,35,60.72,1
20230320,2,2573,84,150.84,3
20230321,2,6606,221,444.64,8
20230322,2,6786,225,379.62,8
20230323,2,3555,141,260.43,5
20230324,2,993,36,59.14,1
20230325,2,551,19,28.11,0
20230326,2,864,32,57.21,1
20230327,2,898,33,59.7,1
20230328,2,414,13,23.07,0
20230329,2,1634,55,86.5,2
20230330,2,2847,97,174.6,4
20230331,2,3449,122,218.46,4
20230401,2,2140,72,117.85,2
20230402,2,3097,105,165.25,4
20230403,2,1839,61,104.69,2
20230404,2,1404,51,94.03,2
20230405,2,4158,130,237.31,5
20230406,2,3942,131,214.63,4
20230407,2,3342,102,181.73,4
20230408,2,1154,37,69.79,1
20230409,2,4806,167,268.02,7
20230410,2,862,30,52.51,1
20230411,2,1614,54,106.63,2
20230412,2,1700,62,98.84,2
20230413,2,2542,94,182.41,3
20230414,2,3034,103,206.38,4
20230415,2,1994,69,119.85,2
20230416,2,1537,51,87.96,2
20230417,2,1921,68,129.81,2
20230418,2,1954,62,108.08,2
20230419,2,1739,66,96.4,2
20230420,2,247,9,16.17,0
20230421,2,2050,65,118.83,2
20230422,2,3231,105,196.48,3
20230423,2,1860,65,107.58,2
20230424,2,2725,91,158.35,3
20230425,2,1591,56,107.1,2
20230426,2,2069,69,121.98,2
20230427,2,348,13,20.7,0
20230428,2,1877,64,125.02,2
20230429,2,2081,82,142.25,3
20230430,2,2067,73,141.95,2
20230501,2,2928,92,146.39,4
20230502,2,2176,84,148.32,3
20230503,2,2116,77,142.7,2
20230504,2,1808,63,111.46,2
20230505,2,2739,97,156.52,3
20230506,2,2869,91,132.78,3
20230507,2,2879,88,176.17,3
20230508,2,5769,196,354.78,7
20230509,2,1622,60,116.32,2
20230510,2,2667,93,177.36,3
20230511,2,1961,74,138.26,3
20230512,2,949,35,61.02,1
20230513,2,352,12,22.39,0
20230514,2,821,30,60.56,1
20230515,2,3243,121,215.86,4
20230516,2,1092,37,76.13,1
20230517,2,2439,82,128.93,3
20230518,2,408,14,22.58,0
20230519,2,1018,30,57.72,1
20230520,2,1560,54,89.68,2
20230521,2,225,8,16.54,0
20230522,2,2737,94,187.13,4
20230523,2,1036,36,72.97,1
20230524,2,2710,92,176.92,4
20230525,2,1093,33,55.44,1
20230526,2,3510,132,206.03,6
20230527,2,901,30,59.58,1
20230528,2,305,10,16.17,0
20230529,2,217,8,16.13,0
20230530,2,3934,142,268.35,5
20230531,2,925,32,56.23,1
20230601,2,196,7,12.26,0
20230602,2,2708,86,159.29,3
20230603,2,886,30,53.28,1
20230604,2,843,31,61.64,1
20230605,2,2999,98,194.88,4
20230606,2,2777,89,161.49,3
20230607,2,175,6,10.36,0
20230608,2,321,11,20.97,0
20230609,2,2233,79,119.62,3
20230610,2,1692,53,97.42,2
20230611,2,1267,37,69.77,1
20230612,2,2503,90,150.35,3
20230613,2,1662,53,103.43,2
20230614,2,2531,83,147.63,3
20230615,2,1843,55,95.07,2
20230616,2,968,35,67.99,1
20230617,2,1238,43,71.46,1
20230618,2,1933,67,128.4,2
20230619,2,1126,39,59.69,1
20230620,2,2761,83,151.77,3
20230621,2,5646,181,325.99,7
20230622,2,3686,122,209.95,5
20230623,2,1907,62,114.8,2
20230624,2,2839,95,169.05,3
20230625,2,2289,79,154.28,3
20230626,2,3737,135,253.8,5
20230627,2,1928,60,111.44,2
20230628,2,2324,79,144.8,3
20230629,2,3945,140,241.8,5
20230630,2,2798,90,158.04,3
20230701,2,327,11,20.22,0
20230702,2,2317,81,143.48,3
20230703,2,4703,160,315.69,7
20230704,2,960,34,60.8,1
20230705,2,936,32,60.07,1
20230706,2,3836,128,205.93,4
20230707,2,915,29,55.75,1
20230708,2,2145,74,127.13,3
20230709,2,2456,84,138.94,3
20230710,2,250,8,16.87,0
20230711,2,2415,85,162.19,3
20230712,2,2236,82,159.62,3
20230713,2,1745,57,106.41,2
20230714,2,3565,116,207.05,4
20230715,2,1078,35,62.6,1
20230716,2,1790,55,105.33,2
20230717,2,3000,115,226.59,4
20230718,2,998,33,59.22,1
20230719,2,3160,102,217.95,4
20230720,2,315,10,17.88,0
20230721,2,1596,53,86.12,2
20230722,2,276,9,13.57,0
20230723,2,2214,82,129.6,3
20230724,2,3140,99,172.69,4
20230725,2,4099,127,226.35,4
20230726,2,3730,131,251.18,6
20230727,2,1511,51,92.5,2
20230728,2,1671,56,108.88,2
20230729,2,882,31,57.03,1
20230730,2,2423,83,151.37,3
20230731,2,325,11,19.77,0
20230801,2,1121,35,70.18,1
20230802,2,1887,58,92.54,2
20230803,2,3285,107,198.92,4
20230804,2,1885,60,106.5,2
20230805,2,1941,67,129.19,3
20230806,2,4461,136,247.11,5
20230807,2,2843,94,170.55,3
20230808,2,863,29,50.8,1
20230809,2,1860,63,128.1,2
20230810,2,2703,94,171.41,3
20230811,2,2373,79,168.69,3
20230812,2,1165,38,69.77,1
20230813,2,1913,70,128.13,2
20230814,2,2762,92,165.96,3
20230815,2,1839,68,128.8,2
20230816,2,3033,101,176.06,4
20230817,2,1091,37,68.23,1
20230818,2,2020,68,122.97,2
20230819,2,2963,102,190.81,4
20230820,2,1571,52,98.2,2
20230821,2,3515,120,225.96,4
20230822,2,2795,104,191.29,3
20230823,2,2600,94,193.36,3
20230824,2,4673,169,318.68,6
20230825,2,1629,51,114.94,2
20230826,2,1929,61,111.69,2
20230827,2,4159,143,282.48,5
20230828,2,3179,113,194.08,4
20230829,2,2766,91,185.8,3
20230830,2,3103,101,174.75,4
20230831,2,949,35,65.85,1
20230901,2,1782,63,113.51,2
20230902,2,2351,85,160.34,3
20230903,2,484,16,28.68,0
20230904,2,1612,53,90.81,2
20230905,2,2645,95,169.46,3
20230906,2,4282,143,296.22,5
20230907,2,1865,61,114.95,2
20230908,2,3300,106,175.66,4
20230909,2,3222,106,212.08,3
20230910,2,1147,41,70.72,1
20230911,2,2162,67,130.01,2
20230912,2,2129,75,143.81,2
20230913,2,2984,97,185.88,3
20230914,2,3433,115,245.26,4
20230915,2,2647,89,152.29,3
20230916,2,1583,53,102.79,2
20230917,2,3150,105,212.56,4
20230918,2,3240,107,185.74,4
20230919,2,2655,87,150.56,3
20230920,2,2370,87,156.29,3
20230921,2,1826,62,116.1,2
20230922,2,3031,102,166.52,4
20230923,2,1686,55,105.13,2
20230924,2,1934,64,105.05,2
20230925,2,1992,65,131.96,2
20230926,2,3014,107,203.99,4
20230927,2,3086,100,213.86,4
20230928,2,2565,76,147.58,3
20230929,2,2528,86,154.48,3
20230930,2,4289,143,245.98,5
20231001,2,1069,35,66.38,1
20231002,2,223,8,14.56,0
20231003,2,3163,91,184.64,3
20231004,2,2711,101,172.63,4
20231005,2,2548,92,199.7,3
20231006,2,2144,70,142.82,3
20231007,2,1819,60,109.46,2
20231008,2,830,29,61.31,1
20231009,2,2629,92,160.05,3
20231010,2,1900,62,116.0,2
20231011,2,3837,118,196.03,4
20231012,2,884,34,73.37,1
20231013,2,1923,69,111.35,2
20231014,2,2777,95,156.15,3
20231015,2,1431,49,85.09,2
20231016,2,2303,81,165.46,3
20231017,2,2512,89,176.71,3
20231018,2,6054,181,337.73,6
20231019,2,2803,93,186.23,4
20231020,2,3428,113,207.62,4
20231021,2,2206,74,141.48,3
20231022,2,2142,76,161.13,3
20231023,2,2859,87,158.33,3
20231024,2,1921,60,104.21,2
20231025,2,1415,46,88.62,2
20231026,2,3130,107,209.58,3
20231027,2,337,12,22.96,0
20231028,2,402,15,30.8,0
20231029,2,4325,144,262.22,5
20231030,2,899,32,60.78,1
20231031,2,4584,162,309.52,6
20231101,2,1658,58,109.98,2
20231102,2,3164,107,225.59,4
20231103,2,2299,76,144.99,2
20231104,2,1354,43,77.03,1
20231105,2,379,12,23.77,0
20231106,2,3442,119,239.99,4
20231107,2,3585,121,238.48,5
20231108,2,3573,118,232.95,5
20231109,2,2214,78,128.23,3
20231110,2,7473,250,380.72,10
20231111,2,5866,188,385.93,7
20231112,2,1651,55,105.08,2
20231113,2,2812,100,184.86,4
20231114,2,3895,124,243.53,5
20231115,2,5018,172,372.31,6
20231116,2,3438,116,241.88,4
20231117,2,3989,129,258.81,5
20231118,2,2045,68,117.81,2
20231119,2,2987,92,160.89,3
20231120,2,5283,180,277.56,6
20231121,2,3976,124,242.55,5
20231122,2,5707,206,420.03,7
20231123,2,1188,40,81.73,1
20231124,2,2936,96,188.85,3
20231125,2,1351,49,90.45,1
20231126,2,2672,85,151.71,3
20231127,2,1113,36,62.78,1
20231128,2,7289,221,406.12,8
20231129,2,5710,209,360.17,8
20231130,2,5415,205,440.83,8
20231201,2,2189,67,112.99,2
20231202,2,1117,36,65.79,1
20231203,2,2208,75,120.67,3
20231204,2,3506,115,220.11,4
20231205,2,3643,123,230.05,4
20231206,2,2530,85,153.78,3
20231207,2,433,15,26.16,0
20231208,2,3351,107,200.51,4
20231209,2,6634,227,406.99,9
20231210,2,1928,61,113.68,2
20231211,2,2182,72,158.41,2
20231212,2,1838,56,106.6,2
20231213,2,2726,90,176.13,3
20231214,2,1744,57,103.15,2
20231215,2,1788,64,112.63,2
20231216,2,3858,130,243.28,4
20231217,2,1732,59,135.1,2
20231218,2,2606,88,161.28,3
20231219,2,1378,41,79.73,1
20231220,2,5768,173,303.72,7
20231221,2,2653,88,132.89,3
20231222,2,1658,57,99.71,2
20231223,2,960,32,72.05,1
20231224,2,3271,105,207.48,4
20231225,2,4231,141,301.76,6
20231226,2,935,31,57.19,1
20231227,2,2174,77,119.68,2
20231228,2,2436,86,147.19,3
20231229,2,5229,171,331.66,6
20231230,2,1840,62,118.27,2
20231231,2,5762,198,371.9,7
20240101,2,1557,54,96.96,2
20240102,2,1474,55,111.01,2
20240103,2,296,10,18.52,0
20240104,2,1352,49,95.32,2
20240105,2,2918,92,176.58,3
20240106,2,1199,39,70.51,1
20240107,2,2893,86,150.33,4
20240108,2,1701,58,105.39,2
20240109,2,882,31,67.9,1
20240110,2,1932,56,115.0,2
20240111,2,907,31,62.81,1
20240112,2,400,14,24.89,0
20240113,2,1890,66,111.4,2
20240114,2,350,11,22.42,0
20240115,2,961,34,69.08,1
20240116,2,2455,83,159.21,3
20240117,2,257,9,16.46,0
20240118,2,3221,108,181.6,4
20240119,2,2257,78,157.8,3
20240120,2,803,29,60.21,1
20240121,2,1558,52,92.57,2
20240122,2,990,34,60.3,1
20240123,2,2060,75,157.19,3
20240124,2,328,11,19.83,0
20240125,2,4688,148,321.84,5
20240126,2,881,31,58.99,1
20240127,2,2336,86,157.31,3
20240128,2,932,34,63.84,1
20240129,2,1475,52,96.1,2
20240130,2,3375,99,205.66,4
20240131,2,2338,76,153.54,3
20240201,2,1810,59,120.85,2
20240202,2,1802,61,117.12,2
20240203,2,3453,129,235.1,4
20240204,2,1738,55,104.77,2
20240205,2,1424,55,100.59,2
20240206,2,1818,60,127.13,2
20240207,2,1768,57,118.13,2
20240208,2,338,12,22.04,0
20240209,2,2803,100,175.35,4
20240210,2,2792,98,210.92,4
20240211,2,1768,57,108.72,2
20240212,2,1437,50,93.4,2
20240213,2,189,6,11.83,0
20240214,2,2393,77,139.76,3
20240215,2,1728,58,107.28,2
20240216,2,2303,74,137.79,3
20240217,2,278,10,16.35,0
20240218,2,2424,79,153.13,3
20240219,2,991,33,59.04,1
20240220,2,2281,73,133.41,3
20240221,2,2618,94,168.6,3
20240222,2,1172,38,69.52,1
20240223,2,1550,56,98.83,2
20240224,2,2835,102,197.63,4
20240225,2,1857,61,115.44,2
20240226,2,444,15,27.9,0
20240227,2,2928,96,219.81,3
20240228,2,3184,111,208.8,4
20240229,2,2069,69,138.19,2
20240301,2,3070,101,204.85,4
20240302,2,1626,55,104.79,2
20240303,2,2543,78,152.79,3
20240304,2,2174,73,139.36,3
20240305,2,3108,109,210.64,4
20240306,2,2970,101,183.29,4
20240307,2,2408,86,158.15,3
20240308,2,364,12,23.5,0
20240309,2,1067,35,56.97,1
20240310,2,3456,109,235.17,5
20240311,2,4132,136,307.84,5
20240312,2,3189,121,234.14,5
20240313,2,350,12,24.93,0
20240314,2,921,30,62.55,1
20240315,2,2489,79,135.6,3
20240316,2,2677,82,168.24,3
20240317,2,374,12,22.53,0
20240318,2,1417,50,116.07,2
20240319,2,1065,35,66.67,1
20240320,2,1854,59,120.95,2
20240321,2,1155,37,70.06,1
20240322,2,143,5,12.52,0
20240323,2,268,9,16.5,0
20240324,2,3327,108,228.14,4
20240325,2,2690,89,180.04,3
20240326,2,3327,128,254.13,5
20240327,2,1544,56,109.01,2
20240328,2,1549,57,104.35,2
20240329,2,1252,38,60.06,1
20240330,2,1916,64,134.29,2
20240331,2,1758,57,105.16,2
20240401,2,1809,63,132.22,2
20240402,2,891,32,62.81,1
20240403,2,3230,111,234.59,4
20240404,2,1001,32,64.53,1
20240405,2,4817,156,246.26,6
20240406,2,1630,57,115.3,2
20240407,2,1791,63,118.56,2
20240408,2,2914,99,208.45,4
20240409,2,324,11,22.25,0
20240410,2,3699,125,252.81,4
20240411,2,1081,37,68.81,1
20240412,2,2758,97,173.53,4
20240413,2,1515,53,99.2,2
20240414,2,208,7,11.05,0
20240415,2,3037,102,187.35,4
20240416,2,298,10,17.27,0
20240417,2,1182,38,66.01,1
20240418,2,2989,96,187.57,4
20240419,2,1724,60,120.92,2
20240420,2,4029,130,250.83,5
20240421,2,2658,94,173.63,3
20240422,2,2174,73,130.07,3
20240423,2,1527,54,102.16,2
20240424,2,1029,36,64.99,1
20240425,2,3952,140,268.11,6
20240426,2,1131,37,63.87,1
20240427,2,1797,62,125.63,3
20240428,2,1477,52,96.57,2
20240429,2,1956,60,119.76,2
20240430,2,3191,119,247.87,4
20240501,2,233,9,17.58,0
20240502,2,6482,231,476.11,8
20240503,2,3481,123,202.02,4
20240504,2,3384,118,219.54,5
20240505,2,1151,38,79.85,1
20240506,2,1077,36,72.68,1
20240507,2,1626,58,129.48,2
20240508,2,1827,58,127.89,2
20240509,2,348,11,20.83,0
20240510,2,3499,115,218.46,4
20240511,2,5542,194,348.51,8
20240512,2,1784,57,105.88,2
20240513,2,1867,62,115.9,2
20240514,2,1705,57,105.35,2
20240515,2,1105,35,62.64,1
20240516,2,2202,64,129.07,2
20240517,2,1802,57,125.55,2
20240518,2,1609,55,115.44,2
20240519,2,2338,81,153.93,3
20240520,2,4299,149,314.21,5
20240521,2,1605,56,111.89,2
20240522,2,339,11,21.94,0
20240523,2,469,15,29.01,0
20240524,2,1133,39,75.15,1
20240525,2,3583,119,243.42,4
20240526,2,2900,103,202.43,5
20240527,2,4097,141,258.94,6
20240528,2,2285,83,150.99,3
20240529,2,1957,64,126.65,2
20240530,2,3263,117,235.14,4
20240531,2,1553,59,112.54,2
20240601,2,1926,65,116.24,2
20240602,2,3578,124,267.04,4
20240603,2,2735,87,184.25,3
20240604,2,986,35,57.87,1
20240605,2,2779,100,216.88,4
20240606,2,2818,92,176.64,3
20240607,2,861,30,60.23,1
20240608,2,2720,93,197.75,3
20240609,2,2150,74,165.77,3
20240610,2,2918,103,217.34,4
20240611,2,923,32,63.37,1
20240612,2,960,32,55.92,1
20240613,2,2660,94,155.85,3
20240614,2,223,8,15.74,0
20240615,2,1968,64,139.56,2
20240616,2,3927,132,242.02,4
20240617,2,1356,41,77.87,1
20240618,2,2413,84,156.08,3
20240619,2,6331,229,427.13,8
20240620,2,1783,59,125.7,2
20240621,2,1653,56,110.69,2
20240622,2,1749,58,110.98,2
20240623,2,1218,40,96.22,1
20240624,2,1144,39,68.44,1
20240625,2,3337,107,219.17,4
20240626,2,2656,88,157.71,3
20240627,2,2042,65,126.41,2
20240628,2,1092,38,75.27,1
20240629,2,2141,73,153.76,3
20240630,2,4428,145,278.37,6
20240701,2,1990,67,128.17,2
20240702,2,1870,62,118.66,2
20240703,2,1667,60,107.41,2
20240704,2,5348,175,360.24,6
20240705,2,1690,59,118.53,2
20240706,2,2174,70,142.8,2
20240707,2,2013,71,139.05,3
20240708,2,1538,55,105.62,2
20240709,2,1618,58,124.22,2
20240710,2,1772,65,138.95,2
20240711,2,907,31,68.94,1
20240712,2,2184,79,160.43,3
20240713,2,3295,122,266.34,4
20240714,2,3471,109,206.32,4
20240715,2,3458,112,216.0,4
20240716,2,2052,63,136.96,2
20240717,2,1565,56,118.36,2
20240718,2,2836,87,168.13,3
20240719,2,4506,136,246.6,5
20240720,2,2545,80,154.7,3
20240721,2,2248,68,126.33,2
20240722,2,2901,99,224.31,3
20240723,2,2447,77,160.53,3
20240724,2,4054,123,227.03,4
20240725,2,1403,47,85.65,2
20240726,2,1131,38,70.32,1
20240727,2,1433,43,81.0,1
20240728,2,1088,35,68.46,1
20240729,2,1047,35,75.0,1
20240730,2,335,11,19.62,0
20240731,2,4224,139,330.21,4
20240801,2,1749,63,115.37,2
20240802,2,1781,68,119.39,2
20240803,2,3097,102,229.38,4
20240804,2,2774,86,189.28,3
20240805,2,5258,174,338.85,6
20240806,2,4123,140,285.26,5
20240807,2,5142,172,351.95,7
20240808,2,3849,134,267.65,5
20240809,2,1566,60,107.75,2
20240810,2,3104,94,152.34,3
20240811,2,307,10,19.34,0
20240812,2,6113,225,513.8,8
20240813,2,1599,52,119.32,2
20240814,2,3326,117,226.08,4
20240815,2,4104,143,262.08,5
20240816,2,1052,38,76.99,1
20240817,2,2976,112,229.05,4
20240818,2,263,9,19.38,0
20240819,2,2979,90,146.3,3
20240820,2,3016,97,246.26,3
20240821,2,1935,74,160.31,3
20240822,2,2564,79,154.65,3
20240823,2,3878,134,250.37,5
20240824,2,2704,78,167.87,2
20240825,2,2975,92,189.56,3
20240826,2,4156,147,293.68,5
20240827,2,2826,95,194.76,4
20240828,2,274,9,17.43,0
20240829,2,4102,131,267.68,5
20240830,2,4034,120,253.64,4
20240831,2,372,13,25.86,0
20240901,2,2730,90,183.84,3
20240902,2,2320,71,157.64,3
20240903,2,1667,56,98.28,2
20240904,2,3082,107,199.27,4
20240905,2,3321,110,218.48,4
20240906,2,1007,34,64.57,1
20240907,2,3839,129,247.98,5
20240908,2,2241,72,159.08,3
20240909,2,3092,104,205.07,4
20240910,2,1798,63,107.66,2
20240911,2,869,31,59.09,1
20240912,2,2646,93,186.26,4
20240913,2,3076,99,198.21,4
20240914,2,1608,56,117.6,2
20240915,2,203,7,14.11,0
20240916,2,3830,123,243.4,5
20240917,2,2086,68,122.78,2
20240918,2,1690,59,114.55,2
20240919,2,3187,116,219.79,4
20240920,2,1198,36,70.28,1
20240921,2,838,31,65.8,1
20240922,2,445,16,32.75,0
20240923,2,5337,181,386.08,7
20240924,2,2543,84,162.72,3
20240925,2,3119,107,241.61,5
20240926,2,5831,188,396.67,8
20240927,2,2625,87,175.14,3
20240928,2,1859,57,120.39,2
20240929,2,2088,63,118.58,2
20240930,2,1324,51,85.83,2
20241001,2,4937,166,315.43,7
20241002,2,3273,111,235.0,3
20241003,2,2034,68,137.15,2
20241004,2,1788,57,112.33,2
20241005,2,2950,97,180.91,3
20241006,2,2643,89,151.61,2
20241007,2,3323,110,247.52,4
20241008,2,2874,92,180.67,3
20241009,2,2495,86,165.59,3
20241010,2,3750,127,240.26,4
20241011,2,933,32,70.03,1
20241012,2,2261,79,169.26,3
20241013,2,2745,91,168.91,3
20241014,2,2142,71,155.29,3
20241015,2,2869,105,207.83,4
20241016,2,3571,113,215.08,4
20241017,2,5046,151,295.6,5
20241018,2,1676,58,108.44,2
20241019,2,1861,60,107.64,2
20241020,2,3760,118,251.69,4
20241021,2,2323,82,161.94,3
20241022,2,3224,107,225.56,4
20241023,2,2256,70,144.18,3
20241024,2,2952,111,234.1,4
20241025,2,1547,47,80.11,1
20241026,2,2673,89,166.31,3
20241027,2,1339,40,83.68,1
20241028,2,2851,97,176.19,3
20241029,2,4005,129,268.26,4
20241030,2,3072,108,195.37,4
20241031,2,2812,94,189.4,3
20241101,2,4850,176,402.83,6
20241102,2,2453,80,172.12,3
20241103,2,3981,121,211.07,4
20241104,2,3742,127,272.96,4
20241105,2,2670,88,205.29,3
20241106,2,2567,77,194.9,3
20241107,2,5954,187,390.8,8
20241108,2,2843,91,164.18,3
20241109,2,5472,201,419.07,8
20241110,2,2320,81,184.91,3
20241111,2,5005,164,325.12,6
20241112,2,4446,153,335.62,5
20241113,2,6183,183,345.68,6
20241114,2,4391,142,296.18,5
20241115,2,3415,117,193.74,5
20241116,2,4647,157,293.98,6
20241117,2,3644,118,237.57,4
20241118,2,2098,70,136.81,2
20241119,2,2695,92,167.85,3
20241120,2,4876,163,317.17,6
20241121,2,3493,123,256.18,4
20241122,2,2934,100,200.65,4
20241123,2,3132,108,219.3,4
20241124,2,2455,91,194.27,3
20241125,2,4268,150,296.02,6
20241126,2,3906,145,327.81,5
20241127,2,4266,137,256.87,5
20241128,2,3291,100,235.89,4
20241129,2,1749,58,129.54,2
20241130,2,3729,123,241.86,4
20241201,2,2713,99,196.25,3
20241202,2,4257,133,273.47,5
20241203,2,3186,106,226.05,4
20241204,2,1606,55,121.63,2
20241205,2,2081,70,128.18,2
20241206,2,2902,96,201.31,3
20241207,2,4187,143,244.74,5
20241208,2,3029,108,216.48,3
20241209,2,1664,61,138.85,2
20241210,2,8540,286,518.13,9
20241211,2,1414,45,79.94,1
20241212,2,4421,162,335.73,7
20241213,2,4182,131,298.06,5
20241214,2,3440,128,266.78,4
20241215,2,2981,108,187.82,4
20241216,2,1642,60,106.97,2
20241217,2,2901,101,207.77,4
20241218,2,3193,94,174.6,4
20241219,2,3663,115,235.98,4
20241220,2,1851,63,129.28,2
20241221,2,1309,42,81.25,1
20241222,2,2013,66,154.42,2
20241223,2,1847,64,137.27,3
20241224,2,3266,108,241.34,4
20241225,2,3897,121,265.64,5
20241226,2,3293,116,234.18,4
20241227,2,2699,93,186.18,3
20241228,2,851,28,56.26,1
20241229,2,2467,86,184.6,3
20241230,2,1667,56,108.14,2
20241231,2,2681,97,227.22,4
20250101,2,2522,85,162.46,3
20250102,2,2295,83,173.28,3
20250103,2,1273,38,75.26,1
20250104,2,1049,36,71.26,1
20250105,2,951,31,75.6,1
20250106,2,914,29,57.84,1
20250107,2,1509,54,107.77,2
20250108,2,965,34,66.06,1
20250109,2,2297,68,138.49,3
20250110,2,1062,37,75.49,1
20250111,2,231,8,15.89,0
20250112,2,970,31,61.85,1
20250113,2,1165,37,78.87,1
20250114,2,5141,156,346.57,7
20250115,2,1559,51,104.4,2
20250116,2,939,31,64.2,1
20250117,2,857,30,59.85,1
20250118,2,1592,54,105.5,2
20250119,2,2203,69,130.76,3
20250120,2,3101,105,189.24,4
20250121,2,1917,63,122.81,2
20250122,2,2440,77,168.68,3
20250123,2,3263,99,196.11,3
20250124,2,3117,108,215.76,4
20250125,2,1488,51,100.74,2
20250126,2,898,31,69.27,1
20250127,2,3256,104,198.32,4
20250128,2,3025,102,214.93,4
20250129,2,1660,51,104.26,2
20250130,2,477,15,31.05,0
20250131,2,2991,100,210.42,4
20250201,2,1947,66,135.27,2
20250202,2,4263,129,281.82,4
20250203,2,3896,122,249.27,5
20250204,2,3064,100,235.5,4
20250205,2,1104,39,79.74,1
20250206,2,1228,39,69.42,1
20250207,2,1070,36,78.51,1
20250208,2,3279,111,235.67,4
20250209,2,3987,131,271.09,5
20250210,2,3776,128,258.79,5
20250211,2,1820,56,97.21,2
20250212,2,3898,125,220.8,4
20250213,2,1596,58,136.42,2
20250214,2,3014,110,216.42,4
20250215,2,1682,59,131.15,2
20250216,2,842,30,54.85,1
20250217,2,1171,35,67.23,1
20250218,2,4413,139,302.44,6
20250219,2,1864,61,125.23,2
20250220,2,1634,63,135.68,2
20250221,2,1742,57,117.46,2
20250222,2,1807,63,128.18,2
20250223,2,2991,102,199.23,4
20250224,2,382,13,24.44,0
20250225,2,931,31,72.73,1
20250226,2,3256,101,235.44,4
20250227,2,2116,60,113.9,2
20250228,2,2278,82,155.67,3
20250301,2,3300,106,213.5,4
20250302,2,1443,43,91.05,1
20250303,2,2338,80,162.09,3
20250304,2,2048,70,150.81,3
20250305,2,3037,106,218.85,4
20250306,2,4658,166,339.63,6
20250307,2,2885,91,227.56,4
20250308,2,2593,82,163.59,3
20250309,2,2936,96,226.46,3
20250310,2,2114,74,171.18,3
20250311,2,3098,91,195.22,3
20250312,2,953,32,57.07,1
20250313,2,2781,98,202.85,4
20250314,2,2959,104,207.41,4
20250315,2,1611,56,116.88,2
20250316,2,2619,93,176.47,4
20250317,2,3539,100,220.66,4
20250318,2,1662,61,135.91,2
20250319,2,294,10,22.56,0
20250320,2,997,36,73.39,1
20250321,2,1997,62,118.84,2
20250322,2,3102,93,198.49,3
20250323,2,1052,39,94.14,1
20250324,2,1873,59,124.23,2
20250325,2,2386,78,167.2,3
20250326,2,4218,145,296.32,6
20250327,2,4099,143,285.56,5
20250328,2,1520,54,118.09,2
20250329,2,1718,58,119.82,2
20250330,2,1759,55,118.34,2
20250331,2,4058,141,306.36,6
20250401,2,3192,111,237.55,4
20250402,2,3884,116,251.99,4
20250403,2,827,30,57.86,1
20250404,2,1987,57,109.3,2
20250405,2,480,17,35.83,0
20250406,2,998,32,66.59,1
20250407,2,3167,110,220.49,4
20250408,2,3263,112,237.77,4
20250409,2,3552,118,263.44,4
20250410,2,1023,35,81.07,1
20250411,2,2355,78,182.76,3
20250412,2,1669,58,109.44,2
20250413,2,4664,177,336.65,7
20250414,2,2507,77,156.96,3
20250415,2,4947,136,284.71,5
20250416,2,1201,39,80.65,1
20250417,2,1856,60,120.63,2
20250418,2,2490,81,164.64,3
20250419,2,2128,67,146.32,2
20250420,2,1511,53,99.72,2
20250421,2,1893,58,146.57,2
20250422,2,5177,177,369.6,7
20250423,2,954,33,74.98,1
20250424,2,3597,122,244.29,4
20250425,2,1080,37,81.95,1
20250426,2,908,32,67.92,1
20250427,2,1648,55,123.94,2
20250428,2,982,32,66.06,1
20250429,2,963,33,78.47,1
20250430,2,2726,94,174.41,4
20250501,2,1396,49,110.31,2
20250502,2,4431,133,280.5,5
20250503,2,1763,58,112.33,2
20250504,2,1827,57,139.08,2
20250505,2,1831,63,153.44,2
20250506,2,3972,138,245.1,5
20250507,2,1864,61,128.95,2
20250508,2,2167,69,152.64,3
20250509,2,1508,52,112.41,2
20250510,2,2516,83,197.33,4
20250511,2,3478,126,293.7,4
20250512,2,1865,69,147.49,2
20250513,2,4418,156,392.74,6
20250514,2,237,8,17.3,0
20250515,2,1132,42,85.6,1
20250516,2,2668,90,181.05,3
20250517,2,3219,104,240.22,4
20250518,2,2098,67,131.25,2
20250519,2,3671,117,237.67,4
20250520,2,1474,49,100.25,2
20250521,2,3394,116,251.78,4
20250522,2,3602,110,228.14,4
20250523,2,4975,161,305.57,6
20250524,2,1871,63,144.82,2
20250525,2,2489,86,174.56,3
20250526,2,2652,88,218.53,3
20250527,2,1720,58,125.84,2
20250528,2,1588,49,114.39,2
20250529,2,5116,161,355.62,7
20250530,2,1993,66,153.27,2
20250531,2,846,29,63.9,1
20250601,2,2315,78,166.97,3
20250602,2,1931,61,140.31,2
20250603,2,4578,150,384.91,6
20250604,2,2061,75,153.81,3
20250605,2,1777,61,136.06,2
20250606,2,3708,122,258.07,5
20250607,2,2913,91,199.48,3
20250608,2,2136,68,143.76,3
20250609,2,4724,157,278.67,5
20250610,2,1095,37,77.05,1
20250611,2,3695,127,290.52,5
20250612,2,2853,97,191.66,4
20250613,2,1939,63,143.53,2
20250614,2,1800,58,123.3,2
20250615,2,879,33,69.52,1
20250616,2,5354,172,389.88,6
20250617,2,1236,38,84.47,1
20250618,2,2093,63,136.68,2
20250619,2,3752,122,278.89,4
20250620,2,2704,95,205.08,4
20250621,2,1184,38,69.67,1
20250622,2,2535,92,187.85,4
20250623,2,2139,71,129.65,3
20250624,2,3775,134,299.53,5
20250625,2,1040,33,75.88,1
20250626,2,1291,41,94.04,1
20250627,2,3205,107,235.81,4
20250628,2,1521,52,118.05,2
20250629,2,3592,118,220.73,4
20250630,2,3344,113,236.57,4
20250701,2,1018,35,66.14,1
20250702,2,1968,60,124.5,2
20250703,2,4858,158,381.41,7
20250704,2,435,14,32.55,0
20250705,2,3749,121,269.98,4
20250706,2,265,9,19.16,0
20250707,2,2546,82,160.66,3
20250708,2,2888,85,183.34,3
20250709,2,4034,132,307.11,6
20250710,2,1124,35,77.4,1
20250711,2,907,31,58.33,1
20250712,2,2325,81,173.17,3
20250713,2,2747,80,146.32,3
20250714,2,4104,130,293.9,4
20250715,2,472,16,32.98,0
20250716,2,1672,51,98.5,2
20250717,2,3594,125,284.46,5
20250718,2,2037,72,160.34,3
20250719,2,2161,71,153.79,3
20250720,2,1926,61,155.65,2
20250721,2,1973,57,128.51,2
20250722,2,5023,175,353.12,6
20250723,2,2726,102,227.23,4
20250724,2,866,32,66.56,1
20250725,2,4300,141,331.68,5
20250726,2,1674,52,114.39,2
20250727,2,1089,38,83.59,1
20250728,2,1944,64,120.64,2
20250729,2,2373,81,173.01,3
20250730,2,2487,84,177.52,3
20250731,2,2099,70,137.6,2
20250801,2,4082,144,302.19,6
20250802,2,4780,169,374.26,7
20250803,2,2053,66,141.03,2
20250804,2,4526,142,270.36,6
20250805,2,1191,34,71.65,1
20250806,2,1385,45,92.81,1
20250807,2,1224,38,83.39,1
20250808,2,1529,52,112.63,2
20250809,2,215,7,15.48,0
20250810,2,2048,67,137.46,2
20250811,2,1120,39,83.0,1
20250812,2,2945,100,231.61,4
20250813,2,4313,142,309.62,5
20250814,2,2535,93,223.12,4
20250815,2,952,33,77.47,1
20250816,2,2876,93,223.36,4
20250817,2,1604,52,125.32,2
20250818,2,3597,125,303.01,5
20250819,2,2742,92,180.26,3
20250820,2,2711,84,190.51,3
20250821,2,1001,35,83.25,1
20250822,2,4029,144,344.1,5
20250823,2,3795,135,271.34,5
20250824,2,2586,94,211.42,3
20250825,2,4051,152,328.61,6
20250826,2,3536,130,323.31,5
20250827,2,1271,43,82.72,1
20250828,2,2383,78,157.08,3
20250829,2,1314,39,71.95,1
20250830,2,1779,59,128.61,2
20250831,2,1053,36,92.05,1
20250901,2,3191,106,226.32,4
20250902,2,3955,117,252.8,4
20250903,2,2610,85,190.89,3
20250904,2,2701,93,198.33,3
20250905,2,3403,106,233.87,4
20250906,2,1016,34,75.15,1
20250907,2,2294,78,157.11,3
20250908,2,3134,111,236.33,4
20250909,2,3323,122,278.13,5
20250910,2,6856,222,514.76,8
20250911,2,3016,101,241.06,4
20250912,2,2414,81,179.93,3
20250913,2,929,32,70.68,1
20250914,2,2748,94,214.67,3
20250915,2,3299,119,245.09,5
20250916,2,6251,180,369.06,6
20250917,2,3328,113,240.16,4
20250918,2,1114,38,74.23,1
20250919,2,2910,95,212.1,3
20250920,2,3771,109,255.91,4
20250921,2,2364,78,159.03,3
20250922,2,3120,99,220.42,3
20250923,2,2376,87,179.29,3
20250924,2,2924,99,196.86,3
20250925,2,1616,51,130.75,2
20250926,2,1298,38,75.05,1
20250927,2,3032,104,202.99,4
20250928,2,2926,101,222.57,4
20250929,2,1653,54,118.41,2
20250930,2,991,34,77.2,1
20251001,2,1111,36,91.49,1
20251002,2,3741,132,267.54,6
20251003,2,1025,36,75.13,1
20251004,2,1834,55,135.9,2
20251005,2,1051,32,74.52,1
20251006,2,401,15,34.01,0
20251007,2,2686,94,194.93,3
20251008,2,6226,191,453.0,8
20251009,2,1693,51,118.62,2
20251010,2,2358,79,172.58,3
20251011,2,3625,112,231.45,4
20251012,2,2095,68,148.22,3
20251013,2,3425,113,278.38,5
20251014,2,3252,107,212.25,4
20251015,2,2627,93,188.78,4
20251016,2,3114,115,237.43,4
20251017,2,3764,121,254.77,4
20251018,2,2782,86,186.51,3
20251019,2,3455,117,274.9,4
20251020,2,959,35,78.86,1
20251021,2,3097,100,218.64,4
20251022,2,3246,113,250.62,4
20251023,2,1812,57,130.67,2
20251024,2,4046,134,254.45,5
20251025,2,2172,67,159.27,2
20251026,2,1209,40,80.33,1
20251027,2,3989,131,273.87,5
20251028,2,1837,63,141.3,2
20251029,2,1604,59,127.86,2
20251030,2,3065,99,224.49,4
20251031,2,2114,62,135.65,2
20251101,2,2878,94,199.89,3
20251102,2,1961,66,161.97,2
20251103,2,5289,177,407.87,8
20251104,2,2840,93,206.35,4
20251105,2,1466,53,122.81,2
20251106,2,6900,230,472.19,8
20251107,2,3988,131,339.17,5
20251108,2,3582,113,226.3,4
20251109,2,1310,39,86.69,1
20251110,2,1809,61,130.69,2
20251111,2,6320,212,449.0,8
20251112,2,5481,170,357.46,6
20251113,2,2912,96,195.72,3
20251114,2,3449,113,270.71,5
20251115,2,2576,82,163.26,3
20251116,2,3015,95,223.33,3
20251117,2,4164,141,323.71,5
20251118,2,5306,173,366.09,7
20251119,2,3731,119,271.97,5
20251120,2,4748,149,320.09,6
20251121,2,4697,154,308.72,6
20251122,2,4810,168,336.15,6
20251123,2,3497,117,269.53,4
20251124,2,2855,93,212.8,4
20251125,2,3060,103,229.77,4
20251126,2,6387,229,484.59,8
20251127,2,7818,266,571.47,11
20251128,2,4321,145,308.85,6
20251129,2,6526,224,426.44,7
20251130,2,9046,296,650.54,11
20251201,2,3114,104,237.33,4
20251202,2,2525,81,178.38,2
20251203,2,4220,127,319.06,4
20251204,2,2640,89,178.94,3
20251205,2,1216,41,85.73,1
20251206,2,3512,114,252.97,4
20251207,2,3215,113,251.85,5
20251208,2,1960,62,116.13,2
20251209,2,4580,136,313.17,5
20251210,2,2021,64,143.96,2
20251211,2,2059,62,115.07,2
20251212,2,1602,54,116.97,2
20251213,2,3137,99,203.59,4
20251214,2,3797,133,280.46,5
20251215,2,3516,123,242.8,5
20251216,2,4354,136,308.02,6
20251217,2,4165,131,329.72,5
20251218,2,3843,131,292.53,6
20251219,2,6084,213,393.77,8
20251220,2,3110,91,203.96,3
20251221,2,1221,41,88.76,1
20251222,2,2143,62,124.18,2
20251223,2,4508,144,324.33,5
20251224,2,3291,116,273.72,4
20251225,2,1695,67,139.69,2
20251226,2,4395,143,274.6,6
20251227,2,4800,147,274.46,6
20251228,2,1625,52,108.93,2
20251229,2,1811,60,130.75,2
20251230,2,4353,138,291.05,6
20251231,2,2563,80,166.11,3
20210101,3,305,4,1.56,0
20210102,3,128,2,0.92,0
20210103,3,203,3,1.48,0
20210104,3,2850,41,19.06,1
20210105,3,2607,40,18.68,1
20210106,3,3327,48,19.88,1
20210107,3,195,3,1.23,0
20210108,3,141,2,1.02,0
20210109,3,3116,46,20.34,1
20210110,3,208,3,1.37,0
20210111,3,146,2,1.01,0
20210112,3,145,2,1.04,0
20210113,3,220,3,1.17,0
20210114,3,5985,85,41.08,2
20210115,3,294,4,1.66,0
20210116,3,3137,45,20.41,1
20210117,3,210,3,1.27,0
20210118,3,212,3,1.6,0
20210119,3,212,3,1.4,0
20210120,3,148,2,0.91,0
20210121,3,146,2,0.9,0
20210122,3,237,3,1.27,0
20210123,3,5554,77,34.2,2
20210124,3,152,2,0.85,0
20210125,3,2706,38,18.43,1
20210126,3,150,2,0.86,0
20210127,3,243,3,1.27,0
20210128,3,3005,48,20.1,1
20210129,3,363,5,2.09,0
20210130,3,197,3,1.38,0
20210131,3,296,4,1.67,0
20210201,3,194,3,1.45,0
20210202,3,307,4,1.73,0
20210203,3,213,3,1.64,0
20210204,3,306,4,1.8,0
20210205,3,2516,41,17.9,1
20210206,3,146,2,1.03,0
20210207,3,2867,42,22.39,1
20210208,3,3073,44,21.24,1
20210209,3,2731,38,19.01,1
20210210,3,348,5,1.96,0
20210211,3,2646,40,19.14,1
20210212,3,5655,82,37.0,2
20210213,3,213,3,1.51,0
20210214,3,209,3,1.42,0
20210215,3,256,4,1.66,0
20210216,3,3093,42,18.22,1
20210217,3,321,4,1.99,0
20210218,3,3069,40,18.0,1
20210219,3,3285,43,20.93,1
20210220,3,303,4,1.78,0
20210221,3,3553,47,22.33,1
20210222,3,2735,38,18.75,1
20210223,3,283,4,2.04,0
20210224,3,213,3,1.24,0
20210225,3,376,5,1.87,0
20210226,3,135,2,1.07,0
20210227,3,6128,88,37.66,2
20210228,3,196,3,1.26,0
20210301,3,273,4,1.74,0
20210302,3,2865,39,20.33,1
20210303,3,133,2,0.81,0
20210304,3,283,4,1.54,0
20210305,3,274,4,1.83,0
20210306,3,276,4,1.79,0
20210307,3,145,2,0.94,0
20210308,3,3005,42,17.64,1
20210309,3,3265,45,20.69,1
20210310,3,2956,39,19.06,1
20210311,3,164,2,0.9,0
20210312,3,150,2,1.07,0
20210313,3,3203,45,19.76,1
20210314,3,202,3,1.44,0
20210315,3,2816,41,20.35,1
20210316,3,293,4,1.96,0
20210317,3,225,3,1.22,0
20210318,3,146,2,1.12,0
20210319,3,3210,42,18.37,1
20210320,3,327,4,1.64,0
20210321,3,158,2,1.06,0
20210322,3,133,2,1.15,0
20210323,3,194,3,1.36,0
20210324,3,207,3,1.67,0
20210325,3,3257,45,21.46,1
20210326,3,314,4,1.54,0
20210327,3,6047,83,39.04,2
20210328,3,5912,85,38.15,2
20210329,3,206,3,1.81,0
20210330,3,2493,36,18.31,1
20210331,3,134,2,0.86,0
20210401,3,2763,43,22.56,1
20210402,3,2589,35,17.6,1
20210403,3,244,4,1.72,0
20210404,3,408,5,2.22,0
20210405,3,3330,44,23.01,1
20210406,3,3140,44,17.86,1
20210407,3,280,4,2.05,0
20210408,3,365,5,2.56,0
20210409,3,3275,44,20.44,1
20210410,3,127,2,1.17,0
20210411,3,299,4,1.76,0
20210412,3,3381,44,19.45,1
20210413,3,2874,44,19.42,1
20210414,3,275,4,1.95,0
20210415,3,2844,42,18.81,1
20210416,3,214,3,1.25,0
20210417,3,3456,44,20.92,1
20210418,3,144,2,1.12,0
20210419,3,158,2,1.01,0
20210420,3,285,4,1.91,0
20210421,3,209,3,1.32,0
20210422,3,5157,76,36.03,2
20210423,3,146,2,1.07,0
20210424,3,138,2,0.77,0
20210425,3,153,2,0.85,0
20210426,3,2733,40,22.41,1
20210427,3,2712,39,20.88,1
20210428,3,6155,81,35.55,2
20210429,3,210,3,1.45,0
20210430,3,204,3,1.67,0
20210501,3,288,4,1.57,0
20210502,3,3045,40,19.27,1
20210503,3,143,2,1.34,0
20210504,3,280,4,1.87,0
20210505,3,229,3,1.29,0
20210506,3,154,2,0.97,0
20210507,3,211,3,1.6,0
20210508,3,138,2,0.91,0
20210509,3,319,5,1.97,0
20210510,3,348,5,2.48,0
20210511,3,312,4,2.0,0
20210512,3,2953,46,19.17,1
20210513,3,2724,40,19.79,1
20210514,3,3601,44,23.06,1
20210515,3,232,3,1.25,0
20210516,3,5382,72,34.88,2
20210517,3,2830,41,20.81,1
20210518,3,335,4,2.06,0
20210519,3,366,5,2.11,0
20210520,3,2910,42,18.56,1
20210521,3,344,4,1.63,0
20210522,3,3125,45,20.24,1
20210523,3,8206,119,64.22,3
20210524,3,306,4,2.09,0
20210525,3,467,6,2.86,0
20210526,3,10025,131,62.05,3
20210527,3,341,4,1.88,0
20210528,3,371,5,2.49,0
20210529,3,3802,53,27.14,1
20210530,3,391,5,2.75,0
20210531,3,206,3,1.46,0
20210601,3,3397,47,22.81,1
20210602,3,2792,39,20.98,1
20210603,3,224,3,1.34,0
20210604,3,7235,104,61.38,2
20210605,3,404,6,3.04,0
20210606,3,6189,83,44.04,2
20210607,3,348,5,2.58,0
20210608,3,347,5,2.72,0
20210609,3,3052,43,21.62,1
20210610,3,329,5,2.36,0
20210611,3,380,5,2.17,0
20210612,3,448,6,2.66,0
20210613,3,305,4,2.01,0
20210614,3,3208,46,19.15,1
20210615,3,3480,47,22.08,1
20210616,3,2658,35,19.01,1
20210617,3,198,3,1.39,0
20210618,3,261,4,2.2,0
20210619,3,297,4,1.74,0
20210620,3,554,7,3.05,0
20210621,3,261,4,1.83,0
20210622,3,7158,101,57.18,2
20210623,3,3270,46,21.27,1
20210624,3,3406,47,19.94,1
20210625,3,306,4,1.89,0
20210626,3,3738,50,26.08,1
20210627,3,3082,44,19.14,1
20210628,3,375,5,2.84,0
20210629,3,427,6,2.79,0
20210630,3,3719,51,24.92,1
20210701,3,3810,49,24.47,1
20210702,3,5761,87,40.17,2
20210703,3,3522,50,24.97,1
20210704,3,5797,81,35.9,2
20210705,3,2754,39,21.22,1
20210706,3,3903,48,21.91,1
20210707,3,3159,42,21.4,1
20210708,3,240,3,1.33,0
20210709,3,290,4,2.11,0
20210710,3,358,5,2.38,0
20210711,3,217,3,1.64,0
20210712,3,340,5,2.41,0
20210713,3,240,3,1.48,0
20210714,3,307,4,1.92,0
20210715,3,428,6,2.74,0
20210716,3,288,4,1.72,0
20210717,3,3007,38,21.55,1
20210718,3,3199,47,23.73,1
20210719,3,133,2,1.25,0
20210720,3,143,2,0.96,0
20210721,3,320,4,1.89,0
20210722,3,2681,37,18.69,1
20210723,3,3011,42,19.78,1
20210724,3,298,4,1.9,0
20210725,3,3105,46,23.92,1
20210726,3,221,3,1.65,0
20210727,3,194,3,1.67,0
20210728,3,5728,82,44.47,2
20210729,3,288,4,1.77,0
20210730,3,346,5,2.5,0
20210731,3,334,5,2.78,0
20210801,3,416,6,2.74,0
20210802,3,6108,83,36.14,2
20210803,3,3278,43,19.89,1
20210804,3,235,3,1.74,0
20210805,3,8400,99,54.72,2
20210806,3,290,4,2.11,0
20210807,3,300,4,2.51,0
20210808,3,6881,92,45.97,2
20210809,3,345,5,2.41,0
20210810,3,221,3,1.51,0
20210811,3,3011,46,26.72,1
20210812,3,228,3,1.46,0
20210813,3,3810,49,22.06,1
20210814,3,237,3,1.69,0
20210815,3,422,6,3.11,0
20210816,3,342,5,2.52,0
20210817,3,380,5,3.04,0
20210818,3,469,6,3.16,0
20210819,3,268,4,1.9,0
20210820,3,5767,72,36.35,2
20210821,3,346,5,2.88,0
20210822,3,3572,47,23.68,1
20210823,3,215,3,1.68,0
20210824,3,344,5,2.69,0
20210825,3,357,5,2.2,0
20210826,3,2618,35,18.13,1
20210827,3,203,3,1.72,0
20210828,3,11412,158,84.89,3
20210829,3,8486,144,76.04,3
20210830,3,3583,44,26.01,1
20210831,3,326,4,1.98,0
20210901,3,208,3,1.39,0
20210902,3,516,7,3.47,0
20210903,3,281,4,2.19,0
20210904,3,7385,94,43.93,2
20210905,3,293,4,2.31,0
20210906,3,3937,55,26.0,1
20210907,3,5930,78,42.38,2
20210908,3,581,8,3.79,0
20210909,3,3913,49,24.49,1
20210910,3,3666,51,23.39,1
20210911,3,2835,42,23.03,1
20210912,3,714,9,4.03,0
20210913,3,398,5,2.16,0
20210914,3,206,3,1.76,0
20210915,3,159,2,1.25,0
20210916,3,10225,146,70.2,3
20210917,3,6094,83,45.8,2
20210918,3,302,4,1.9,0
20210919,3,2497,37,18.87,1
20210920,3,349,5,2.69,0
20210921,3,3262,45,22.55,1
20210922,3,336,4,2.07,0
20210923,3,3179,45,20.72,1
20210924,3,3381,43,19.95,1
20210925,3,224,3,1.83,0
20210926,3,295,4,2.18,0
20210927,3,3028,46,23.32,1
20210928,3,225,3,1.73,0
20210929,3,241,3,1.92,0
20210930,3,270,4,2.01,0
20211001,3,353,5,2.24,0
20211002,3,212,3,1.63,0
20211003,3,2363,35,16.52,1
20211004,3,3062,46,23.78,1
20211005,3,3661,47,22.14,1
20211006,3,241,3,1.37,0
20211007,3,281,4,1.5,0
20211008,3,6302,84,43.36,2
20211009,3,373,5,2.01,0
20211010,3,237,3,1.64,0
20211011,3,214,3,1.79,0
20211012,3,144,2,1.05,0
20211013,3,6937,93,43.57,2
20211014,3,3695,46,23.66,1
20211015,3,3025,44,21.2,1
20211016,3,437,6,2.9,0
20211017,3,207,3,1.59,0
20211018,3,503,6,3.15,0
20211019,3,369,5,2.54,0
20211020,3,386,5,2.51,0
20211021,3,221,3,1.91,0
20211022,3,280,4,1.84,0
20211023,3,3112,43,22.95,1
20211024,3,5027,68,33.2,2
20211025,3,370,5,2.6,0
20211026,3,3576,44,22.02,1
20211027,3,3283,42,21.7,1
20211028,3,3392,49,26.66,1
20211029,3,6488,85,42.14,2
20211030,3,2974,43,21.65,1
20211031,3,493,7,3.24,0
20211101,3,6254,89,43.95,2
20211102,3,581,8,4.33,0
20211103,3,456,6,3.23,0
20211104,3,523,7,3.81,0
20211105,3,3280,46,29.18,1
20211106,3,7494,89,43.79,2
20211107,3,619,9,4.88,0
20211108,3,10619,139,78.08,3
20211109,3,6410,86,43.7,2
20211110,3,6333,85,40.7,2
20211111,3,595,8,4.88,0
20211112,3,642,8,4.38,0
20211113,3,6542,89,47.23,2
20211114,3,358,5,3.02,0
20211115,3,4530,54,29.98,1
20211116,3,6980,87,45.05,2
20211117,3,563,8,3.65,0
20211118,3,6188,87,43.37,2
20211119,3,7802,107,61.09,3
20211120,3,3945,51,28.26,1
20211121,3,3486,49,25.23,1
20211122,3,7902,99,59.16,2
20211123,3,300,4,2.26,0
20211124,3,4097,51,28.89,1
20211125,3,3826,51,27.31,1
20211126,3,3873,49,29.91,1
20211127,3,213,3,1.88,0
20211128,3,507,7,3.43,0
20211129,3,6922,90,46.58,2
20211130,3,557,8,4.23,0
20211201,3,4330,55,26.93,1
20211202,3,3427,46,21.56,1
20211203,3,3549,46,24.43,1
20211204,3,498,7,3.28,0
20211205,3,3149,44,22.24,1
20211206,3,413,6,3.18,0
20211207,3,518,7,3.48,0
20211208,3,533,6,2.98,0
20211209,3,458,6,3.9,0
20211210,3,2981,44,24.61,1
20211211,3,304,4,2.56,0
20211212,3,7099,85,43.16,2
20211213,3,3406,47,26.08,1
20211214,3,3464,48,24.48,1
20211215,3,545,7,3.35,0
20211216,3,3553,47,29.55,1
20211217,3,3370,43,21.31,1
20211218,3,7653,106,46.66,2
20211219,3,3193,43,21.63,1
20211220,3,3996,50,22.41,1
20211221,3,4176,56,27.17,1
20211222,3,4206,54,26.48,1
20211223,3,546,8,4.05,0
20211224,3,3674,52,23.33,1
20211225,3,3155,42,24.7,1
20211226,3,6234,84,38.31,2
20211227,3,491,7,3.45,0
20211228,3,528,7,3.76,0
20211229,3,3065,43,24.09,1
20211230,3,410,6,3.52,0
20211231,3,538,7,4.03,0
20220101,3,7166,106,54.57,2
20220102,3,9977,145,74.05,3
20220103,3,5663,77,42.25,2
20220104,3,6900,90,51.91,2
20220105,3,3018,41,23.04,1
20220106,3,303,4,1.96,0
20220107,3,3133,40,21.81,1
20220108,3,3834,53,27.84,1
20220109,3,3336,42,23.09,1
20220110,3,305,4,2.79,0
20220111,3,3505,46,24.23,1
20220112,3,568,7,3.65,0
20220113,3,3664,51,26.31,1
20220114,3,455,6,3.57,0
20220115,3,3665,53,23.75,1
20220116,3,6601,87,46.11,2
20220117,3,383,5,3.14,0
20220118,3,632,8,3.85,0
20220119,3,298,4,1.93,0
20220120,3,6192,83,52.47,2
20220121,3,3148,44,24.21,1
20220122,3,596,8,3.57,0
20220123,3,198,3,1.55,0
20220124,3,364,5,2.48,0
20220125,3,4050,51,25.48,1
20220126,3,6386,80,43.27,2
20220127,3,3118,43,22.76,1
20220128,3,318,4,2.47,0
20220129,3,3468,48,23.39,1
20220130,3,3478,49,25.81,1
20220131,3,638,9,4.89,0
20220201,3,316,4,2.31,0
20220202,3,7160,101,54.87,2
20220203,3,661,9,3.94,0
20220204,3,389,5,2.44,0
20220205,3,4010,53,27.89,1
20220206,3,510,7,4.18,0
20220207,3,468,6,3.38,0
20220208,3,7289,99,54.34,2
20220209,3,344,5,2.75,0
20220210,3,7573,107,64.04,2
20220211,3,9180,123,72.47,3
20220212,3,3402,46,25.59,1
20220213,3,7129,92,58.64,2
20220214,3,4023,52,26.53,1
20220215,3,13496,164,80.32,4
20220216,3,517,7,3.88,0
20220217,3,720,10,5.25,0
20220218,3,4146,55,24.2,1
20220219,3,4352,55,28.31,1
20220220,3,299,4,2.36,0
20220221,3,3257,47,25.21,1
20220222,3,498,7,3.51,0
20220223,3,11889,158,85.63,3
20220224,3,332,5,2.5,0
20220225,3,575,9,4.93,0
20220226,3,3171,41,20.95,1
20220227,3,8924,117,67.93,3
20220228,3,3172,44,21.79,1
20220301,3,397,5,2.6,0
20220302,3,357,5,3.24,0
20220303,3,3662,49,24.66,1
20220304,3,3677,50,25.62,1
20220305,3,4204,54,26.32,1
20220306,3,710,9,4.73,0
20220307,3,3729,44,23.95,1
20220308,3,757,11,6.44,0
20220309,3,3911,55,29.75,1
20220310,3,578,8,4.37,0
20220311,3,3612,49,24.07,1
20220312,3,7260,84,43.25,2
20220313,3,3623,46,22.27,1
20220314,3,3288,43,24.7,1
20220315,3,3857,48,27.95,1
20220316,3,7670,92,50.26,2
20220317,3,3514,44,24.81,1
20220318,3,7511,100,58.62,2
20220319,3,13596,181,100.03,4
20220320,3,2997,42,25.54,1
20220321,3,9854,148,74.45,3
20220322,3,6871,95,50.71,2
20220323,3,762,10,5.49,0
20220324,3,3316,49,28.06,1
20220325,3,4311,52,25.27,1
20220326,3,13155,154,94.67,4
20220327,3,477,6,3.58,0
20220328,3,718,10,6.33,0
20220329,3,4256,57,31.35,1
20220330,3,807,10,5.41,0
20220331,3,3153,40,23.23,1
20220401,3,894,11,6.34,0
20220402,3,488,6,3.31,0
20220403,3,6465,94,43.98,2
20220404,3,13553,178,84.73,4
20220405,3,679,10,5.89,0
20220406,3,6531,82,51.32,2
20220407,3,440,6,2.74,0
20220408,3,3725,50,26.95,1
20220409,3,6234,87,46.78,2
20220410,3,3646,49,31.23,1
20220411,3,641,9,5.7,0
20220412,3,4020,55,31.47,1
20220413,3,13233,164,97.51,4
20220414,3,506,7,3.9,0
20220415,3,685,9,4.47,0
20220416,3,871,11,6.6,0
20220417,3,5730,79,40.37,2
20220418,3,6797,95,51.87,2
20220419,3,8097,104,63.21,2
20220420,3,8420,109,60.81,2
20220421,3,10277,125,75.64,3
20220422,3,7166,85,52.08,2
20220423,3,998,13,6.31,0
20220424,3,4041,56,25.99,1
20220425,3,4073,52,31.5,1
20220426,3,3474,50,30.46,1
20220427,3,11343,148,83.88,3
20220428,3,3602,47,27.06,1
20220429,3,3544,46,27.47,1
20220430,3,357,5,3.03,0
20220501,3,8023,100,54.1,2
20220502,3,7939,104,62.35,2
20220503,3,626,8,4.53,0
20220504,3,9717,124,70.21,3
20220505,3,3781,50,28.43,1
20220506,3,6639,87,45.37,2
20220507,3,3985,56,29.36,1
20220508,3,683,9,6.16,0
20220509,3,3813,52,27.06,1
20220510,3,3977,53,30.41,1
20220511,3,3137,45,26.58,1
20220512,3,3862,50,27.72,1
20220513,3,695,9,5.57,0
20220514,3,3192,44,25.22,1
20220515,3,3480,45,23.6,1
20220516,3,14509,197,115.22,4
20220517,3,726,11,6.05,0
20220518,3,563,7,4.69,0
20220519,3,3462,50,28.92,1
20220520,3,4379,56,29.94,1
20220521,3,3924,56,32.16,1
20220522,3,6632,91,47.26,2
20220523,3,10037,137,78.58,3
20220524,3,690,9,5.09,0
20220525,3,7403,96,50.6,2
20220526,3,1031,13,6.81,0
20220527,3,3874,51,34.86,1
20220528,3,8222,107,60.82,2
20220529,3,827,11,6.18,0
20220530,3,7859,95,51.03,2
20220531,3,7440,98,57.07,2
20220601,3,7119,101,53.8,2
20220602,3,3665,51,26.38,1
20220603,3,7291,96,53.97,2
20220604,3,7501,115,64.69,3
20220605,3,788,10,5.45,0
20220606,3,5507,72,37.78,1
20220607,3,581,7,3.88,0
20220608,3,6783,87,47.42,2
20220609,3,957,14,7.41,0
20220610,3,7081,91,52.78,2
20220611,3,3922,47,31.79,1
20220612,3,4552,63,39.5,1
20220613,3,10192,137,90.62,3
20220614,3,3550,49,26.44,1
20220615,3,8142,105,68.26,2
20220616,3,14647,181,104.54,4
20220617,3,7549,98,60.23,2
20220618,3,811,11,6.66,0
20220619,3,6659,87,48.04,2
20220620,3,819,11,6.58,0
20220621,3,4172,53,31.09,1
20220622,3,8546,115,56.51,2
20220623,3,3355,44,24.76,1
20220624,3,4137,52,31.74,1
20220625,3,4084,54,31.34,1
20220626,3,6479,83,49.29,2
20220627,3,4190,57,30.37,1
20220628,3,3330,46,26.89,1
20220629,3,3406,46,26.23,1
20220630,3,926,11,5.91,0
20220701,3,3963,49,26.2,1
20220702,3,634,8,4.92,0
20220703,3,7447,93,54.59,2
20220704,3,6547,83,48.01,2
20220705,3,578,8,5.09,0
20220706,3,3881,53,31.32,1
20220707,3,4231,54,33.99,1
20220708,3,6635,90,52.39,2
20220709,3,6217,83,45.89,2
20220710,3,6814,89,46.64,2
20220711,3,4137,58,33.74,1
20220712,3,875,11,4.88,0
20220713,3,4038,53,30.94,1
20220714,3,814,10,6.07,0
20220715,3,7957,98,55.25,2
20220716,3,4646,56,31.79,1
20220717,3,3976,49,25.59,1
20220718,3,761,10,6.52,0
20220719,3,779,10,5.56,0
20220720,3,4665,60,31.87,1
20220721,3,779,10,6.19,0
20220722,3,413,6,3.32,0
20220723,3,10570,129,71.96,3
20220724,3,4371,53,29.44,1
20220725,3,4188,52,30.06,1
20220726,3,4306,56,35.84,1
20220727,3,10914,147,87.97,3
20220728,3,3616,49,28.13,1
20220729,3,11000,152,93.78,3
20220730,3,540,7,4.3,0
20220731,3,9964,127,75.57,3
20220801,3,5835,84,48.86,2
20220802,3,8241,91,55.05,2
20220803,3,6872,90,50.16,2
20220804,3,12250,164,86.31,3
20220805,3,3699,54,33.33,1
20220806,3,4743,56,36.45,1
20220807,3,629,8,4.11,0
20220808,3,6822,82,48.15,2
20220809,3,1538,18,10.04,0
20220810,3,854,11,7.08,0
20220811,3,584,8,4.48,0
20220812,3,6852,96,72.17,2
20220813,3,4833,61,34.58,1
20220814,3,8185,111,72.49,2
20220815,3,8078,104,68.91,2
20220816,3,7647,103,62.12,2
20220817,3,3868,54,31.46,1
20220818,3,4273,55,31.9,1
20220819,3,8567,119,69.01,2
20220820,3,7599,92,58.17,2
20220821,3,7458,101,54.52,2
20220822,3,650,9,4.94,0
20220823,3,11626,160,90.7,4
20220824,3,990,12,5.93,0
20220825,3,9726,125,77.71,3
20220826,3,4151,55,34.75,1
20220827,3,4042,54,29.81,1
20220828,3,7635,100,63.06,2
20220829,3,847,12,6.22,0
20220830,3,4904,59,34.73,1
20220831,3,12016,154,88.95,3
20220901,3,4511,53,30.91,1
20220902,3,1038,14,8.49,0
20220903,3,3721,50,29.18,1
20220904,3,6105,97,55.03,2
20220905,3,579,8,4.87,0
20220906,3,8375,111,72.48,2
20220907,3,12888,170,94.98,4
20220908,3,3296,42,29.68,1
20220909,3,9550,125,69.52,3
20220910,3,757,10,6.12,0
20220911,3,693,8,5.07,0
20220912,3,7993,105,60.01,2
20220913,3,7274,95,62.21,2
20220914,3,9848,142,86.76,3
20220915,3,777,10,5.5,0
20220916,3,7262,90,58.64,2
20220917,3,4778,63,34.05,1
20220918,3,5065,66,37.25,1
20220919,3,777,10,6.39,0
20220920,3,23644,284,177.9,6
20220921,3,934,12,7.44,0
20220922,3,11339,142,82.79,3
20220923,3,7267,93,53.73,2
20220924,3,8343,113,72.55,2
20220925,3,8034,100,60.25,2
20220926,3,8523,109,60.04,2
20220927,3,1345,18,9.87,0
20220928,3,549,7,4.72,0
20220929,3,6667,101,55.95,2
20220930,3,3727,49,29.26,1
20221001,3,7487,90,59.19,2
20221002,3,6659,82,50.54,2
20221003,3,9070,111,61.46,2
20221004,3,7629,94,51.12,2
20221005,3,6882,92,62.92,2
20221006,3,4624,56,30.18,1
20221007,3,4178,53,29.7,1
20221008,3,3608,50,30.75,1
20221009,3,957,12,6.86,0
20221010,3,6608,89,54.92,2
20221011,3,1197,14,7.32,0
20221012,3,474,6,3.72,0
20221013,3,816,10,6.23,0
20221014,3,760,10,6.48,0
20221015,3,8066,98,55.47,2
20221016,3,6423,94,51.18,2
20221017,3,4183,49,29.62,1
20221018,3,795,11,5.96,0
20221019,3,3891,53,34.57,1
20221020,3,4482,59,35.55,1
20221021,3,9799,127,71.21,3
20221022,3,7273,105,57.22,2
20221023,3,6609,99,55.79,2
20221024,3,4312,55,28.66,1
20221025,3,13196,172,106.56,4
20221026,3,8968,112,62.3,2
20221027,3,4570,55,33.89,1
20221028,3,3843,51,31.89,1
20221029,3,1450,19,12.24,0
20221030,3,5036,59,35.7,1
20221031,3,17270,229,149.48,4
20221101,3,1143,15,9.88,0
20221102,3,15914,198,120.79,4
20221103,3,14365,178,108.81,4
20221104,3,7938,105,60.08,2
20221105,3,10141,144,79.78,3
20221106,3,8179,108,71.29,2
20221107,3,4812,65,40.95,1
20221108,3,8319,102,64.3,2
20221109,3,1511,19,11.03,0
20221110,3,11074,148,101.0,4
20221111,3,21641,257,151.09,5
20221112,3,15947,208,116.87,4
20221113,3,11306,150,85.97,3
20221114,3,6849,88,60.15,2
20221115,3,19579,257,141.17,5
20221116,3,4799,62,35.07,1
20221117,3,1613,20,14.9,0
20221118,3,9672,116,74.98,2
20221119,3,8593,110,62.33,2
20221120,3,7904,110,60.87,2
20221121,3,1754,24,12.84,0
20221122,3,8332,105,63.77,2
20221123,3,4211,53,33.99,1
20221124,3,5268,66,44.99,1
20221125,3,5588,70,36.02,1
20221126,3,11007,144,78.06,3
20221127,3,20438,280,167.18,6
20221128,3,6655,98,74.08,2
20221129,3,17008,208,134.65,4
20221130,3,7482,100,62.11,2
20221201,3,12202,162,88.47,3
20221202,3,5160,65,33.17,1
20221203,3,10513,127,76.77,3
20221204,3,4747,62,37.13,1
20221205,3,6787,99,58.47,2
20221206,3,843,11,6.18,0
20221207,3,5388,66,37.47,1
20221208,3,4796,61,33.9,1
20221209,3,4337,52,35.01,1
20221210,3,4047,52,29.56,1
20221211,3,9572,128,75.55,3
20221212,3,4386,54,32.81,1
20221213,3,9380,99,63.7,2
20221214,3,690,9,5.23,0
20221215,3,8998,112,73.18,2
20221216,3,11336,139,80.42,3
20221217,3,3836,47,28.41,1
20221218,3,11953,157,108.86,3
20221219,3,10151,127,71.56,3
20221220,3,9074,123,79.28,2
20221221,3,4200,57,37.47,1
20221222,3,4441,56,34.79,1
20221223,3,7971,99,59.77,2
20221224,3,4105,53,37.98,1
20221225,3,12677,161,97.74,3
20221226,3,4423,51,31.86,1
20221227,3,7169,103,61.24,2
20221228,3,1197,16,9.56,0
20221229,3,1204,15,9.76,0
20221230,3,20153,230,137.27,5
20221231,3,1263,16,8.35,0
20230101,3,13273,164,104.19,3
20230102,3,7607,97,54.4,2
20230103,3,11389,128,82.98,3
20230104,3,4342,54,33.08,1
20230105,3,7771,97,64.22,2
20230106,3,4666,59,33.47,1
20230107,3,10626,134,78.34,3
20230108,3,4989,64,38.35,1
20230109,3,7638,107,58.16,2
20230110,3,9358,116,77.71,2
20230111,3,12889,156,83.77,3
20230112,3,868,10,6.49,0
20230113,3,7261,90,56.88,2
20230114,3,9108,107,64.62,2
20230115,3,18397,249,156.69,4
20230116,3,12675,161,101.02,3
20230117,3,4218,57,33.73,1
20230118,3,4446,62,39.0,1
20230119,3,660,8,4.98,0
20230120,3,11675,146,82.86,3
20230121,3,868,12,7.64,0
20230122,3,7590,98,49.04,2
20230123,3,7669,101,53.47,2
20230124,3,4124,56,36.09,1
20230125,3,594,8,4.61,0
20230126,3,1300,17,9.92,0
20230127,3,9299,129,79.18,2
20230128,3,4251,54,32.44,1
20230129,3,1444,19,10.73,0
20230130,3,4676,59,31.75,1
20230131,3,8410,114,60.06,2
20230201,3,4090,50,32.72,1
20230202,3,12497,144,86.12,3
20230203,3,7091,94,62.98,2
20230204,3,12430,149,88.91,3
20230205,3,1007,12,7.75,0
20230206,3,7348,101,61.76,2
20230207,3,741,10,6.34,0
20230208,3,9536,119,74.0,2
20230209,3,6033,64,38.11,1
20230210,3,13918,183,102.9,5
20230211,3,4906,65,42.8,1
20230212,3,7691,101,71.05,2
20230213,3,4353,57,40.45,1
20230214,3,7149,90,53.08,2
20230215,3,9504,118,69.06,2
20230216,3,4955,59,34.83,1
20230217,3,5163,63,38.33,1
20230218,3,4626,60,37.23,1
20230219,3,5470,71,40.85,1
20230220,3,28721,383,211.26,8
20230221,3,5647,66,41.43,1
20230222,3,1998,23,10.99,0
20230223,3,17865,222,137.04,5
20230224,3,1338,16,9.32,0
20230225,3,7781,100,66.1,2
20230226,3,12003,141,95.5,3
20230227,3,3739,51,34.66,1
20230228,3,10584,128,77.42,3
20230301,3,4722,66,37.67,1
20230302,3,3967,52,30.43,1
20230303,3,14261,170,108.19,3
20230304,3,8681,125,68.29,2
20230305,3,12325,159,110.96,4
20230306,3,4913,63,38.07,1
20230307,3,8463,107,69.52,2
20230308,3,1073,14,7.5,0
20230309,3,9392,123,71.32,2
20230310,3,4815,58,31.17,1
20230311,3,4311,54,36.81,1
20230312,3,12056,154,94.79,3
20230313,3,4492,59,38.53,1
20230314,3,4412,58,36.33,1
20230315,3,13275,170,110.73,4
20230316,3,1467,18,11.02,0
20230317,3,9160,112,69.29,2
20230318,3,8135,96,59.76,2
20230319,3,4950,65,41.91,1
20230320,3,9008,110,71.35,2
20230321,3,719,9,7.41,0
20230322,3,10817,139,99.86,3
20230323,3,4972,63,34.12,1
20230324,3,4897,62,38.26,1
20230325,3,7087,85,51.95,2
20230326,3,18029,232,161.74,5
20230327,3,11831,147,90.27,3
20230328,3,15485,195,127.04,4
20230329,3,7592,103,53.96,2
20230330,3,5443,71,39.84,1
20230331,3,4498,55,41.06,1
20230401,3,4227,53,33.44,1
20230402,3,1005,14,8.04,0
20230403,3,11677,145,93.15,3
20230404,3,8835,112,64.67,2
20230405,3,8131,107,65.99,2
20230406,3,5621,72,40.2,1
20230407,3,8898,110,65.12,2
20230408,3,9265,112,68.5,2
20230409,3,9184,116,79.95,2
20230410,3,7759,102,66.92,2
20230411,3,804,11,7.42,0
20230412,3,22644,262,165.38,4
20230413,3,1353,19,12.98,0
20230414,3,7733,96,56.74,2
20230415,3,7716,103,61.25,2
20230416,3,13079,158,103.63,3
20230417,3,10120,116,71.63,2
20230418,3,16284,190,120.12,4
20230419,3,10991,136,84.88,2
20230420,3,12362,161,113.16,3
20230421,3,4667,59,41.48,1
20230422,3,1931,24,14.71,0
20230423,3,12453,168,92.34,3
20230424,3,10859,137,82.19,3
20230425,3,13488,173,102.23,3
20230426,3,26910,409,277.72,6
20230427,3,11822,149,101.66,3
20230428,3,23073,279,163.12,6
20230429,3,5087,66,39.61,1
20230430,3,5087,67,37.67,1
20230501,3,8962,115,73.99,2
20230502,3,12971,165,104.47,3
20230503,3,4793,66,44.96,1
20230504,3,7902,108,71.32,2
20230505,3,8714,109,73.23,2
20230506,3,10646,129,72.82,2
20230507,3,13853,179,108.4,3
20230508,3,9661,117,80.44,2
20230509,3,10846,144,88.11,2
20230510,3,28035,362,203.11,6
20230511,3,4738,70,47.86,1
20230512,3,1600,22,13.32,0
20230513,3,5342,63,44.01,1
20230514,3,11151,136,86.71,2
20230515,3,4993,56,34.91,1
20230516,3,20607,228,162.41,4
20230517,3,9951,126,72.66,2
20230518,3,10251,120,86.18,2
20230519,3,9586,133,80.77,3
20230520,3,4601,62,40.02,1
20230521,3,13747,170,110.2,3
20230522,3,974,12,7.38,0
20230523,3,8444,116,70.08,2
20230524,3,16731,233,145.35,4
20230525,3,9091,108,63.73,2
20230526,3,13320,157,118.22,3
20230527,3,4297,53,32.67,1
20230528,3,7449,96,67.98,2
20230529,3,5174,63,44.12,1
20230530,3,5969,77,51.05,1
20230531,3,5102,72,45.47,1
20230601,3,1040,12,7.53,0
20230602,3,4992,61,41.28,1
20230603,3,21911,253,164.0,5
20230604,3,21873,261,148.48,5
20230605,3,1542,19,10.56,0
20230606,3,8411,101,73.69,2
20230607,3,5255,68,35.29,1
20230608,3,6638,84,55.25,2
20230609,3,8695,111,70.16,2
20230610,3,812,10,6.55,0
20230611,3,16889,209,123.03,4
20230612,3,20044,246,163.01,5
20230613,3,7533,93,61.22,2
20230614,3,7549,97,77.9,2
20230615,3,11914,133,86.88,2
20230616,3,4551,58,41.81,1
20230617,3,5467,65,37.11,1
20230618,3,13364,164,114.85,3
20230619,3,1228,14,9.1,0
20230620,3,14118,173,114.53,4
20230621,3,7620,97,64.14,2
20230622,3,8628,111,82.52,2
20230623,3,10982,128,84.56,2
20230624,3,22067,283,172.46,6
20230625,3,4702,63,39.1,1
20230626,3,5681,69,48.11,1
20230627,3,5276,66,44.33,1
20230628,3,14483,160,91.94,3
20230629,3,29703,352,238.3,6
20230630,3,1259,16,9.5,0
20230701,3,11103,147,99.09,3
20230702,3,17911,216,131.5,4
20230703,3,4772,70,44.56,1
20230704,3,7852,100,62.0,2
20230705,3,14339,166,122.14,3
20230706,3,4742,64,43.25,1
20230707,3,6300,73,52.32,1
20230708,3,22685,289,237.54,6
20230709,3,8635,102,66.77,2
20230710,3,4604,53,38.85,1
20230711,3,4158,55,33.99,1
20230712,3,5044,62,44.91,1
20230713,3,7945,110,66.98,2
20230714,3,19418,228,148.46,4
20230715,3,29125,331,225.4,6
20230716,3,9238,112,77.61,2
20230717,3,7346,109,64.34,2
20230718,3,4651,61,36.92,1
20230719,3,10237,132,90.42,3
20230720,3,5651,73,46.15,1
20230721,3,1073,13,7.84,0
20230722,3,15661,230,149.51,5
20230723,3,11160,143,93.02,3
20230724,3,5180,66,44.09,1
20230725,3,4311,57,38.71,1
20230726,3,5803,67,45.77,1
20230727,3,5753,68,41.61,1
20230728,3,5458,67,42.3,1
20230729,3,4766,63,44.66,1
20230730,3,9721,112,70.44,2
20230731,3,9191,114,72.5,2
20230801,3,5367,66,38.28,1
20230802,3,13418,152,99.69,3
20230803,3,4141,50,33.56,1
20230804,3,4511,58,32.64,1
20230805,3,18533,211,127.31,4
20230806,3,9304,126,73.82,2
20230807,3,1329,17,11.66,0
20230808,3,1890,24,13.46,0
20230809,3,8598,107,69.85,2
20230810,3,16055,187,130.42,3
20230811,3,22325,267,178.33,5
20230812,3,5116,65,41.06,1
20230813,3,9619,115,77.78,2
20230814,3,14795,186,133.27,3
20230815,3,9596,113,73.7,2
20230816,3,9790,125,68.72,2
20230817,3,20119,258,186.57,5
20230818,3,14466,163,111.04,3
20230819,3,13390,167,110.1,3
20230820,3,34578,392,221.0,8
20230821,3,2431,27,17.18,0
20230822,3,19612,235,145.02,5
20230823,3,8853,130,78.27,2
20230824,3,9766,127,82.96,2
20230825,3,23345,315,199.6,5
20230826,3,8468,109,69.73,2
20230827,3,8676,109,76.61,2
20230828,3,5270,69,46.65,1
20230829,3,16166,193,122.95,3
20230830,3,10894,139,87.95,2
20230831,3,9392,125,79.94,2
20230901,3,19487,252,164.19,4
20230902,3,5539,74,51.34,1
20230903,3,16276,204,124.69,4
20230904,3,9767,134,100.12,2
20230905,3,36111,442,307.62,9
20230906,3,5614,79,42.0,1
20230907,3,4523,58,38.5,1
20230908,3,9829,119,86.09,2
20230909,3,10397,120,82.47,2
20230910,3,16017,189,121.37,3
20230911,3,10435,122,80.47,2
20230912,3,4871,60,40.81,1
20230913,3,10462,120,84.77,2
20230914,3,16072,215,127.73,4
20230915,3,14045,175,111.32,3
20230916,3,11506,143,108.52,3
20230917,3,11440,132,88.35,2
20230918,3,5078,60,45.36,1
20230919,3,19671,213,180.78,4
20230920,3,11812,161,103.09,3
20230921,3,9684,110,66.82,2
20230922,3,17529,200,130.84,4
20230923,3,5573,75,54.4,1
20230924,3,11301,143,105.36,3
20230925,3,4176,52,41.84,1
20230926,3,5549,70,46.97,1
20230927,3,8406,110,76.7,2
20230928,3,9895,123,77.95,2
20230929,3,23087,260,142.55,5
20230930,3,4881,63,41.82,1
20231001,3,14209,180,109.94,3
20231002,3,8454,112,79.16,2
20231003,3,6372,73,41.91,1
20231004,3,18616,220,138.92,4
20231005,3,4668,59,40.27,1
20231006,3,17491,204,140.67,4
20231007,3,22395,240,160.36,4
20231008,3,5045,63,48.78,1
20231009,3,5146,67,51.24,1
20231010,3,5963,73,46.12,1
20231011,3,8316,106,81.32,2
20231012,3,4432,56,43.11,1
20231013,3,37766,466,309.96,8
20231014,3,5148,64,42.96,1
20231015,3,15784,211,141.38,4
20231016,3,6275,73,46.48,1
20231017,3,21689,280,180.74,5
20231018,3,6881,79,59.26,1
20231019,3,10555,124,86.73,2
20231020,3,8990,119,76.5,2
20231021,3,6110,70,43.7,1
20231022,3,18946,230,145.77,4
20231023,3,3806,54,35.94,1
20231024,3,8477,111,80.45,2
20231025,3,10103,119,75.28,2
20231026,3,9749,116,84.53,2
20231027,3,2627,32,21.66,0
20231028,3,8186,109,74.29,2
20231029,3,9148,106,78.07,2
20231030,3,24688,285,206.28,5
20231031,3,11293,145,87.49,3
20231101,3,17716,197,121.99,4
20231102,3,13483,157,104.56,3
20231103,3,1635,20,14.27,0
20231104,3,22004,270,204.33,5
20231105,3,6445,73,50.04,1
20231106,3,20469,257,199.97,6
20231107,3,2676,34,21.76,0
20231108,3,19983,236,153.12,4
20231109,3,23279,316,209.25,6
20231110,3,19221,241,153.42,4
20231111,3,20925,242,180.07,5
20231112,3,22236,301,163.51,5
20231113,3,11428,136,88.76,2
20231114,3,17081,212,157.97,4
20231115,3,22811,272,180.59,6
20231116,3,26287,335,247.89,7
20231117,3,12915,154,124.57,3
20231118,3,13872,166,113.96,3
20231119,3,22627,275,205.35,5
20231120,3,12600,150,123.84,3
20231121,3,9937,130,91.21,2
20231122,3,12045,137,93.13,2
20231123,3,9398,115,84.06,2
20231124,3,18169,224,167.72,4
20231125,3,13723,167,113.63,3
20231126,3,5696,74,48.61,1
20231127,3,9018,101,78.84,2
20231128,3,33673,427,285.33,9
20231129,3,11431,130,97.49,2
20231130,3,30040,357,248.95,7
20231201,3,10797,122,96.59,2
20231202,3,10826,130,82.76,2
20231203,3,19442,230,146.86,4
20231204,3,15691,212,155.21,4
20231205,3,6440,80,50.07,1
20231206,3,6364,80,55.09,1
20231207,3,9691,111,85.95,2
20231208,3,15943,204,121.35,4
20231209,3,15479,209,147.68,4
20231210,3,15669,202,152.46,4
20231211,3,18482,209,142.84,4
20231212,3,6977,83,52.52,1
20231213,3,10153,125,83.67,2
20231214,3,2286,27,17.27,0
20231215,3,16298,232,160.15,5
20231216,3,20290,241,161.72,4
20231217,3,11564,141,92.99,2
20231218,3,7294,86,60.97,1
20231219,3,13476,167,130.03,4
20231220,3,16269,216,152.15,4
20231221,3,14550,179,137.24,3
20231222,3,6138,74,57.59,1
20231223,3,26981,309,202.6,6
20231224,3,15306,201,141.37,4
20231225,3,13794,167,111.33,3
20231226,3,10933,132,80.44,2
20231227,3,20453,217,153.94,4
20231228,3,18574,225,142.52,4
20231229,3,6043,72,51.28,1
20231230,3,11063,121,73.89,2
20231231,3,5175,67,47.13,1
20240101,3,9226,109,66.55,2
20240102,3,25681,351,255.91,7
20240103,3,2109,28,18.91,0
20240104,3,1113,13,8.64,0
20240105,3,4759,63,47.9,1
20240106,3,7968,107,71.99,2
20240107,3,17221,203,141.45,4
20240108,3,19204,220,149.77,4
20240109,3,18210,195,140.27,3
20240110,3,1043,13,9.89,0
20240111,3,5047,58,42.85,1
20240112,3,12654,158,105.58,3
20240113,3,12997,153,117.07,2
20240114,3,13423,156,100.72,3
20240115,3,5776,68,44.11,1
20240116,3,6038,68,46.83,1
20240117,3,12064,142,106.74,3
20240118,3,5753,67,42.2,1
20240119,3,19983,243,181.24,5
20240120,3,5798,71,49.19,1
20240121,3,2016,23,15.37,0
20240122,3,4771,62,47.22,1
20240123,3,5644,68,44.1,1
20240124,3,8941,119,99.23,2
20240125,3,5025,62,42.58,1
20240126,3,12695,155,109.19,3
20240127,3,20247,239,187.79,5
20240128,3,8722,110,77.88,2
20240129,3,5502,67,51.44,1
20240130,3,14068,180,107.19,3
20240131,3,12109,162,108.97,3
20240201,3,13499,157,112.63,3
20240202,3,11823,149,113.33,3
20240203,3,1828,23,17.13,0
20240204,3,13299,166,121.97,3
20240205,3,14707,174,132.05,3
20240206,3,15536,184,133.3,3
20240207,3,1792,21,12.23,0
20240208,3,11020,129,100.96,2
20240209,3,13519,156,102.09,2
20240210,3,10200,123,88.19,2
20240211,3,13629,158,112.29,3
20240212,3,1205,15,10.59,0
20240213,3,6327,77,49.0,1
20240214,3,15753,193,115.34,3
20240215,3,9138,109,70.23,2
20240216,3,16345,199,148.92,4
20240217,3,5693,68,42.2,1
20240218,3,20627,262,171.25,4
20240219,3,11015,130,94.34,2
20240220,3,17509,217,140.04,4
20240221,3,19727,221,148.48,4
20240222,3,9175,116,81.7,2
20240223,3,14172,166,118.95,3
20240224,3,11163,128,82.71,2
20240225,3,18391,208,147.57,4
20240226,3,6930,78,56.32,1
20240227,3,16749,197,124.76,3
20240228,3,12685,168,120.24,3
20240229,3,21469,250,166.08,5
20240301,3,11133,118,83.82,2
20240302,3,17060,211,157.49,4
20240303,3,20768,235,163.12,4
20240304,3,17319,220,166.37,4
20240305,3,6868,81,60.51,1
20240306,3,9331,111,83.72,2
20240307,3,4849,63,45.52,1
20240308,3,2152,27,20.7,0
20240309,3,15601,175,127.01,4
20240310,3,18117,205,126.39,3
20240311,3,14919,162,107.09,3
20240312,3,6300,89,61.73,1
20240313,3,32165,369,258.57,7
20240314,3,26624,345,250.75,7
20240315,3,10685,125,83.04,2
20240316,3,17934,203,168.76,4
20240317,3,5459,66,46.28,1
20240318,3,16893,200,141.08,3
20240319,3,15868,201,134.71,4
20240320,3,13570,172,112.25,3
20240321,3,16139,188,131.71,3
20240322,3,11655,129,91.46,2
20240323,3,14694,165,116.29,3
20240324,3,12643,133,107.6,2
20240325,3,2107,25,17.43,0
20240326,3,1908,23,15.91,0
20240327,3,12878,145,110.0,3
20240328,3,9842,110,76.99,2
20240329,3,10130,122,90.29,2
20240330,3,6893,80,50.99,1
20240331,3,19497,232,148.48,4
20240401,3,14931,176,126.4,3
20240402,3,16926,207,144.55,4
20240403,3,20437,238,158.4,4
20240404,3,18124,212,152.45,4
20240405,3,12828,138,99.45,2
20240406,3,12910,155,104.32,3
20240407,3,1074,13,9.09,0
20240408,3,16707,199,144.22,4
20240409,3,9185,124,81.47,2
20240410,3,14563,177,120.28,3
20240411,3,5117,61,45.29,1
20240412,3,19358,240,170.61,4
20240413,3,23358,319,218.68,5
20240414,3,24810,303,200.83,5
20240415,3,2470,26,17.32,0
20240416,3,28035,346,243.89,7
20240417,3,7101,81,68.14,1
20240418,3,12789,137,102.52,2
20240419,3,6011,80,51.33,1
20240420,3,8069,106,80.19,2
20240421,3,16253,185,124.62,3
20240422,3,10979,125,89.27,2
20240423,3,8986,109,74.15,2
20240424,3,12202,139,116.8,3
20240425,3,20732,247,161.35,4
20240426,3,16339,188,137.73,3
20240427,3,15611,183,124.3,3
20240428,3,9968,110,83.87,2
20240429,3,9512,120,88.31,2
20240430,3,16587,214,169.53,4
20240501,3,10479,125,94.61,2
20240502,3,10356,124,84.02,2
20240503,3,21028,262,237.59,5
20240504,3,13419,161,120.35,3
20240505,3,10972,146,100.12,2
20240506,3,10738,119,86.72,2
20240507,3,6336,80,60.17,1
20240508,3,22254,265,199.41,5
20240509,3,6156,69,51.58,1
20240510,3,2260,31,23.94,0
20240511,3,9618,133,102.44,2
20240512,3,28561,338,227.26,6
20240513,3,14140,174,147.92,3
20240514,3,12107,141,118.96,3
20240515,3,12333,145,111.07,2
20240516,3,6166,69,49.99,1
20240517,3,29578,328,237.05,6
20240518,3,9496,127,89.09,2
20240519,3,6698,80,56.47,1
20240520,3,20489,246,148.84,4
20240521,3,5702,65,52.57,1
20240522,3,6610,80,63.33,1
20240523,3,31465,344,217.09,6
20240524,3,21540,246,190.92,4
20240525,3,21023,234,169.09,4
20240526,3,20968,271,192.49,4
20240527,3,32410,351,263.38,6
20240528,3,7451,83,52.36,1
20240529,3,14755,156,112.39,3
20240530,3,22415,254,185.12,6
20240531,3,29243,340,247.41,6
20240601,3,7181,91,58.94,1
20240602,3,23154,273,204.43,5
20240603,3,9094,106,83.43,2
20240604,3,12333,150,112.11,3
20240605,3,6363,74,52.59,1
20240606,3,5797,80,72.23,1
20240607,3,14057,162,108.95,3
20240608,3,17894,219,168.53,4
20240609,3,9168,115,84.91,2
20240610,3,14957,172,146.46,3
20240611,3,9541,115,85.78,2
20240612,3,9932,115,87.74,2
20240613,3,15419,187,141.68,3
20240614,3,6833,82,54.86,1
20240615,3,17840,211,143.13,4
20240616,3,11324,126,89.81,2
20240617,3,12374,165,129.38,3
20240618,3,9393,116,85.56,2
20240619,3,15595,169,120.96,3
20240620,3,13595,158,128.19,3
20240621,3,31992,347,215.51,6
20240622,3,18199,227,148.66,4
20240623,3,35635,424,253.08,6
20240624,3,9484,113,90.56,2
20240625,3,10156,115,83.48,2
20240626,3,5734,67,52.41,1
20240627,3,14579,182,131.78,3
20240628,3,19630,249,197.26,5
20240629,3,14053,176,127.06,3
20240630,3,33290,361,271.88,6
20240701,3,13086,154,114.56,3
20240702,3,11257,136,101.64,2
20240703,3,13264,151,125.99,2
20240704,3,15043,162,103.74,3
20240705,3,18346,202,146.6,3
20240706,3,7608,99,73.51,1
20240707,3,24841,275,202.06,5
20240708,3,11490,137,97.2,2
20240709,3,9510,112,78.28,2
20240710,3,6368,75,61.96,1
20240711,3,14839,173,126.29,3
20240712,3,17417,217,193.39,4
20240713,3,24944,297,227.11,6
20240714,3,7604,87,62.01,1
20240715,3,27865,332,254.4,6
20240716,3,17091,188,138.7,3
20240717,3,9085,111,90.48,2
20240718,3,6756,77,51.2,1
20240719,3,11106,127,80.45,2
20240720,3,28266,346,261.53,6
20240721,3,9153,106,83.35,2
20240722,3,13512,157,118.34,2
20240723,3,13437,171,132.88,3
20240724,3,18320,205,156.88,4
20240725,3,14892,182,119.16,3
20240726,3,15054,189,142.27,4
20240727,3,5032,64,52.29,1
20240728,3,19540,264,197.29,5
20240729,3,7627,87,57.86,1
20240730,3,21152,238,170.45,4
20240731,3,5543,69,53.24,1
20240801,3,18744,235,199.81,4
20240802,3,21329,241,151.67,4
20240803,3,30501,372,282.04,6
20240804,3,10037,140,96.05,2
20240805,3,13173,157,120.81,2
20240806,3,24688,309,238.96,5
20240807,3,12755,166,120.0,2
20240808,3,12284,169,131.44,3
20240809,3,20395,245,198.55,5
20240810,3,22023,281,204.81,5
20240811,3,15771,178,118.4,3
20240812,3,14009,166,137.56,3
20240813,3,32038,369,291.26,7
20240814,3,17040,180,139.51,3
20240815,3,7075,76,53.2,1
20240816,3,11125,135,108.02,2
20240817,3,19346,235,204.9,4
20240818,3,56818,631,462.37,12
20240819,3,9863,128,95.32,2
20240820,3,4251,47,31.65,0
20240821,3,13582,163,113.96,3
20240822,3,6768,78,53.08,1
20240823,3,15139,180,135.22,3
20240824,3,47568,593,427.92,10
20240825,3,25001,309,236.46,5
20240826,3,7061,87,59.83,1
20240827,3,16196,198,145.23,3
20240828,3,12343,135,93.06,2
20240829,3,11159,141,106.0,2
20240830,3,32597,361,235.64,5
20240831,3,26693,313,235.84,6
20240901,3,16706,193,140.32,3
20240902,3,14111,170,128.54,3
20240903,3,28453,326,212.61,6
20240904,3,19517,228,178.7,4
20240905,3,14467,188,136.55,3
20240906,3,14208,155,117.15,2
20240907,3,27063,319,204.88,6
20240908,3,11610,128,86.27,2
20240909,3,27867,342,247.12,5
20240910,3,10992,124,103.52,2
20240911,3,18036,213,165.47,4
20240912,3,18105,197,148.49,4
20240913,3,11471,146,101.11,3
20240914,3,11497,136,92.84,2
20240915,3,23666,281,214.81,5
20240916,3,8970,111,88.0,2
20240917,3,13643,149,113.51,2
20240918,3,18159,206,176.65,3
20240919,3,15391,183,129.6,3
20240920,3,19647,208,157.57,4
20240921,3,14361,153,100.1,2
20240922,3,16341,183,139.44,3
20240923,3,24762,272,228.93,5
20240924,3,2344,27,18.75,0
20240925,3,16730,203,162.4,3
20240926,3,18213,224,188.68,4
20240927,3,26938,353,250.03,6
20240928,3,17293,203,158.04,4
20240929,3,9863,117,99.89,2
20240930,3,15426,181,138.52,3
20241001,3,12774,153,122.25,3
20241002,3,22772,274,178.17,5
20241003,3,27307,339,267.22,5
20241004,3,14908,185,144.94,3
20241005,3,32605,395,266.53,8
20241006,3,14936,192,133.65,3
20241007,3,20070,236,186.16,4
20241008,3,7424,84,61.26,1
20241009,3,11904,136,111.92,2
20241010,3,12950,151,116.58,2
20241011,3,7367,81,61.15,1
20241012,3,21755,246,182.29,4
20241013,3,10589,116,89.12,2
20241014,3,19544,234,188.05,4
20241015,3,11604,139,109.53,2
20241016,3,9010,95,68.97,1
20241017,3,43825,494,411.1,8
20241018,3,19116,250,198.76,4
20241019,3,30481,371,288.81,7
20241020,3,21259,256,194.8,4
20241021,3,2842,32,24.99,0
20241022,3,16780,200,130.58,4
20241023,3,17431,204,157.23,3
20241024,3,1881,21,18.22,0
20241025,3,30787,350,269.32,6
20241026,3,27587,314,238.96,5
20241027,3,30916,331,238.7,5
20241028,3,17851,193,151.66,3
20241029,3,22310,258,191.87,4
20241030,3,11689,130,109.1,2
20241031,3,18797,216,152.33,4
20241101,3,29085,309,225.65,5
20241102,3,44487,546,393.99,11
20241103,3,16075,213,186.92,3
20241104,3,28061,349,260.45,5
20241105,3,23736,297,215.37,5
20241106,3,19443,236,151.17,4
20241107,3,14988,178,125.37,3
20241108,3,23834,280,221.9,5
20241109,3,25403,281,222.4,5
20241110,3,40648,495,356.31,9
20241111,3,18215,221,159.92,4
20241112,3,13468,153,134.82,2
20241113,3,24392,294,277.05,5
20241114,3,18748,210,174.82,4
20241115,3,12720,143,123.08,2
20241116,3,26493,324,283.39,6
20241117,3,26549,318,289.03,6
20241118,3,19375,223,165.78,3
20241119,3,28701,328,232.7,5
20241120,3,28667,338,297.62,5
20241121,3,32921,344,242.41,6
20241122,3,25122,280,196.37,4
20241123,3,27197,294,206.76,5
20241124,3,51246,598,450.48,10
20241125,3,30130,375,243.78,5
20241126,3,8169,98,66.52,1
20241127,3,44145,499,361.98,7
20241128,3,18889,211,145.95,3
20241129,3,41752,465,385.87,7
20241130,3,23751,312,238.03,5
20241201,3,16073,188,149.96,3
20241202,3,3563,42,33.44,0
20241203,3,23391,240,180.45,3
20241204,3,15303,166,136.89,2
20241205,3,25319,294,233.17,4
20241206,3,9736,110,82.34,1
20241207,3,22757,267,178.58,4
20241208,3,12455,146,116.2,2
20241209,3,29512,356,246.39,5
20241210,3,22596,235,185.57,4
20241211,3,19382,211,162.72,3
20241212,3,15049,174,119.31,2
20241213,3,41121,460,359.85,8
20241214,3,26109,298,232.01,5
20241215,3,31788,372,289.99,6
20241216,3,24648,274,212.95,4
20241217,3,26876,316,229.91,5
20241218,3,31648,380,305.59,6
20241219,3,16545,193,140.23,3
20241220,3,22916,278,196.01,5
20241221,3,18928,193,156.41,3
20241222,3,27645,310,256.89,5
20241223,3,15181,186,149.83,3
20241224,3,2993,33,25.07,0
20241225,3,36493,399,262.38,8
20241226,3,34373,396,343.07,6
20241227,3,21821,253,166.49,3
20241228,3,45647,513,413.78,10
20241229,3,11651,151,137.29,2
20241230,3,16945,200,155.64,3
20241231,3,12650,139,109.85,2
20250101,3,23499,250,198.31,5
20250102,3,6144,73,57.17,1
20250103,3,19876,218,202.35,4
20250104,3,17511,231,166.23,4
20250105,3,16059,191,136.27,3
20250106,3,15935,191,143.7,3
20250107,3,17683,208,184.22,4
20250108,3,16138,200,147.03,3
20250109,3,17042,171,136.44,3
20250110,3,3155,34,28.2,0
20250111,3,16067,198,162.73,3
20250112,3,28805,365,305.53,6
20250113,3,16091,173,149.52,3
20250114,3,3372,35,27.68,0
20250115,3,25230,295,219.59,5
20250116,3,21652,258,202.08,4
20250117,3,14133,165,124.13,3
20250118,3,2342,27,25.8,0
20250119,3,17484,181,134.46,3
20250120,3,3095,35,27.93,0
20250121,3,9991,114,78.15,2
20250122,3,13048,146,114.02,3
20250123,3,27851,287,217.58,5
20250124,3,12945,155,126.83,2
20250125,3,30554,372,305.49,6
20250126,3,28587,315,273.41,5
20250127,3,1925,22,19.27,0
20250128,3,15159,170,130.95,2
20250129,3,20054,225,161.99,4
20250130,3,18239,217,157.94,3
20250131,3,11416,136,107.98,2
20250201,3,9581,118,92.75,2
20250202,3,7399,91,72.11,1
20250203,3,11640,133,99.29,2
20250204,3,10593,145,126.88,2
20250205,3,1737,22,14.99,0
20250206,3,14064,156,116.03,2
20250207,3,26493,308,219.63,5
20250208,3,37011,379,290.19,7
20250209,3,34882,403,346.86,7
20250210,3,17018,217,164.93,3
20250211,3,12550,171,133.96,3
20250212,3,66925,766,629.95,12
20250213,3,24911,293,222.63,5
20250214,3,15980,191,153.64,3
20250215,3,14486,188,149.71,3
20250216,3,14821,161,114.75,3
20250217,3,13914,188,141.34,3
20250218,3,17341,196,157.18,3
20250219,3,3632,39,33.86,0
20250220,3,36105,408,352.99,7
20250221,3,23248,255,235.86,4
20250222,3,25580,302,245.25,5
20250223,3,14197,148,112.26,2
20250224,3,25242,293,228.11,5
20250225,3,21961,263,203.76,4
20250226,3,9223,116,88.23,1
20250227,3,18191,218,176.23,4
20250228,3,20356,255,206.59,4
20250301,3,13615,151,107.72,2
20250302,3,22845,269,229.5,4
20250303,3,11334,114,77.02,1
20250304,3,17691,202,155.2,3
20250305,3,32810,386,332.02,7
20250306,3,19701,233,191.99,4
20250307,3,35578,372,283.28,6
20250308,3,12651,142,130.7,2
20250309,3,19794,224,169.43,3
20250310,3,33498,375,250.84,7
20250311,3,18257,219,178.55,3
20250312,3,24085,273,185.77,4
20250313,3,40086,463,340.04,8
20250314,3,22785,254,209.86,4
20250315,3,19942,244,185.26,3
20250316,3,22785,280,230.8,4
20250317,3,8345,94,67.44,1
20250318,3,11900,162,136.47,2
20250319,3,5933,65,44.96,0
20250320,3,34880,425,371.88,7
20250321,3,26956,292,221.17,5
20250322,3,21563,259,230.18,4
20250323,3,16062,192,141.67,3
20250324,3,26325,284,261.13,5
20250325,3,39393,448,327.4,7
20250326,3,14743,189,128.88,3
20250327,3,21535,235,186.21,3
20250328,3,33229,390,339.47,6
20250329,3,42521,497,417.81,7
20250330,3,12167,139,120.59,2
20250331,3,26448,273,230.18,4
20250401,3,29416,354,261.55,6
20250402,3,36572,419,351.64,7
20250403,3,45377,555,442.28,9
20250404,3,26969,313,234.13,4
20250405,3,20630,237,189.89,3
20250406,3,25639,300,236.07,5
20250407,3,1948,21,18.42,0
20250408,3,22532,283,214.91,4
20250409,3,16812,188,142.35,3
20250410,3,19929,223,167.33,3
20250411,3,11169,138,127.4,2
20250412,3,18788,218,163.71,3
20250413,3,7099,80,70.53,1
20250414,3,16814,197,143.81,3
20250415,3,14244,169,139.69,2
20250416,3,11371,129,104.17,2
20250417,3,9939,120,104.66,2
20250418,3,24282,257,222.88,4
20250419,3,18446,214,171.14,3
20250420,3,28879,346,263.19,6
20250421,3,6413,76,68.32,1
20250422,3,18037,180,136.18,3
20250423,3,14301,162,107.07,2
20250424,3,22901,243,166.81,4
20250425,3,19227,237,165.38,4
20250426,3,30238,337,281.16,5
20250427,3,17891,219,208.13,4
20250428,3,18203,193,130.74,3
20250429,3,10707,125,93.14,2
20250430,3,29891,341,273.45,5
20250501,3,21029,283,255.5,5
20250502,3,13323,163,121.79,2
20250503,3,33154,404,337.49,7
20250504,3,14995,193,150.91,3
20250505,3,46419,538,528.27,8
20250506,3,26137,296,239.0,4
20250507,3,8536,96,79.11,1
20250508,3,27893,324,260.23,5
20250509,3,25508,246,190.29,4
20250510,3,23358,266,228.88,4
20250511,3,17330,200,145.47,3
20250512,3,27578,311,211.55,5
20250513,3,29858,310,245.05,5
20250514,3,15251,172,146.57,2
20250515,3,28619,297,226.91,6
20250516,3,10590,134,108.81,2
20250517,3,14017,157,113.98,2
20250518,3,30550,307,267.7,5
20250519,3,12999,146,123.08,2
20250520,3,16670,200,160.23,3
20250521,3,21325,245,198.92,4
20250522,3,18773,202,144.74,3
20250523,3,20712,226,162.29,3
20250524,3,31694,354,280.72,6
20250525,3,32533,360,301.13,5
20250526,3,32469,342,286.92,6
20250527,3,25459,288,224.44,4
20250528,3,20032,210,178.69,3
20250529,3,17969,216,194.07,3
20250530,3,26927,326,260.03,5
20250531,3,26477,283,233.0,4
20250601,3,8002,87,68.65,1
20250602,3,29284,324,257.61,5
20250603,3,31169,353,287.66,6
20250604,3,33850,390,359.52,6
20250605,3,36268,423,366.22,7
20250606,3,32889,383,328.7,6
20250607,3,21931,273,211.68,4
20250608,3,24166,275,205.83,4
20250609,3,34526,362,300.32,6
20250610,3,35658,367,326.81,6
20250611,3,32474,406,374.99,7
20250612,3,23793,278,184.35,4
20250613,3,12204,140,137.11,2
20250614,3,39096,455,379.39,7
20250615,3,39872,456,395.39,7
20250616,3,16776,195,137.2,3
20250617,3,24924,276,218.42,4
20250618,3,14757,178,153.37,3
20250619,3,28078,308,226.02,5
20250620,3,10539,113,72.45,1
20250621,3,31588,323,268.04,5
20250622,3,8785,98,78.85,1
20250623,3,11140,136,123.3,2
20250624,3,8995,99,78.81,1
20250625,3,20744,216,173.84,3
20250626,3,12778,147,125.7,2
20250627,3,35129,382,335.28,6
20250628,3,15637,194,148.26,3
20250629,3,12192,147,128.02,2
20250630,3,24254,254,196.91,4
20250701,3,19046,213,173.05,3
20250702,3,25652,277,236.4,4
20250703,3,13760,145,125.92,2
20250704,3,32510,366,304.67,7
20250705,3,16775,199,148.26,3
20250706,3,20111,226,158.02,4
20250707,3,22016,241,192.49,4
20250708,3,27200,269,235.55,4
20250709,3,20008,217,182.46,3
20250710,3,18430,215,177.7,4
20250711,3,41205,429,348.26,6
20250712,3,26179,319,265.84,6
20250713,3,31488,343,257.64,5
20250714,3,10165,116,100.13,2
20250715,3,13350,147,128.18,2
20250716,3,18748,197,156.06,3
20250717,3,7429,86,72.34,1
20250718,3,30803,335,237.52,5
20250719,3,18840,202,167.11,3
20250720,3,23741,232,187.16,3
20250721,3,13707,167,150.52,2
20250722,3,13132,148,119.04,2
20250723,3,16448,198,172.82,3
20250724,3,24979,292,230.98,4
20250725,3,24015,289,195.98,4
20250726,3,19201,209,167.72,3
20250727,3,22376,232,192.38,3
20250728,3,33352,393,324.17,6
20250729,3,12254,139,114.82,2
20250730,3,26136,286,224.16,4
20250731,3,21591,254,202.04,5
20250801,3,12827,147,110.05,2
20250802,3,45261,529,368.0,9
20250803,3,30348,321,260.39,6
20250804,3,11321,135,103.71,2
20250805,3,18149,204,181.74,3
20250806,3,17337,208,142.55,3
20250807,3,29717,354,296.58,5
20250808,3,39707,465,450.65,7
20250809,3,15051,168,135.35,3
20250810,3,22007,258,211.42,4
20250811,3,21403,257,217.47,4
20250812,3,20604,240,204.29,3
20250813,3,21113,240,189.99,3
20250814,3,6998,82,61.86,1
20250815,3,14616,159,137.74,2
20250816,3,23673,291,204.82,4
20250817,3,54798,556,487.61,8
20250818,3,19386,218,173.54,3
20250819,3,12420,136,111.85,2
20250820,3,31495,340,267.22,5
20250821,3,35976,411,378.55,7
20250822,3,25851,271,227.44,3
20250823,3,4467,57,45.95,0
20250824,3,44688,462,368.99,6
20250825,3,17283,183,148.29,3
20250826,3,28593,301,299.93,5
20250827,3,19045,216,160.1,3
20250828,3,2519,30,27.32,0
20250829,3,24734,286,245.91,5
20250830,3,28520,349,324.61,6
20250831,3,44098,470,406.6,7
20250901,3,21287,248,204.46,3
20250902,3,14825,163,145.55,2
20250903,3,19207,218,183.05,3
20250904,3,27165,325,284.21,6
20250905,3,30756,311,287.3,5
20250906,3,51068,644,534.93,10
20250907,3,20105,223,177.54,4
20250908,3,25494,259,202.93,4
20250909,3,34202,367,313.59,5
20250910,3,15374,173,133.45,2
20250911,3,43349,465,373.55,8
20250912,3,33273,329,251.22,5
20250913,3,9427,106,91.1,1
20250914,3,10837,116,90.31,1
20250915,3,44832,521,388.8,7
20250916,3,32251,338,256.02,5
20250917,3,26258,336,265.27,5
20250918,3,32377,373,297.15,6
20250919,3,22385,253,213.94,4
20250920,3,31657,367,300.02,7
20250921,3,53846,539,459.82,8
20250922,3,14488,157,134.95,2
20250923,3,28334,352,308.92,5
20250924,3,15070,165,117.28,2
20250925,3,18979,211,159.56,3
20250926,3,21567,234,202.69,3
20250927,3,31443,383,322.84,7
20250928,3,10007,110,99.0,1
20250929,3,28514,295,216.59,5
20250930,3,19897,259,207.09,4
20251001,3,42175,433,350.86,6
20251002,3,24001,266,223.48,4
20251003,3,41331,438,365.1,5
20251004,3,37716,403,347.5,7
20251005,3,34046,356,292.92,5
20251006,3,37826,408,378.13,7
20251007,3,26825,317,301.27,5
20251008,3,19725,196,149.3,3
20251009,3,34800,418,349.14,7
20251010,3,21285,253,224.15,4
20251011,3,7841,90,78.08,1
20251012,3,17921,201,162.21,3
20251013,3,27394,310,263.79,4
20251014,3,12458,151,110.5,2
20251015,3,29541,296,246.27,4
20251016,3,20996,244,180.66,3
20251017,3,31120,331,287.0,4
20251018,3,3936,46,34.8,0
20251019,3,55700,597,504.19,7
20251020,3,17500,203,173.53,3
20251021,3,14906,151,126.85,2
20251022,3,26987,271,215.31,3
20251023,3,22920,253,207.62,4
20251024,3,28486,345,317.11,5
20251025,3,30505,350,282.29,5
20251026,3,13517,155,130.08,2
20251027,3,35656,417,333.36,7
20251028,3,27573,299,270.79,4
20251029,3,13197,152,127.92,2
20251030,3,43647,468,368.13,7
20251031,3,26714,291,243.22,4
20251101,3,53131,583,478.26,10
20251102,3,13408,144,135.12,2
20251103,3,13935,154,128.74,2
20251104,3,22333,244,182.91,4
20251105,3,21259,226,196.94,3
20251106,3,48285,531,513.67,7
20251107,3,20103,225,207.62,3
20251108,3,51739,537,412.22,11
20251109,3,52522,597,490.25,8
20251110,3,52508,565,472.5,9
20251111,3,42533,477,399.67,8
20251112,3,39072,416,360.15,7
20251113,3,53561,632,516.33,11
20251114,3,68535,804,627.47,14
20251115,3,42789,445,403.64,7
20251116,3,34038,389,298.92,5
20251117,3,32875,397,313.11,6
20251118,3,31936,334,256.17,4
20251119,3,44733,470,415.34,7
20251120,3,31470,364,308.8,6
20251121,3,47209,483,435.89,7
20251122,3,56251,594,469.17,11
20251123,3,37275,388,295.68,6
20251124,3,39159,453,368.36,7
20251125,3,36478,387,321.58,5
20251126,3,44157,480,411.52,9
20251127,3,42855,453,333.31,7
20251128,3,16888,200,174.88,2
20251129,3,56206,590,462.9,10
20251130,3,69122,702,562.11,11
20251201,3,29021,294,271.98,4
20251202,3,38204,440,311.46,7
20251203,3,36920,427,369.55,5
20251204,3,17138,204,176.43,2
20251205,3,32916,337,266.63,5
20251206,3,18092,197,160.62,3
20251207,3,23414,299,278.85,5
20251208,3,25555,277,274.06,4
20251209,3,29524,315,289.95,5
20251210,3,25588,282,277.49,5
20251211,3,46008,524,419.45,8
20251212,3,10373,118,88.15,1
20251213,3,52585,559,471.23,8
20251214,3,12773,136,122.32,2
20251215,3,27511,298,217.45,4
20251216,3,49279,520,408.86,8
20251217,3,38199,391,310.29,6
20251218,3,18398,226,196.73,3
20251219,3,34592,372,320.96,5
20251220,3,49402,533,424.64,8
20251221,3,48577,525,451.97,10
20251222,3,26638,292,225.86,5
20251223,3,10792,122,99.66,1
20251224,3,35206,377,289.3,5
20251225,3,22140,261,219.08,3
20251226,3,13584,155,123.59,2
20251227,3,47697,519,465.76,8
20251228,3,47760,505,428.39,9
20251229,3,13795,162,135.56,2
20251230,3,26158,285,278.56,5
20251231,3,53087,542,475.12,8
20210101,4,198,2,1.5,0
20210102,4,328,3,1.54,0
20210103,4,5161,52,27.13,1
20210104,4,5307,52,25.93,1
20210105,4,568,6,2.88,0
20210106,4,476,5,2.63,0
20210107,4,468,5,2.59,0
20210108,4,5831,59,37.09,1
20210109,4,6216,59,31.99,1
20210110,4,532,5,2.75,0
20210111,4,517,5,2.99,0
20210112,4,355,4,2.72,0
20210113,4,6604,65,34.37,1
20210114,4,5949,60,33.53,1
20210115,4,548,6,2.74,0
20210116,4,592,6,3.55,0
20210117,4,314,3,2.09,0
20210118,4,5943,62,34.96,1
20210119,4,5960,58,38.66,1
20210120,4,295,3,1.55,0
20210121,4,583,6,2.94,0
20210122,4,4953,48,27.6,1
20210123,4,892,9,4.2,0
20210124,4,12287,135,69.8,2
20210125,4,624,6,3.19,0
20210126,4,556,6,3.12,0
20210127,4,11317,109,59.87,2
20210128,4,720,8,5.16,0
20210129,4,739,7,3.93,0
20210130,4,11598,113,57.85,2
20210131,4,733,8,4.96,0
20210201,4,9134,100,43.83,2
20210202,4,573,6,3.11,0
20210203,4,535,5,2.93,0
20210204,4,6586,66,36.73,1
20210205,4,7120,71,40.9,1
20210206,4,12459,118,65.97,2
20210207,4,5868,61,35.39,1
20210208,4,736,7,3.53,0
20210209,4,759,7,3.44,0
20210210,4,12606,114,63.07,2
20210211,4,5432,60,30.64,1
20210212,4,12520,121,63.7,2
20210213,4,723,7,4.28,0
20210214,4,5659,53,33.25,1
20210215,4,370,4,2.23,0
20210216,4,872,8,4.54,0
20210217,4,540,5,2.73,0
20210218,4,6551,64,38.45,1
20210219,4,503,5,2.81,0
20210220,4,772,8,5.33,0
20210221,4,6065,58,29.91,1
20210222,4,732,8,4.85,0
20210223,4,836,8,4.13,0
20210224,4,534,5,2.65,0
20210225,4,537,5,2.51,0
20210226,4,10208,97,49.2,2
20210227,4,431,4,1.78,0
20210228,4,5571,58,33.26,1
20210301,4,5655,53,30.38,1
20210302,4,203,2,1.54,0
20210303,4,535,5,2.7,0
20210304,4,13589,126,74.9,2
20210305,4,14768,157,88.72,3
20210306,4,5387,59,34.8,1
20210307,4,373,4,1.99,0
20210308,4,6150,56,34.49,1
20210309,4,6318,58,29.68,1
20210310,4,714,8,3.7,0
20210311,4,613,6,3.66,0
20210312,4,983,9,4.15,0
20210313,4,471,5,2.89,0
20210314,4,401,4,2.27,0
20210315,4,583,6,3.19,0
20210316,4,575,5,3.59,0
20210317,4,6567,64,35.74,1
20210318,4,10362,109,59.93,2
20210319,4,627,6,3.55,0
20210320,4,6168,66,39.3,1
20210321,4,12091,111,68.44,2
20210322,4,608,6,2.78,0
20210323,4,274,3,1.91,0
20210324,4,755,7,3.97,0
20210325,4,594,6,3.0,0
20210326,4,5736,59,33.44,1
20210327,4,401,4,1.81,0
20210328,4,613,6,3.64,0
20210329,4,743,7,3.81,0
20210330,4,5176,52,28.15,1
20210331,4,405,4,2.34,0
20210401,4,659,6,3.31,0
20210402,4,377,4,2.57,0
20210403,4,426,4,2.25,0
20210404,4,6909,63,34.37,1
20210405,4,21934,210,116.36,4
20210406,4,6061,57,29.52,1
20210407,4,6654,65,37.34,1
20210408,4,326,3,1.84,0
20210409,4,9127,93,47.06,2
20210410,4,742,8,4.6,0
20210411,4,301,3,1.91,0
20210412,4,330,3,1.88,0
20210413,4,852,8,4.58,0
20210414,4,896,9,4.83,0
20210415,4,908,8,4.47,0
20210416,4,434,4,2.38,0
20210417,4,7016,63,35.69,1
20210418,4,1002,10,4.64,0
20210419,4,709,8,5.11,0
20210420,4,18175,167,101.57,3
20210421,4,5669,59,35.02,1
20210422,4,6472,62,28.27,1
20210423,4,655,6,3.54,0
20210424,4,9649,105,63.94,2
20210425,4,532,6,3.39,0
20210426,4,591,6,3.73,0
20210427,4,10274,104,63.41,2
20210428,4,805,8,4.83,0
20210429,4,5603,55,34.16,1
20210430,4,495,5,2.62,0
20210501,4,10280,106,60.71,2
20210502,4,5576,61,37.22,1
20210503,4,6045,58,31.73,1
20210504,4,802,8,3.91,0
20210505,4,914,9,4.98,0
20210506,4,5701,60,35.87,1
20210507,4,437,5,3.07,0
20210508,4,4362,46,27.84,1
20210509,4,11271,117,66.23,2
20210510,4,766,8,4.39,0
20210511,4,6089,65,35.23,1
20210512,4,525,6,3.69,0
20210513,4,7159,64,32.13,1
20210514,4,585,6,3.28,0
20210515,4,8027,68,48.85,1
20210516,4,5253,55,27.58,1
20210517,4,685,7,3.93,0
20210518,4,7002,67,39.05,1
20210519,4,5936,50,29.86,1
20210520,4,810,8,4.27,0
20210521,4,5590,56,32.97,1
20210522,4,17671,174,94.73,3
20210523,4,840,8,3.81,0
20210524,4,641,6,3.63,0
20210525,4,406,4,2.47,0
20210526,4,5628,53,28.1,1
20210527,4,579,6,3.14,0
20210528,4,814,8,4.23,0
20210529,4,1010,9,4.47,0
20210530,4,501,5,3.32,0
20210531,4,9382,95,57.77,2
20210601,4,643,7,4.06,0
20210602,4,766,8,4.31,0
20210603,4,10154,95,54.95,2
20210604,4,5114,55,32.09,1
20210605,4,17282,157,80.37,3
20210606,4,607,6,3.73,0
20210607,4,5519,57,29.66,1
20210608,4,464,5,2.89,0
20210609,4,362,4,2.02,0
20210610,4,469,5,2.56,0
20210611,4,511,5,2.7,0
20210612,4,10963,112,63.66,2
20210613,4,600,6,3.33,0
20210614,4,6346,60,31.79,1
20210615,4,408,4,2.43,0
20210616,4,273,3,2.03,0
20210617,4,5560,57,36.05,1
20210618,4,358,4,2.59,0
20210619,4,20020,185,101.24,4
20210620,4,5811,56,29.06,1
20210621,4,6628,67,33.76,1
20210622,4,679,7,3.94,0
20210623,4,715,7,4.04,0
20210624,4,9573,99,52.69,2
20210625,4,774,8,4.64,0
20210626,4,551,5,2.65,0
20210627,4,582,6,3.83,0
20210628,4,10277,108,66.75,2
20210629,4,6979,70,33.44,1
20210630,4,907,8,4.85,0
20210701,4,929,9,5.25,0
20210702,4,791,8,4.27,0
20210703,4,6416,60,33.4,1
20210704,4,5285,55,31.87,1
20210705,4,10594,109,60.26,2
20210706,4,18435,183,97.87,3
20210707,4,710,7,3.96,0
20210708,4,803,8,4.3,0
20210709,4,6401,63,40.58,1
20210710,4,878,8,4.43,0
20210711,4,11155,107,73.85,2
20210712,4,8498,84,49.97,1
20210713,4,653,7,4.25,0
20210714,4,6239,64,33.87,1
20210715,4,372,4,2.23,0
20210716,4,553,5,2.84,0
20210717,4,5400,52,28.5,1
20210718,4,5027,56,30.9,1
20210719,4,6059,57,33.88,1
20210720,4,5747,54,32.15,1
20210721,4,14779,143,74.26,3
20210722,4,12793,142,84.14,3
20210723,4,741,7,4.0,0
20210724,4,590,6,3.08,0
20210725,4,894,9,4.78,0
20210726,4,1028,9,5.52,0
20210727,4,1120,11,5.12,0
20210728,4,736,7,4.1,0
20210729,4,684,7,4.52,0
20210730,4,642,7,3.5,0
20210731,4,831,8,4.72,0
20210801,4,519,5,3.24,0
20210802,4,525,6,3.06,0
20210803,4,6268,59,35.8,1
20210804,4,772,7,4.39,0
20210805,4,8530,91,47.87,2
20210806,4,6332,62,33.95,1
20210807,4,11012,110,64.09,2
20210808,4,5344,60,37.58,1
20210809,4,24373,220,122.31,4
20210810,4,412,4,2.53,0
20210811,4,439,4,2.37,0
20210812,4,399,4,2.56,0
20210813,4,14007,133,83.69,2
20210814,4,6996,64,37.28,1
20210815,4,6631,68,38.11,1
20210816,4,917,9,5.34,0
20210817,4,16479,150,81.65,3
20210818,4,766,7,3.92,0
20210819,4,705,7,4.24,0
20210820,4,13860,123,81.67,2
20210821,4,1106,11,5.64,0
20210822,4,1035,11,6.95,0
20210823,4,5878,60,37.68,1
20210824,4,1270,12,6.17,0
20210825,4,602,6,3.35,0
20210826,4,770,7,3.81,0
20210827,4,405,4,2.65,0
20210828,4,23405,225,149.87,3
20210829,4,5972,55,30.0,1
20210830,4,5602,57,29.51,1
20210831,4,919,8,4.79,0
20210901,4,1096,10,5.8,0
20210902,4,6201,57,36.88,1
20210903,4,13254,126,67.79,2
20210904,4,5004,53,32.98,1
20210905,4,1268,13,7.29,0
20210906,4,507,5,3.04,0
20210907,4,1323,13,7.69,0
20210908,4,16245,159,108.18,3
20210909,4,752,8,5.12,0
20210910,4,1139,10,5.78,0
20210911,4,585,6,3.36,0
20210912,4,19269,183,106.38,3
20210913,4,892,9,4.72,0
20210914,4,9611,97,66.25,2
20210915,4,5181,53,34.99,1
20210916,4,5481,59,33.85,1
20210917,4,18859,170,105.38,3
20210918,4,5483,57,39.03,1
20210919,4,12310,120,77.45,2
20210920,4,630,6,3.42,0
20210921,4,7057,78,45.21,1
20210922,4,980,10,5.08,0
20210923,4,524,5,3.21,0
20210924,4,5599,58,37.3,1
20210925,4,10560,103,66.68,2
20210926,4,735,7,4.04,0
20210927,4,530,5,3.1,0
20210928,4,703,7,3.74,0
20210929,4,849,8,4.71,0
20210930,4,507,5,2.76,0
20211001,4,5723,59,36.21,1
20211002,4,305,3,1.91,0
20211003,4,727,8,4.69,0
20211004,4,511,5,3.4,0
20211005,4,5946,63,38.07,1
20211006,4,676,7,4.47,0
20211007,4,841,9,5.39,0
20211008,4,5638,62,42.06,1
20211009,4,683,6,3.63,0
20211010,4,705,7,4.59,0
20211011,4,928,9,5.84,0
20211012,4,6408,63,39.44,1
20211013,4,1049,10,5.15,0
20211014,4,6031,57,31.82,1
20211015,4,766,7,4.59,0
20211016,4,10997,108,61.67,2
20211017,4,15012,155,102.58,3
20211018,4,6859,65,44.4,1
20211019,4,6583,63,35.6,1
20211020,4,11432,107,58.17,2
20211021,4,20775,191,109.75,4
20211022,4,6860,66,37.56,1
20211023,4,12148,121,81.01,2
20211024,4,5608,59,32.03,1
20211025,4,6936,63,39.6,1
20211026,4,1027,10,6.9,0
20211027,4,1337,14,9.05,0
20211028,4,1651,15,8.93,0
20211029,4,1140,12,7.28,0
20211030,4,7159,68,46.85,1
20211031,4,1179,12,7.23,0
20211101,4,6858,66,42.13,1
20211102,4,6386,64,37.51,1
20211103,4,5495,59,30.09,1
20211104,4,7854,76,44.3,1
20211105,4,11500,119,69.47,2
20211106,4,16956,168,98.37,3
20211107,4,6777,63,35.29,1
20211108,4,13665,132,82.37,2
20211109,4,11743,113,71.29,2
20211110,4,7485,67,38.82,1
20211111,4,999,10,5.73,0
20211112,4,10362,105,57.46,2
20211113,4,28846,295,178.83,4
20211114,4,11968,127,84.27,2
20211115,4,16873,174,115.09,3
20211116,4,19166,180,101.59,3
20211117,4,1367,13,9.18,0
20211118,4,6641,68,39.41,1
20211119,4,7325,73,40.16,1
20211120,4,25709,250,133.49,4
20211121,4,1083,10,5.59,0
20211122,4,955,9,5.55,0
20211123,4,12800,129,75.12,2
20211124,4,1271,11,6.28,0
20211125,4,8397,71,39.34,1
20211126,4,690,7,3.79,0
20211127,4,20165,190,105.29,3
20211128,4,700,7,4.59,0
20211129,4,935,10,7.03,0
20211130,4,765,7,5.18,0
20211201,4,6706,59,37.04,1
20211202,4,836,8,4.73,0
20211203,4,536,5,2.93,0
20211204,4,927,9,5.89,0
20211205,4,996,10,5.81,0
20211206,4,6153,61,37.67,1
20211207,4,10054,98,68.56,2
20211208,4,6276,65,39.44,1
20211209,4,791,8,5.84,0
20211210,4,7074,68,36.86,1
20211211,4,594,6,3.67,0
20211212,4,18858,167,102.58,3
20211213,4,1159,12,6.5,0
20211214,4,5962,58,37.03,1
20211215,4,996,9,6.01,0
20211216,4,6756,64,45.67,1
20211217,4,6289,65,40.03,1
20211218,4,13478,125,64.07,2
20211219,4,502,5,3.41,0
20211220,4,17293,177,112.07,3
20211221,4,6479,63,36.72,1
20211222,4,12910,119,72.49,2
20211223,4,12306,119,68.77,2
20211224,4,21974,196,116.39,4
20211225,4,637,6,3.72,0
20211226,4,551,5,3.26,0
20211227,4,1550,15,8.05,0
20211228,4,1001,9,5.21,0
20211229,4,7691,75,39.64,1
20211230,4,12038,125,86.77,2
20211231,4,1151,12,7.56,0
20220101,4,8110,73,37.52,1
20220102,4,1180,11,6.68,0
20220103,4,6466,66,38.53,1
20220104,4,9193,93,52.53,2
20220105,4,749,7,4.29,0
20220106,4,6053,57,37.22,1
20220107,4,12727,124,75.93,2
20220108,4,921,8,4.51,0
20220109,4,600,6,3.63,0
20220110,4,5994,62,37.39,1
20220111,4,634,6,3.51,0
20220112,4,449,4,2.52,0
20220113,4,758,8,4.73,0
20220114,4,5908,58,30.98,1
20220115,4,396,4,2.12,0
20220116,4,670,6,3.76,0
20220117,4,7150,64,43.49,1
20220118,4,302,3,1.83,0
20220119,4,5825,60,36.25,1
20220120,4,442,4,2.73,0
20220121,4,12468,120,71.92,2
20220122,4,5566,49,32.46,1
20220123,4,323,3,1.79,0
20220124,4,5979,57,38.13,1
20220125,4,301,3,1.64,0
20220126,4,586,5,2.62,0
20220127,4,382,4,2.44,0
20220128,4,5846,56,35.19,1
20220129,4,287,3,2.06,0
20220130,4,6045,61,31.7,1
20220131,4,589,6,3.47,0
20220201,4,366,4,2.38,0
20220202,4,433,4,2.55,0
20220203,4,410,4,2.91,0
20220204,4,549,5,3.09,0
20220205,4,520,5,2.87,0
20220206,4,5843,59,40.07,1
20220207,4,387,4,2.83,0
20220208,4,741,7,4.2,0
20220209,4,667,6,2.98,0
20220210,4,721,7,4.39,0
20220211,4,762,7,4.55,0
20220212,4,11782,110,71.89,2
20220213,4,24547,247,129.66,4
20220214,4,10654,106,60.59,2
20220215,4,394,4,2.62,0
20220216,4,5175,49,33.81,1
20220217,4,779,8,4.92,0
20220218,4,6205,60,39.73,1
20220219,4,6213,59,37.11,1
20220220,4,12828,116,76.25,2
20220221,4,14319,122,74.96,2
20220222,4,1137,10,6.48,0
20220223,4,6134,60,32.81,1
20220224,4,6234,57,36.73,1
20220225,4,1029,9,4.93,0
20220226,4,5736,54,34.71,1
20220227,4,713,7,4.37,0
20220228,4,606,6,3.79,0
20220301,4,7058,68,38.49,1
20220302,4,832,8,4.56,0
20220303,4,6101,57,35.99,1
20220304,4,10276,103,66.57,2
20220305,4,6809,65,43.34,1
20220306,4,6456,62,34.55,1
20220307,4,6039,62,33.58,1
20220308,4,6129,62,34.89,1
20220309,4,6185,59,33.18,1
20220310,4,634,6,4.1,0
20220311,4,5713,54,36.71,1
20220312,4,1171,10,5.51,0
20220313,4,12430,128,89.83,2
20220314,4,5512,51,34.78,1
20220315,4,690,7,3.61,0
20220316,4,621,6,3.54,0
20220317,4,859,9,4.58,0
20220318,4,6031,60,36.27,1
20220319,4,884,9,5.33,0
20220320,4,538,5,2.88,0
20220321,4,14686,131,68.15,2
20220322,4,6276,61,33.34,1
20220323,4,815,7,4.37,0
20220324,4,641,6,4.16,0
20220325,4,13269,119,62.06,2
20220326,4,6224,57,31.23,1
20220327,4,6212,62,40.92,1
20220328,4,704,7,4.1,0
20220329,4,734,7,4.06,0
20220330,4,509,5,2.48,0
20220331,4,6331,59,38.46,1
20220401,4,359,4,1.88,0
20220402,4,5510,54,32.1,1
20220403,4,5059,47,30.94,1
20220404,4,394,4,2.58,0
20220405,4,482,5,3.07,0
20220406,4,7512,69,40.27,1
20220407,4,679,6,3.72,0
20220408,4,12750,114,63.31,2
20220409,4,758,7,4.52,0
20220410,4,417,4,2.71,0
20220411,4,6650,58,34.38,1
20220412,4,533,5,3.4,0
20220413,4,10214,97,54.63,2
20220414,4,5304,52,28.07,1
20220415,4,501,5,3.08,0
20220416,4,10865,107,66.45,2
20220417,4,6166,66,40.42,1
20220418,4,5943,61,36.91,1
20220419,4,12834,125,70.04,2
20220420,4,7279,66,37.4,1
20220421,4,5635,52,30.96,1
20220422,4,1247,11,6.22,0
20220423,4,6085,59,39.81,1
20220424,4,16735,164,103.05,3
20220425,4,888,9,5.13,0
20220426,4,7581,74,49.59,1
20220427,4,586,6,4.02,0
20220428,4,5857,60,33.37,1
20220429,4,8085,73,34.85,1
20220430,4,752,7,3.7,0
20220501,4,7191,69,44.82,1
20220502,4,7607,70,46.4,1
20220503,4,6659,63,34.21,1
20220504,4,5729,56,36.46,1
20220505,4,945,9,5.55,0
20220506,4,521,5,3.12,0
20220507,4,1103,10,6.63,0
20220508,4,6976,69,47.62,1
20220509,4,22747,224,143.87,4
20220510,4,982,9,5.64,0
20220511,4,7322,65,39.06,1
20220512,4,5423,56,36.85,1
20220513,4,5257,56,31.34,1
20220514,4,6271,61,37.1,1
20220515,4,7033,66,42.33,1
20220516,4,6268,64,44.5,1
20220517,4,7503,74,44.31,1
20220518,4,845,8,5.06,0
20220519,4,10728,109,66.17,2
20220520,4,548,5,3.12,0
20220521,4,7938,73,42.31,1
20220522,4,1021,10,6.39,0
20220523,4,1036,10,6.1,0
20220524,4,1105,11,6.41,0
20220525,4,874,9,5.21,0
20220526,4,687,6,4.45,0
20220527,4,833,8,4.68,0
20220528,4,5402,58,31.68,1
20220529,4,6925,64,41.09,1
20220530,4,7738,71,38.4,1
20220531,4,13856,116,81.56,2
20220601,4,934,9,6.13,0
20220602,4,403,4,2.55,0
20220603,4,6557,65,40.59,1
20220604,4,18453,166,117.95,3
20220605,4,836,8,5.8,0
20220606,4,619,6,3.53,0
20220607,4,729,7,4.83,0
20220608,4,11940,107,61.8,2
20220609,4,936,9,5.8,0
20220610,4,7353,67,36.21,1
20220611,4,28183,241,151.41,4
20220612,4,1003,10,5.8,0
20220613,4,6842,66,39.58,1
20220614,4,7265,72,44.41,1
20220615,4,7018,65,38.5,1
20220616,4,1007,10,6.3,0
20220617,4,492,5,3.27,0
20220618,4,941,10,5.82,0
20220619,4,12550,126,84.33,2
20220620,4,12777,125,79.07,2
20220621,4,1023,9,5.51,0
20220622,4,1263,12,7.18,0
20220623,4,14130,124,72.76,2
20220624,4,550,5,3.18,0
20220625,4,6607,71,46.07,1
20220626,4,7344,66,38.85,1
20220627,4,7227,60,33.53,1
20220628,4,598,6,3.49,0
20220629,4,6104,56,36.85,1
20220630,4,10697,107,72.21,2
20220701,4,7188,64,43.69,1
20220702,4,7627,71,45.79,1
20220703,4,6530,67,41.0,1
20220704,4,680,6,3.85,0
20220705,4,423,4,2.54,0
20220706,4,6382,62,36.79,1
20220707,4,437,4,2.74,0
20220708,4,413,4,2.59,0
20220709,4,6699,64,40.16,1
20220710,4,406,4,2.36,0
20220711,4,563,6,3.63,0
20220712,4,5355,60,39.67,1
20220713,4,12028,118,69.32,2
20220714,4,950,9,5.42,0
20220715,4,6942,68,43.15,1
20220716,4,7016,66,38.34,1
20220717,4,692,6,4.27,0
20220718,4,1051,10,5.54,0
20220719,4,590,6,4.07,0
20220720,4,1145,10,5.68,0
20220721,4,890,8,5.17,0
20220722,4,6408,59,35.34,1
20220723,4,6668,65,40.63,1
20220724,4,1001,11,7.36,0
20220725,4,1101,10,5.89,0
20220726,4,1148,11,6.65,0
20220727,4,15000,143,87.78,2
20220728,4,7480,70,49.26,1
20220729,4,12630,120,74.69,2
20220730,4,26119,242,167.97,4
20220731,4,12020,135,83.47,2
20220801,4,6323,63,43.7,1
20220802,4,647,6,3.67,0
20220803,4,1174,12,7.77,0
20220804,4,6618,64,36.19,1
20220805,4,837,8,4.38,0
20220806,4,19112,180,123.22,3
20220807,4,11302,106,72.59,2
20220808,4,7120,63,48.49,1
20220809,4,1161,10,5.55,0
20220810,4,7192,70,45.85,1
20220811,4,11479,108,62.84,2
20220812,4,997,10,5.84,0
20220813,4,1219,11,6.84,0
20220814,4,898,8,4.91,0
20220815,4,6722,67,40.1,1
20220816,4,6955,65,41.24,1
20220817,4,6291,63,42.67,1
20220818,4,7030,67,46.24,1
20220819,4,564,6,4.05,0
20220820,4,1005,10,6.81,0
20220821,4,7285,71,44.61,1
20220822,4,12229,122,73.53,2
20220823,4,6308,59,39.18,1
20220824,4,6385,55,31.93,1
20220825,4,11633,113,71.9,2
20220826,4,843,9,5.3,0
20220827,4,8450,70,43.94,1
20220828,4,7264,71,41.17,1
20220829,4,17770,154,94.54,3
20220830,4,632,6,3.83,0
20220831,4,6495,62,36.6,1
20220901,4,1107,11,6.81,0
20220902,4,1247,12,6.45,0
20220903,4,873,9,4.87,0
20220904,4,6577,67,44.95,1
20220905,4,959,9,5.62,0
20220906,4,1085,11,6.62,0
20220907,4,19960,186,127.6,3
20220908,4,1410,13,7.82,0
20220909,4,31364,277,167.55,4
20220910,4,17137,176,104.71,3
20220911,4,644,6,4.27,0
20220912,4,7919,65,42.22,1
20220913,4,6732,66,42.45,1
20220914,4,6273,58,38.13,1
20220915,4,1395,13,7.08,0
20220916,4,1176,11,6.46,0
20220917,4,753,7,4.41,0
20220918,4,6892,77,49.08,1
20220919,4,23758,249,188.97,4
20220920,4,7987,79,47.99,1
20220921,4,8002,77,52.83,1
20220922,4,16556,168,114.32,3
20220923,4,7379,71,45.49,1
20220924,4,1306,13,8.36,0
20220925,4,12241,120,74.77,2
20220926,4,1466,14,7.38,0
20220927,4,897,9,6.06,0
20220928,4,8007,74,48.81,1
20220929,4,7360,70,47.03,1
20220930,4,1343,12,7.89,0
20221001,4,1000,9,6.34,0
20221002,4,1720,14,8.57,0
20221003,4,33069,322,230.73,5
20221004,4,7880,78,45.78,1
20221005,4,692,7,4.51,0
20221006,4,564,5,3.12,0
20221007,4,617,6,3.81,0
20221008,4,6970,66,44.8,1
20221009,4,1010,10,6.34,0
20221010,4,12630,115,74.25,2
20221011,4,14442,134,84.23,2
20221012,4,7653,66,40.47,1
20221013,4,5956,54,41.1,1
20221014,4,634,6,3.88,0
20221015,4,1046,10,5.19,0
20221016,4,7015,60,35.93,1
20221017,4,654,6,4.14,0
20221018,4,733,7,4.27,0
20221019,4,680,7,4.77,0
20221020,4,667,6,4.22,0
20221021,4,6980,68,42.71,1
20221022,4,13122,120,67.38,2
20221023,4,15204,140,80.99,2
20221024,4,7802,70,44.67,1
20221025,4,12160,108,60.84,2
20221026,4,1523,14,8.97,0
20221027,4,12316,124,89.28,2
20221028,4,7526,68,44.92,1
20221029,4,1899,17,10.72,0
20221030,4,1776,17,9.91,0
20221031,4,14809,140,91.24,2
20221101,4,14132,133,83.35,2
20221102,4,6879,66,42.97,1
20221103,4,13494,120,81.51,2
20221104,4,12400,111,76.27,2
20221105,4,12172,122,79.32,2
20221106,4,2029,19,12.79,0
20221107,4,1124,11,6.64,0
20221108,4,31090,316,222.33,5
20221109,4,12078,120,71.8,2
20221110,4,21155,184,116.09,3
20221111,4,18664,175,124.03,3
20221112,4,1393,14,8.79,0
20221113,4,13654,133,76.72,2
20221114,4,7858,75,46.75,1
20221115,4,10989,94,67.72,2
20221116,4,2089,19,10.11,0
20221117,4,7281,69,45.1,1
20221118,4,11890,103,62.93,2
20221119,4,13845,137,87.17,2
20221120,4,12169,114,71.68,2
20221121,4,1194,10,7.23,0
20221122,4,7787,71,46.16,1
20221123,4,18552,172,120.25,3
20221124,4,8763,82,58.52,1
20221125,4,7304,75,48.39,1
20221126,4,6658,65,40.6,1
20221127,4,8058,70,46.84,1
20221128,4,6495,56,37.51,1
20221129,4,6791,63,36.84,1
20221130,4,6844,65,43.06,1
20221201,4,12195,122,77.13,2
20221202,4,10043,105,65.4,2
20221203,4,14110,148,90.3,3
20221204,4,7301,67,41.37,1
20221205,4,803,8,6.07,0
20221206,4,1242,12,7.64,0
20221207,4,7026,62,43.86,1
20221208,4,1546,13,8.37,0
20221209,4,19999,190,112.48,3
20221210,4,1278,11,6.97,0
20221211,4,1229,11,6.42,0
20221212,4,885,8,5.4,0
20221213,4,1153,11,7.3,0
20221214,4,590,6,4.2,0
20221215,4,6581,62,45.35,1
20221216,4,7461,68,38.32,1
20221217,4,15276,127,79.25,2
20221218,4,14885,144,84.99,3
20221219,4,7744,73,56.08,1
20221220,4,6700,61,38.38,1
20221221,4,991,10,5.56,0
20221222,4,685,6,4.4,0
20221223,4,8196,74,45.31,1
20221224,4,25029,232,132.48,4
20221225,4,7918,72,42.59,1
20221226,4,617,6,3.73,0
20221227,4,6412,62,40.64,1
20221228,4,12081,121,73.69,2
20221229,4,7017,68,42.59,1
20221230,4,6212,58,38.0,1
20221231,4,543,5,3.48,0
20230101,4,1035,10,6.99,0
20230102,4,7425,69,42.67,1
20230103,4,849,8,5.18,0
20230104,4,619,6,4.44,0
20230105,4,739,7,4.87,0
20230106,4,731,7,3.9,0
20230107,4,781,7,4.71,0
20230108,4,5497,56,35.29,1
20230109,4,569,5,3.02,0
20230110,4,726,7,4.11,0
20230111,4,329,3,2.43,0
20230112,4,699,7,4.78,0
20230113,4,11412,113,70.17,2
20230114,4,533,5,3.16,0
20230115,4,17756,183,103.22,3
20230116,4,323,3,2.19,0
20230117,4,606,6,3.8,0
20230118,4,890,8,4.67,0
20230119,4,312,3,2.25,0
20230120,4,7663,68,39.71,1
20230121,4,7025,66,45.04,1
20230122,4,748,7,4.46,0
20230123,4,6370,63,42.11,1
20230124,4,8101,73,45.41,1
20230125,4,9841,111,59.86,2
20230126,4,11815,102,72.21,2
20230127,4,6098,58,41.41,1
20230128,4,5974,57,35.84,1
20230129,4,723,7,4.69,0
20230130,4,1100,10,6.68,0
20230131,4,526,5,3.32,0
20230201,4,7062,64,47.93,1
20230202,4,572,6,4.32,0
20230203,4,11859,107,67.94,2
20230204,4,969,9,5.76,0
20230205,4,18433,166,105.18,3
20230206,4,7502,67,40.07,1
20230207,4,11725,101,72.61,2
20230208,4,513,5,3.1,0
20230209,4,556,5,3.0,0
20230210,4,7503,67,41.27,1
20230211,4,905,8,5.38,0
20230212,4,734,7,4.2,0
20230213,4,10451,98,60.45,2
20230214,4,427,4,2.86,0
20230215,4,671,6,4.15,0
20230216,4,416,4,3.16,0
20230217,4,333,3,2.58,0
20230218,4,426,4,2.58,0
20230219,4,754,7,4.96,0
20230220,4,6622,56,43.11,1
20230221,4,5109,54,36.86,1
20230222,4,413,4,3.01,0
20230223,4,529,5,3.05,0
20230224,4,5656,54,40.71,1
20230225,4,11909,126,82.76,2
20230226,4,6191,62,39.9,1
20230227,4,419,4,2.5,0
20230228,4,446,4,2.45,0
20230301,4,553,5,3.02,0
20230302,4,16445,138,94.27,2
20230303,4,765,7,4.04,0
20230304,4,514,5,3.16,0
20230305,4,6385,62,43.2,1
20230306,4,619,6,4.55,0
20230307,4,662,6,4.27,0
20230308,4,621,6,4.13,0
20230309,4,306,3,2.34,0
20230310,4,14311,117,83.15,2
20230311,4,736,7,4.02,0
20230312,4,11904,126,79.48,2
20230313,4,436,4,2.68,0
20230314,4,6850,55,37.01,1
20230315,4,1012,9,5.11,0
20230316,4,14924,125,74.85,2
20230317,4,1001,9,5.9,0
20230318,4,922,8,5.8,0
20230319,4,405,4,2.75,0
20230320,4,818,8,5.18,0
20230321,4,525,5,3.54,0
20230322,4,6370,64,41.21,1
20230323,4,14298,129,91.79,2
20230324,4,6507,61,39.74,1
20230325,4,6388,68,40.9,1
20230326,4,7657,74,54.83,1
20230327,4,6727,65,47.32,1
20230328,4,6959,62,38.26,1
20230329,4,769,7,4.46,0
20230330,4,7856,69,44.65,1
20230331,4,582,6,3.97,0
20230401,4,15306,130,80.08,2
20230402,4,5685,56,40.12,1
20230403,4,7250,70,51.35,1
20230404,4,20311,172,105.63,3
20230405,4,6510,65,43.63,1
20230406,4,7627,70,50.87,1
20230407,4,6503,56,34.12,1
20230408,4,735,7,4.34,0
20230409,4,7327,65,45.31,1
20230410,4,543,5,3.42,0
20230411,4,12833,116,67.85,2
20230412,4,6449,57,36.91,1
20230413,4,692,6,4.31,0
20230414,4,409,4,3.31,0
20230415,4,632,6,4.06,0
20230416,4,951,9,5.81,0
20230417,4,878,8,5.01,0
20230418,4,7066,66,50.84,1
20230419,4,898,8,5.72,0
20230420,4,7079,63,46.79,1
20230421,4,485,5,3.84,0
20230422,4,6112,60,36.13,1
20230423,4,444,4,2.53,0
20230424,4,15515,132,82.78,2
20230425,4,833,7,4.45,0
20230426,4,1116,10,6.09,0
20230427,4,961,9,5.43,0
20230428,4,12380,116,81.04,2
20230429,4,7138,67,45.27,1
20230430,4,738,7,4.83,0
20230501,4,801,7,4.58,0
20230502,4,884,9,5.58,0
20230503,4,6964,64,43.41,1
20230504,4,634,6,3.73,0
20230505,4,7048,63,34.99,1
20230506,4,13618,129,90.93,2
20230507,4,11111,117,84.89,2
20230508,4,913,8,5.13,0
20230509,4,15415,134,86.41,2
20230510,4,567,5,3.28,0
20230511,4,878,8,5.5,0
20230512,4,7328,66,45.82,1
20230513,4,1146,10,6.55,0
20230514,4,756,7,4.47,0
20230515,4,686,7,4.77,0
20230516,4,6409,59,36.37,1
20230517,4,6714,62,42.27,1
20230518,4,844,8,4.81,0
20230519,4,829,8,4.88,0
20230520,4,6050,61,46.56,1
20230521,4,955,9,6.0,0
20230522,4,6679,62,34.24,1
20230523,4,15891,139,89.02,2
20230524,4,6904,67,41.54,1
20230525,4,13714,121,80.17,2
20230526,4,568,5,2.79,0
20230527,4,7137,67,46.54,1
20230528,4,786,8,5.23,0
20230529,4,516,5,2.94,0
20230530,4,7130,66,44.84,1
20230531,4,7661,67,44.6,1
20230601,4,984,10,6.4,0
20230602,4,14388,133,87.53,2
20230603,4,549,5,3.08,0
20230604,4,5737,55,38.14,1
20230605,4,775,7,5.1,0
20230606,4,6657,59,43.24,1
20230607,4,7630,68,43.96,1
20230608,4,6622,59,40.33,1
20230609,4,808,7,5.54,0
20230610,4,14411,124,82.94,2
20230611,4,18424,181,121.46,3
20230612,4,726,7,4.1,0
20230613,4,7143,63,40.3,1
20230614,4,6242,61,40.53,1
20230615,4,848,8,5.48,0
20230616,4,7154,65,45.9,1
20230617,4,465,4,3.0,0
20230618,4,6558,62,44.76,1
20230619,4,965,10,6.37,0
20230620,4,863,8,5.77,0
20230621,4,6612,65,43.86,1
20230622,4,6235,57,38.95,1
20230623,4,6746,66,43.51,1
20230624,4,22673,208,129.89,3
20230625,4,1248,10,6.2,0
20230626,4,564,5,3.51,0
20230627,4,965,9,6.13,0
20230628,4,405,4,2.85,0
20230629,4,764,7,4.96,0
20230630,4,6473,60,38.31,1
20230701,4,6718,60,42.25,1
20230702,4,7284,74,50.19,1
20230703,4,494,5,3.49,0
20230704,4,14525,129,93.19,2
20230705,4,7224,61,43.4,1
20230706,4,14463,120,71.78,2
20230707,4,313,3,2.23,0
20230708,4,6437,60,37.77,1
20230709,4,6915,61,41.62,1
20230710,4,426,4,2.18,0
20230711,4,582,5,3.73,0
20230712,4,619,6,4.06,0
20230713,4,332,3,1.98,0
20230714,4,808,7,4.1,0
20230715,4,553,5,4.01,0
20230716,4,998,9,6.69,0
20230717,4,6990,66,42.96,1
20230718,4,908,9,6.06,0
20230719,4,506,5,2.89,0
20230720,4,6971,65,45.81,1
20230721,4,767,7,4.4,0
20230722,4,448,4,2.73,0
20230723,4,482,4,2.72,0
20230724,4,542,5,3.08,0
20230725,4,6954,61,37.89,1
20230726,4,604,6,4.45,0
20230727,4,8115,74,50.06,1
20230728,4,35743,345,235.7,6
20230729,4,13720,123,77.66,2
20230730,4,7561,67,46.27,1
20230731,4,732,7,4.87,0
20230801,4,1173,11,6.95,0
20230802,4,6911,65,49.04,1
20230803,4,5669,52,40.79,1
20230804,4,1241,12,8.91,0
20230805,4,1043,10,7.21,0
20230806,4,8032,65,51.27,1
20230807,4,1652,15,9.32,0
20230808,4,1429,14,8.53,0
20230809,4,7957,69,45.12,1
20230810,4,1081,9,6.04,0
20230811,4,1203,11,7.09,0
20230812,4,13461,128,80.5,2
20230813,4,7139,64,43.56,1
20230814,4,34343,342,230.88,5
20230815,4,13408,138,100.7,2
20230816,4,7675,63,42.98,1
20230817,4,15884,143,83.92,2
20230818,4,8838,71,49.71,1
20230819,4,730,7,5.75,0
20230820,4,7691,68,46.75,1
20230821,4,1006,9,6.85,0
20230822,4,6183,61,40.17,1
20230823,4,1529,13,9.57,0
20230824,4,1672,14,8.88,0
20230825,4,1619,13,8.44,0
20230826,4,18220,181,121.17,3
20230827,4,1225,12,8.84,0
20230828,4,1327,12,7.93,0
20230829,4,1056,9,5.28,0
20230830,4,7443,72,50.72,1
20230831,4,10779,117,82.85,2
20230901,4,992,9,6.07,0
20230902,4,13670,117,86.1,2
20230903,4,5954,59,39.77,1
20230904,4,6982,60,41.9,1
20230905,4,15228,137,90.83,2
20230906,4,1274,10,6.57,0
20230907,4,443,4,3.01,0
20230908,4,470,4,3.44,0
20230909,4,1009,10,7.3,0
20230910,4,13841,120,85.68,2
20230911,4,6333,61,44.21,1
20230912,4,1314,12,6.73,0
20230913,4,1080,10,6.97,0
20230914,4,6855,65,48.11,1
20230915,4,7315,67,46.02,1
20230916,4,1358,12,8.14,0
20230917,4,14057,123,78.38,2
20230918,4,8024,76,50.42,1
20230919,4,7688,63,40.23,1
20230920,4,1083,11,8.47,0
20230921,4,7778,72,55.67,1
20230922,4,667,6,4.53,0
20230923,4,6645,62,39.65,1
20230924,4,12416,110,71.46,2
20230925,4,8147,74,47.58,1
20230926,4,816,7,4.24,0
20230927,4,14274,134,85.07,2
20230928,4,1314,12,8.14,0
20230929,4,14546,135,99.72,2
20230930,4,6480,65,42.04,1
20231001,4,1029,9,6.42,0
20231002,4,14060,128,98.48,2
20231003,4,7703,64,45.32,1
20231004,4,7067,67,50.58,1
20231005,4,546,5,3.33,0
20231006,4,871,8,5.43,0
20231007,4,7595,69,48.16,1
20231008,4,903,8,5.68,0
20231009,4,751,8,6.29,0
20231010,4,6421,59,37.62,1
20231011,4,7823,73,47.85,1
20231012,4,23129,198,135.14,3
20231013,4,724,7,4.74,0
20231014,4,6925,63,39.75,1
20231015,4,1062,10,6.82,0
20231016,4,1241,12,8.1,0
20231017,4,6589,60,46.84,1
20231018,4,1023,9,5.82,0
20231019,4,9163,73,53.58,1
20231020,4,7039,63,47.94,1
20231021,4,1137,10,6.5,0
20231022,4,21166,181,127.71,3
20231023,4,600,6,4.02,0
20231024,4,7722,75,53.66,1
20231025,4,853,7,4.62,0
20231026,4,15585,144,93.92,2
20231027,4,1147,10,7.52,0
20231028,4,7267,68,45.48,1
20231029,4,13526,118,81.75,2
20231030,4,8577,76,53.21,1
20231031,4,825,8,5.73,0
20231101,4,520,5,4.31,0
20231102,4,7388,74,48.37,1
20231103,4,997,9,6.54,0
20231104,4,29227,245,150.54,4
20231105,4,19345,187,145.88,3
20231106,4,6722,65,45.18,1
20231107,4,8003,76,51.37,1
20231108,4,7433,65,45.39,1
20231109,4,1516,13,9.06,0
20231110,4,7520,71,46.1,1
20231111,4,1154,10,7.43,0
20231112,4,1003,9,6.34,0
20231113,4,5973,65,48.07,1
20231114,4,770,8,5.34,0
20231115,4,1356,13,8.23,0
20231116,4,8426,74,50.83,1
20231117,4,8001,70,51.66,1
20231118,4,6291,60,43.12,1
20231119,4,800,8,5.43,0
20231120,4,8241,73,53.64,1
20231121,4,7202,64,41.16,1
20231122,4,21784,200,131.79,3
20231123,4,26542,223,156.56,4
20231124,4,8436,71,45.06,1
20231125,4,11871,101,64.67,2
20231126,4,22579,213,167.26,3
20231127,4,11639,108,83.45,2
20231128,4,716,7,5.65,0
20231129,4,9120,75,53.86,1
20231130,4,17762,148,108.73,3
20231201,4,2026,19,13.05,0
20231202,4,15474,134,91.0,2
20231203,4,9544,83,61.85,1
20231204,4,1341,13,10.4,0
20231205,4,1926,17,12.27,0
20231206,4,13730,122,79.6,2
20231207,4,11464,103,74.38,2
20231208,4,22070,199,130.19,3
20231209,4,9051,86,58.51,1
20231210,4,14505,123,97.43,2
20231211,4,8763,79,49.74,1
20231212,4,512,5,4.53,0
20231213,4,1255,13,9.12,0
20231214,4,30706,258,173.36,4
20231215,4,1183,11,7.7,0
20231216,4,7436,67,44.53,1
20231217,4,7507,68,45.23,1
20231218,4,6444,56,39.65,1
20231219,4,1154,11,7.76,0
20231220,4,6314,60,38.73,1
20231221,4,849,9,6.29,0
20231222,4,9627,81,50.76,1
20231223,4,854,7,4.4,0
20231224,4,6407,66,41.58,1
20231225,4,7491,68,54.57,1
20231226,4,790,7,5.22,0
20231227,4,760,7,4.78,0
20231228,4,7166,60,41.8,1
20231229,4,967,9,6.41,0
20231230,4,14683,133,102.05,2
20231231,4,5872,57,41.39,1
20240101,4,5741,55,44.05,1
20240102,4,623,6,4.0,0
20240103,4,326,3,2.41,0
20240104,4,399,4,3.08,0
20240105,4,531,5,3.57,0
20240106,4,681,6,3.93,0
20240107,4,462,4,2.71,0
20240108,4,11580,101,70.38,2
20240109,4,531,5,3.48,0
20240110,4,596,5,3.32,0
20240111,4,436,4,2.45,0
20240112,4,8210,71,51.78,1
20240113,4,830,7,4.64,0
20240114,4,352,3,2.78,0
20240115,4,441,4,3.24,0
20240116,4,6937,66,43.74,1
20240117,4,573,5,3.55,0
20240118,4,16330,131,99.91,2
20240119,4,273,3,2.27,0
20240120,4,824,8,5.33,0
20240121,4,14262,137,114.8,2
20240122,4,5692,57,41.91,1
20240123,4,438,4,2.67,0
20240124,4,6439,58,41.64,1
20240125,4,812,8,5.51,0
20240126,4,609,6,4.16,0
20240127,4,11571,109,69.99,2
20240128,4,7000,67,47.1,1
20240129,4,593,5,3.57,0
20240130,4,671,6,3.91,0
20240131,4,6267,63,45.8,1
20240201,4,6405,61,41.58,1
20240202,4,481,4,2.57,0
20240203,4,7396,65,48.61,1
20240204,4,703,7,4.66,0
20240205,4,429,4,2.66,0
20240206,4,872,8,4.81,0
20240207,4,12628,116,76.77,2
20240208,4,8201,74,53.06,1
20240209,4,797,7,5.38,0
20240210,4,8348,72,47.74,1
20240211,4,830,8,5.83,0
20240212,4,435,4,2.93,0
20240213,4,529,5,3.18,0
20240214,4,641,6,4.54,0
20240215,4,608,6,4.85,0
20240216,4,7194,67,40.44,1
20240217,4,315,3,2.66,0
20240218,4,12566,115,77.4,2
20240219,4,7945,68,42.16,1
20240220,4,6937,62,44.36,1
20240221,4,6287,59,44.41,1
20240222,4,6043,57,39.15,1
20240223,4,708,7,4.9,0
20240224,4,7492,66,55.13,1
20240225,4,436,4,2.71,0
20240226,4,6790,61,54.95,1
20240227,4,501,5,4.23,0
20240228,4,7128,66,46.79,1
20240229,4,647,6,4.58,0
20240301,4,7086,64,44.0,1
20240302,4,896,8,5.86,0
20240303,4,723,6,4.44,0
20240304,4,8225,69,47.34,1
20240305,4,8092,74,46.72,1
20240306,4,331,3,2.49,0
20240307,4,437,4,2.92,0
20240308,4,7105,68,42.94,1
20240309,4,5828,53,37.81,1
20240310,4,7565,67,51.79,1
20240311,4,448,4,3.32,0
20240312,4,7738,71,47.47,1
20240313,4,792,7,5.08,0
20240314,4,726,7,4.71,0
20240315,4,6753,61,44.83,1
20240316,4,6212,57,37.7,1
20240317,4,7553,65,32.91,1
20240318,4,8409,81,53.98,1
20240319,4,508,5,3.91,0
20240320,4,841,7,4.9,0
20240321,4,756,7,5.08,0
20240322,4,557,5,3.66,0
20240323,4,5986,55,37.81,1
20240324,4,13254,123,84.48,2
20240325,4,8610,68,40.4,1
20240326,4,423,4,2.58,0
20240327,4,518,5,3.06,0
20240328,4,412,4,3.14,0
20240329,4,8206,70,48.73,1
20240330,4,15094,136,92.63,2
20240331,4,343,3,1.91,0
20240401,4,373,3,2.34,0
20240402,4,230,2,1.87,0
20240403,4,710,6,4.17,0
20240404,4,6626,61,46.71,1
20240405,4,489,4,2.37,0
20240406,4,8700,74,55.12,1
20240407,4,572,5,3.48,0
20240408,4,741,7,5.23,0
20240409,4,469,5,3.89,0
20240410,4,436,4,3.08,0
20240411,4,472,4,3.32,0
20240412,4,7047,61,40.24,1
20240413,4,6611,62,44.39,1
20240414,4,722,6,3.95,0
20240415,4,6856,66,47.06,1
20240416,4,546,5,3.48,0
20240417,4,447,4,3.44,0
20240418,4,1105,9,5.87,0
20240419,4,7877,75,51.14,1
20240420,4,7552,65,44.07,1
20240421,4,14188,129,90.68,2
20240422,4,1233,11,7.11,0
20240423,4,18802,154,92.58,2
20240424,4,901,8,5.21,0
20240425,4,8359,70,49.68,1
20240426,4,15128,131,92.77,2
20240427,4,6818,63,47.48,1
20240428,4,958,9,6.58,0
20240429,4,15680,141,97.2,2
20240430,4,16400,140,88.15,2
20240501,4,8547,74,54.84,1
20240502,4,15264,132,94.56,2
20240503,4,1263,10,6.74,0
20240504,4,1438,13,10.16,0
20240505,4,10195,83,61.51,1
20240506,4,7856,71,51.39,1
20240507,4,1213,10,7.22,0
20240508,4,9801,82,62.88,1
20240509,4,1068,10,6.86,0
20240510,4,7106,64,42.87,1
20240511,4,15441,124,87.54,2
20240512,4,1035,9,5.74,0
20240513,4,13796,126,89.89,2
20240514,4,17779,154,111.74,2
20240515,4,908,8,5.77,0
20240516,4,877,8,5.37,0
20240517,4,6325,57,46.86,1
20240518,4,1063,9,6.77,0
20240519,4,667,6,4.13,0
20240520,4,906,8,6.07,0
20240521,4,11844,118,95.12,2
20240522,4,896,8,5.55,0
20240523,4,7509,68,45.51,1
20240524,4,548,5,3.66,0
20240525,4,795,7,5.37,0
20240526,4,14185,122,91.57,2
20240527,4,867,8,6.39,0
20240528,4,650,6,3.83,0
20240529,4,1081,11,7.06,0
20240530,4,8737,82,56.22,1
20240531,4,7026,66,49.55,1
20240601,4,7044,66,44.12,1
20240602,4,8478,73,44.88,1
20240603,4,1082,9,6.3,0
20240604,4,947,8,5.65,0
20240605,4,7808,73,45.7,1
20240606,4,819,8,5.8,0
20240607,4,853,8,5.37,0
20240608,4,14640,130,107.5,2
20240609,4,16939,168,121.86,3
20240610,4,6986,61,46.25,1
20240611,4,956,8,5.66,0
20240612,4,7470,68,46.8,1
20240613,4,413,4,2.8,0
20240614,4,469,4,3.2,0
20240615,4,989,8,6.39,0
20240616,4,13025,117,75.14,2
20240617,4,11826,111,72.51,2
20240618,4,933,7,4.82,0
20240619,4,631,6,4.99,0
20240620,4,606,5,3.43,0
20240621,4,427,4,3.4,0
20240622,4,15101,120,89.44,2
20240623,4,732,6,4.61,0
20240624,4,968,9,6.02,0
20240625,4,6021,58,46.36,1
20240626,4,782,7,5.26,0
20240627,4,7062,73,47.42,1
20240628,4,831,7,4.29,0
20240629,4,594,5,3.07,0
20240630,4,15699,138,110.42,2
20240701,4,12551,110,89.25,2
20240702,4,769,7,5.49,0
20240703,4,701,6,4.32,0
20240704,4,7993,74,48.01,1
20240705,4,757,7,4.39,0
20240706,4,812,8,5.47,0
20240707,4,7023,61,44.4,1
20240708,4,6355,58,47.16,1
20240709,4,7116,66,53.52,1
20240710,4,559,5,3.4,0
20240711,4,7588,67,40.78,1
20240712,4,8861,70,46.56,1
20240713,4,890,8,6.44,0
20240714,4,648,6,4.77,0
20240715,4,1235,11,7.6,0
20240716,4,8794,75,52.4,1
20240717,4,619,5,3.26,0
20240718,4,8168,75,49.34,1
20240719,4,15525,139,119.27,2
20240720,4,824,8,6.84,0
20240721,4,7692,63,43.19,1
20240722,4,1036,9,5.74,0
20240723,4,848,7,4.82,0
20240724,4,7159,68,49.14,1
20240725,4,6029,58,44.35,1
20240726,4,13271,133,103.43,2
20240727,4,7381,68,45.26,1
20240728,4,641,6,4.69,0
20240729,4,8184,75,52.81,1
20240730,4,6927,64,49.05,1
20240731,4,1229,11,7.59,0
20240801,4,6478,60,47.45,1
20240802,4,6997,71,42.79,1
20240803,4,12388,112,86.59,2
20240804,4,671,6,4.3,0
20240805,4,12959,117,86.13,2
20240806,4,6673,59,47.76,1
20240807,4,884,8,5.31,0
20240808,4,15530,137,92.77,2
20240809,4,628,6,4.32,0
20240810,4,6109,58,41.01,1
20240811,4,6303,64,43.3,1
20240812,4,786,7,5.26,0
20240813,4,15324,139,102.53,2
20240814,4,884,8,6.3,0
20240815,4,8203,74,50.82,1
20240816,4,1258,12,7.93,0
20240817,4,619,5,3.98,0
20240818,4,6877,63,45.14,1
20240819,4,10753,108,77.29,2
20240820,4,724,7,4.99,0
20240821,4,13019,125,94.05,2
20240822,4,1067,10,6.47,0
20240823,4,7331,63,45.87,1
20240824,4,1292,11,7.71,0
20240825,4,704,6,4.07,0
20240826,4,21524,179,144.5,3
20240827,4,1379,13,8.26,0
20240828,4,7303,71,43.03,1
20240829,4,6567,60,42.25,1
20240830,4,1070,10,6.8,0
20240831,4,7948,72,41.57,1
20240901,4,543,5,4.42,0
20240902,4,1148,9,6.66,0
20240903,4,15330,139,107.55,2
20240904,4,15912,138,99.08,2
20240905,4,7888,70,53.13,1
20240906,4,1220,11,8.05,0
20240907,4,7159,61,48.09,1
20240908,4,600,5,3.83,0
20240909,4,17169,146,106.71,2
20240910,4,8955,73,53.82,1
20240911,4,603,5,3.98,0
20240912,4,1076,9,6.91,0
20240913,4,1226,10,6.45,0
20240914,4,545,5,4.12,0
20240915,4,7719,65,49.63,1
20240916,4,9815,78,56.41,1
20240917,4,1499,13,9.55,0
20240918,4,9264,77,52.13,1
20240919,4,18768,182,135.03,3
20240920,4,782,7,4.95,0
20240921,4,9099,74,53.25,1
20240922,4,7073,65,45.32,1
20240923,4,1008,9,7.37,0
20240924,4,8110,71,59.18,1
20240925,4,7685,75,50.73,1
20240926,4,1552,13,9.4,0
20240927,4,1376,13,9.02,0
20240928,4,16740,145,111.02,2
20240929,4,8346,74,54.74,1
20240930,4,1061,9,6.66,0
20241001,4,22426,191,141.96,3
20241002,4,1272,11,8.24,0
20241003,4,1516,12,9.79,0
20241004,4,1656,15,10.47,0
20241005,4,8732,78,59.13,1
20241006,4,23309,189,145.28,3
20241007,4,11703,108,82.65,2
20241008,4,7439,72,51.79,1
20241009,4,22883,195,160.7,3
20241010,4,8866,75,47.08,1
20241011,4,1371,13,9.11,0
20241012,4,7597,69,53.47,1
20241013,4,1478,13,8.72,0
20241014,4,1182,11,7.25,0
20241015,4,999,9,6.75,0
20241016,4,932,9,6.52,0
20241017,4,15024,133,103.61,2
20241018,4,21011,191,151.64,3
20241019,4,634,6,4.65,0
20241020,4,9936,76,61.6,1
20241021,4,949,9,5.91,0
20241022,4,1164,10,7.19,0
20241023,4,1205,11,9.04,0
20241024,4,1022,10,7.77,0
20241025,4,575,5,4.42,0
20241026,4,1161,10,7.14,0
20241027,4,680,6,4.49,0
20241028,4,1232,10,7.02,0
20241029,4,14554,147,114.13,2
20241030,4,566,5,3.92,0
20241031,4,7473,73,50.64,1
20241101,4,13258,115,73.57,2
20241102,4,22895,203,174.23,4
20241103,4,20719,194,149.44,3
20241104,4,966,8,5.88,0
20241105,4,8189,72,52.86,1
20241106,4,857,8,4.99,0
20241107,4,7329,64,48.36,1
20241108,4,9778,84,60.06,1
20241109,4,952,9,6.86,0
20241110,4,728,7,5.47,0
20241111,4,927,9,5.27,0
20241112,4,1885,16,12.29,0
20241113,4,1406,12,9.34,0
20241114,4,22230,191,145.64,3
20241115,4,7153,66,48.13,1
20241116,4,16414,135,100.56,2
20241117,4,17814,147,110.77,2
20241118,4,9805,83,63.31,1
20241119,4,8143,68,52.55,1
20241120,4,13097,122,92.82,2
20241121,4,7007,65,56.22,1
20241122,4,8508,73,51.48,1
20241123,4,17871,156,113.06,2
20241124,4,8704,66,55.88,1
20241125,4,8265,71,52.39,1
20241126,4,7358,70,56.25,1
20241127,4,934,8,6.07,0
20241128,4,10282,85,62.14,1
20241129,4,626,6,4.59,0
20241130,4,8359,69,53.77,1
20241201,4,13633,132,87.27,2
20241202,4,953,10,7.83,0
20241203,4,913,8,5.63,0
20241204,4,6838,65,53.41,1
20241205,4,1002,8,6.66,0
20241206,4,8795,70,60.66,1
20241207,4,951,8,6.45,0
20241208,4,7555,70,50.58,1
20241209,4,1361,12,9.39,0
20241210,4,1262,11,7.44,0
20241211,4,8089,66,59.93,1
20241212,4,1029,9,7.59,0
20241213,4,8136,69,53.19,1
20241214,4,15709,131,106.27,2
20241215,4,16152,134,96.46,2
20241216,4,1122,10,7.15,0
20241217,4,17301,146,91.2,2
20241218,4,7948,70,52.78,1
20241219,4,757,6,4.65,0
20241220,4,15640,142,110.46,2
20241221,4,14883,133,99.96,2
20241222,4,8404,73,56.6,1
20241223,4,6410,57,45.91,1
20241224,4,7301,68,45.11,1
20241225,4,29361,237,190.09,4
20241226,4,792,7,4.87,0
20241227,4,8968,73,57.37,1
20241228,4,6781,60,49.2,1
20241229,4,1385,12,9.43,0
20241230,4,910,8,5.93,0
20241231,4,1080,10,7.75,0
20250101,4,649,6,4.58,0
20250102,4,8306,78,51.59,1
20250103,4,7799,67,46.83,1
20250104,4,7629,70,51.51,1
20250105,4,8051,73,49.47,1
20250106,4,581,5,3.84,0
20250107,4,452,4,3.28,0
20250108,4,1032,9,6.81,0
20250109,4,11297,108,80.87,2
20250110,4,11701,108,88.15,2
20250111,4,7312,63,49.43,1
20250112,4,933,8,5.68,0
20250113,4,645,6,4.19,0
20250114,4,420,4,2.71,0
20250115,4,670,6,4.65,0
20250116,4,438,4,3.69,0
20250117,4,4842,46,30.73,1
20250118,4,690,6,4.09,0
20250119,4,7476,66,45.41,1
20250120,4,13379,121,93.35,2
20250121,4,7243,62,47.35,1
20250122,4,823,8,5.6,0
20250123,4,6898,59,48.03,1
20250124,4,794,7,5.38,0
20250125,4,406,4,3.03,0
20250126,4,7897,62,51.26,1
20250127,4,7085,63,39.92,1
20250128,4,711,6,4.38,0
20250129,4,798,7,4.86,0
20250130,4,735,6,4.93,0
20250131,4,8041,69,51.99,1
20250201,4,8308,73,54.73,1
20250202,4,15844,141,96.7,2
20250203,4,648,6,4.85,0
20250204,4,14286,109,74.04,2
20250205,4,919,8,6.5,0
20250206,4,691,6,4.12,0
20250207,4,1030,9,6.43,0
20250208,4,341,3,2.86,0
20250209,4,839,7,6.14,0
20250210,4,8136,65,42.89,1
20250211,4,8108,72,51.71,1
20250212,4,969,8,6.04,0
20250213,4,20940,188,170.12,3
20250214,4,845,7,5.64,0
20250215,4,7445,68,56.41,1
20250216,4,14428,126,97.44,2
20250217,4,6843,60,41.36,1
20250218,4,8689,75,48.86,1
20250219,4,7604,65,46.95,1
20250220,4,695,6,5.91,0
20250221,4,426,4,3.19,0
20250222,4,1252,10,8.08,0
20250223,4,1187,10,7.0,0
20250224,4,1286,12,8.63,0
20250225,4,1196,11,9.11,0
20250226,4,23398,222,154.47,3
20250227,4,7568,66,50.04,1
20250228,4,989,8,5.54,0
20250301,4,733,6,5.03,0
20250302,4,582,5,4.15,0
20250303,4,8518,78,62.12,1
20250304,4,929,8,6.48,0
20250305,4,14344,123,91.86,2
20250306,4,781,7,5.77,0
20250307,4,7306,64,46.05,1
20250308,4,15381,131,104.69,2
20250309,4,21739,179,116.28,3
20250310,4,7672,71,50.53,1
20250311,4,14716,137,124.89,2
20250312,4,731,6,4.74,0
20250313,4,1289,11,8.6,0
20250314,4,989,9,6.73,0
20250315,4,21929,179,124.57,3
20250316,4,14219,127,94.17,2
20250317,4,700,6,4.53,0
20250318,4,1108,9,8.22,0
20250319,4,1029,10,7.93,0
20250320,4,1052,9,7.03,0
20250321,4,7101,64,49.33,1
20250322,4,857,7,5.49,0
20250323,4,15858,152,104.1,2
20250324,4,7642,75,48.96,1
20250325,4,877,7,5.39,0
20250326,4,463,4,3.0,0
20250327,4,17983,170,116.33,3
20250328,4,943,8,5.22,0
20250329,4,559,5,4.28,0
20250330,4,9886,78,57.21,1
20250331,4,961,8,6.06,0
20250401,4,788,7,5.44,0
20250402,4,1069,9,7.05,0
20250403,4,7848,67,48.63,1
20250404,4,1130,9,6.79,0
20250405,4,14442,131,104.29,2
20250406,4,1118,9,6.6,0
20250407,4,627,6,4.74,0
20250408,4,717,6,4.64,0
20250409,4,547,5,4.0,0
20250410,4,7368,67,46.6,1
20250411,4,14361,118,90.13,2
20250412,4,15320,129,94.37,2
20250413,4,7076,60,45.7,1
20250414,4,587,5,4.48,0
20250415,4,16995,137,107.43,2
20250416,4,778,7,6.76,0
20250417,4,1077,9,6.88,0
20250418,4,15026,130,98.0,2
20250419,4,432,4,3.2,0
20250420,4,1109,10,7.74,0
20250421,4,1192,10,7.59,0
20250422,4,7768,72,50.66,1
20250423,4,993,9,6.44,0
20250424,4,6950,58,42.07,1
20250425,4,10425,88,72.81,1
20250426,4,7140,66,43.55,1
20250427,4,548,5,4.0,0
20250428,4,13454,107,72.86,2
20250429,4,8178,67,53.48,1
20250430,4,7385,67,50.0,1
20250501,4,987,8,5.48,0
20250502,4,329,3,2.83,0
20250503,4,11361,111,69.63,2
20250504,4,8544,76,57.87,1
20250505,4,8871,73,58.89,1
20250506,4,455,4,3.27,0
20250507,4,648,6,4.3,0
20250508,4,7774,68,49.74,1
20250509,4,7821,70,58.97,1
20250510,4,7845,65,54.53,1
20250511,4,961,8,6.42,0
20250512,4,654,6,5.2,0
20250513,4,8406,70,51.79,1
20250514,4,9676,72,56.72,1
20250515,4,938,8,6.19,0
20250516,4,678,6,4.21,0
20250517,4,864,8,6.39,0
20250518,4,1356,13,8.82,0
20250519,4,7675,67,49.31,1
20250520,4,1217,11,7.55,0
20250521,4,8689,76,60.65,1
20250522,4,14769,131,94.62,2
20250523,4,29934,257,171.62,4
20250524,4,22284,198,163.74,3
20250525,4,842,7,5.27,0
20250526,4,1125,11,8.42,0
20250527,4,1463,11,7.66,0
20250528,4,15812,142,119.68,2
20250529,4,1131,10,7.55,0
20250530,4,6875,61,44.99,1
20250531,4,12869,104,69.01,2
20250601,4,892,7,6.6,0
20250602,4,1223,11,10.13,0
20250603,4,7447,70,60.49,1
20250604,4,10127,89,64.59,1
20250605,4,9340,85,63.32,1
20250606,4,14936,126,100.18,2
20250607,4,17186,152,109.39,2
20250608,4,7609,71,50.43,1
20250609,4,25744,219,189.88,3
20250610,4,7414,69,53.04,1
20250611,4,8400,66,46.9,1
20250612,4,1317,11,9.41,0
20250613,4,893,8,6.27,0
20250614,4,1030,10,6.85,0
20250615,4,9226,80,56.27,1
20250616,4,9703,79,58.27,1
20250617,4,1134,11,8.35,0
20250618,4,9191,79,62.2,1
20250619,4,888,8,6.71,0
20250620,4,1414,12,9.24,0
20250621,4,20039,175,130.59,3
20250622,4,1195,10,8.82,0
20250623,4,605,6,4.93,0
20250624,4,8174,76,57.83,1
20250625,4,935,9,6.96,0
20250626,4,8722,72,53.76,1
20250627,4,26946,209,147.28,3
20250628,4,588,5,4.68,0
20250629,4,1093,11,7.99,0
20250630,4,8249,70,55.39,1
20250701,4,868,8,5.37,0
20250702,4,8237,67,54.7,1
20250703,4,18836,155,109.01,2
20250704,4,8017,69,61.61,1
20250705,4,19768,194,173.43,3
20250706,4,15374,142,114.89,2
20250707,4,654,5,4.29,0
20250708,4,1334,12,9.44,0
20250709,4,1115,9,6.67,0
20250710,4,844,7,5.63,0
20250711,4,8304,74,57.76,1
20250712,4,958,9,7.82,0
20250713,4,534,5,3.64,0
20250714,4,1135,10,8.35,0
20250715,4,8390,74,55.82,1
20250716,4,6621,62,45.42,1
20250717,4,16543,130,104.15,2
20250718,4,830,8,6.22,0
20250719,4,1089,9,5.81,0
20250720,4,16988,149,111.52,2
20250721,4,7637,64,41.77,1
20250722,4,621,5,3.76,0
20250723,4,563,5,4.05,0
20250724,4,914,8,6.47,0
20250725,4,12010,103,74.91,2
20250726,4,8420,72,53.89,1
20250727,4,634,6,4.97,0
20250728,4,508,5,4.16,0
20250729,4,645,6,4.03,0
20250730,4,1026,9,7.91,0
20250731,4,14964,117,94.22,2
20250801,4,670,6,4.2,0
20250802,4,780,7,5.09,0
20250803,4,8193,74,45.28,1
20250804,4,8942,72,57.96,1
20250805,4,551,5,3.45,0
20250806,4,7499,71,55.65,1
20250807,4,7875,64,61.44,1
20250808,4,1002,9,7.95,0
20250809,4,25339,208,152.53,3
20250810,4,17632,151,108.88,2
20250811,4,614,5,4.64,0
20250812,4,711,6,4.5,0
20250813,4,1303,11,9.72,0
20250814,4,1133,10,9.27,0
20250815,4,8364,76,62.54,1
20250816,4,21480,199,170.61,3
20250817,4,15577,129,109.64,2
20250818,4,1137,10,7.62,0
20250819,4,992,8,6.57,0
20250820,4,1169,10,7.22,0
20250821,4,8227,71,61.78,1
20250822,4,860,7,5.06,0
20250823,4,23707,211,174.24,3
20250824,4,15482,132,112.85,2
20250825,4,1612,14,10.64,0
20250826,4,7883,73,54.27,1
20250827,4,8586,72,55.85,1
20250828,4,7401,67,48.96,1
20250829,4,746,7,5.86,0
20250830,4,7919,74,53.79,1
20250831,4,941,8,5.83,0
20250901,4,8259,67,55.15,1
20250902,4,728,6,5.2,0
20250903,4,9211,72,54.78,1
20250904,4,13954,125,85.87,2
20250905,4,779,7,6.42,0
20250906,4,1733,15,10.97,0
20250907,4,27422,217,200.41,3
20250908,4,1308,11,8.68,0
20250909,4,643,6,4.96,0
20250910,4,20870,186,141.0,3
20250911,4,14437,130,104.33,2
20250912,4,7445,78,80.38,1
20250913,4,7762,68,52.13,1
20250914,4,20145,152,132.39,2
20250915,4,8583,69,54.66,1
20250916,4,9033,79,68.52,1
20250917,4,7445,64,42.91,1
20250918,4,8944,76,69.71,1
20250919,4,823,7,5.6,0
20250920,4,1587,13,9.77,0
20250921,4,8544,75,63.59,1
20250922,4,7502,70,55.68,1
20250923,4,735,7,4.76,0
20250924,4,1894,18,11.67,0
20250925,4,9011,73,66.1,1
20250926,4,1400,12,9.46,0
20250927,4,1069,9,6.5,0
20250928,4,7989,71,53.42,1
20250929,4,15116,129,114.29,2
20250930,4,8747,74,56.2,1
20251001,4,7267,68,56.24,1
20251002,4,8580,74,57.03,1
20251003,4,1389,12,8.26,0
20251004,4,6714,59,50.01,1
20251005,4,8290,74,63.97,1
20251006,4,1232,11,8.35,0
20251007,4,850,8,6.14,0
20251008,4,26598,211,167.66,3
20251009,4,9958,87,71.01,1
20251010,4,1174,10,9.4,0
20251011,4,713,6,4.24,0
20251012,4,15506,139,106.77,2
20251013,4,864,8,6.61,0
20251014,4,847,7,5.18,0
20251015,4,844,8,5.61,0
20251016,4,9036,71,56.39,1
20251017,4,7892,70,57.94,1
20251018,4,739,6,4.61,0
20251019,4,1578,13,9.89,0
20251020,4,7800,67,48.91,1
20251021,4,8736,73,58.68,1
20251022,4,10546,76,60.76,1
20251023,4,1352,12,10.08,0
20251024,4,15392,138,111.77,2
20251025,4,23605,200,163.03,3
20251026,4,8420,71,62.42,1
20251027,4,1674,14,11.81,0
20251028,4,16714,129,106.39,2
20251029,4,8998,69,47.41,1
20251030,4,1449,13,11.37,0
20251031,4,13495,123,95.08,2
20251101,4,1919,17,13.94,0
20251102,4,14179,124,88.98,2
20251103,4,7256,65,61.29,1
20251104,4,8406,75,48.47,1
20251105,4,19135,156,139.04,2
20251106,4,20670,179,146.85,3
20251107,4,16202,136,92.23,2
20251108,4,15715,132,123.15,2
20251109,4,14321,131,108.16,2
20251110,4,8628,81,52.89,1
20251111,4,16982,126,96.88,2
20251112,4,16765,141,116.63,2
20251113,4,1193,10,9.42,0
20251114,4,2185,20,15.38,0
20251115,4,10605,83,53.23,1
20251116,4,1261,9,8.4,0
20251117,4,9144,82,68.09,1
20251118,4,1659,15,9.97,0
20251119,4,19301,148,120.9,2
20251120,4,1299,11,8.69,0
20251121,4,7805,73,56.38,1
20251122,4,24382,195,144.73,3
20251123,4,10486,90,67.83,1
20251124,4,7960,70,54.05,1
20251125,4,26311,206,168.48,3
20251126,4,33111,273,231.24,4
20251127,4,11031,85,57.11,1
20251128,4,1777,15,12.43,0
20251129,4,25950,211,174.77,3
20251130,4,7298,63,50.51,1
20251201,4,9373,83,63.67,1
20251202,4,8851,82,72.95,1
20251203,4,1428,14,12.72,0
20251204,4,9387,81,62.45,1
20251205,4,957,8,5.99,0
20251206,4,1200,10,8.29,0
20251207,4,10571,85,75.2,1
20251208,4,2057,18,13.62,0
20251209,4,1572,13,9.84,0
20251210,4,1366,12,9.99,0
20251211,4,26326,212,154.63,3
20251212,4,18718,155,105.98,2
20251213,4,8354,73,54.22,1
20251214,4,21301,180,148.79,3
20251215,4,1054,8,6.95,0
20251216,4,8348,71,53.59,1
20251217,4,19724,160,126.79,2
20251218,4,9523,87,70.16,1
20251219,4,776,7,5.3,0
20251220,4,10108,75,56.35,1
20251221,4,8625,77,63.21,1
20251222,4,8038,70,50.58,1
20251223,4,10152,79,59.54,1
20251224,4,7473,67,52.35,1
20251225,4,1143,9,7.19,0
20251226,4,8453,77,54.46,1
20251227,4,10147,83,65.44,1
20251228,4,31563,245,176.95,3
20251229,4,12636,122,92.52,2
20251230,4,10713,83,70.82,1
20251231,4,10002,81,64.04,1
